image_path,angle1,angle2,angle3
aa1ff635-c136-4f15-be54-d4721cae10b4.jpg,0.0,0.0,0.0
6fd49e51-38e9-45e8-bada-f6bb5ea52b83.jpg,0.0,0.0,0.0
c7283acc-5304-49cd-9fe5-73499974fe9b.jpg,0.0,0.0,0.0
fee63b62-7e34-445d-b481-1bf0049007c2.jpg,0.0,0.0,0.0
a1b19ed3-b931-4dbd-b387-564170b69fc9.jpg,0.0,0.0,0.0
33582b08-b6d1-4d12-b5ca-0c7931212b3f.jpg,0.0,0.0,0.0
2f7a84a1-124b-41a1-978d-f9cd04675f1b.jpg,0.0,0.0,0.0
98095a6a-1732-4241-9b75-3939d2f6b485.jpg,0.0,0.0,0.0
cd65c721-adc7-495f-8450-25c761115941.jpg,0.0,0.0,0.0
d9673149-be20-4b8f-af19-43e8ceb8fd37.jpg,0.0,0.0,0.0
491bc248-19f0-4c29-8b23-0fbac1dd90d6.jpg,0.0,0.0,0.0
2860d628-5ff5-4e6b-aa7d-62ec0ac6cffe.jpg,0.0,0.0,0.0
af47d400-79b6-407f-876f-2b888e746811.jpg,0.0,0.0,0.0
b5467247-e3f3-4bc9-824f-36600eca0945.jpg,0.0,0.0,0.0
64241ef4-574c-4ef2-9c04-b1cdb53caf35.jpg,0.0,0.0,0.0
b04d5256-a876-4cb1-8fe0-01ea91a7c8ed.jpg,0.0,0.0,0.0
768ccbf6-2dcb-4b89-90a6-f1f2a7a7f227.jpg,0.0,0.0,0.0
02cd8557-2c65-4534-8ce2-c9e464b303b2.jpg,0.0,0.0,0.0
f7f916d8-45de-4c03-a483-49a99d891972.jpg,0.0,0.0,0.0
3a467b88-3654-44d4-95d3-d0bf2cae5d71.jpg,0.0026474400565527443,0.016634356464970895,0.016634356464970895
c4c4947e-8637-4cc2-8735-a20ed5431540.jpg,0.010295743534166252,0.06469006450036262,0.06469006450036262
f1bae875-9b6d-4a2b-80a9-59b84f2ff9ed.jpg,0.04911679304157034,0.3086099123745753,0.3086099123745753
f224edab-da10-4162-850d-6a59a10109af.jpg,0.08709972333664309,0.5472637019282028,0.5472637019282028
e093fa0e-07d0-43b9-bda9-16e85ddc4b27.jpg,0.11201282596422722,0.7037973423140965,0.7037973423140965
a3bfef67-cf6c-48ac-857b-7656f1939cd5.jpg,0.14683231954708884,0.9225746727973665,0.9225746727973665
61bda145-449a-4457-951b-729a7033da07.jpg,0.21163375812973356,1.3297341195839403,1.3297341195839403
11d321fb-1ddf-4d26-9f54-f0ac0b54c498.jpg,0.24457570745567347,1.5367144915785405,1.5367144915785405
38073456-2edb-408e-a5d6-b6cb53011d2d.jpg,0.2430710507636165,1.5272604547586583,1.5272604547586583
dce5fdd2-ad6c-41a2-a0da-731893b61875.jpg,0.2514802849244677,1.5800972312827517,1.5800972312827517
61713e30-2133-4917-a8d5-a7214e64fb49.jpg,0.2528354768254955,1.588612153123698,1.588612153123698
e95988fd-9cef-4114-b860-435fc0e3f6bd.jpg,0.24439211585030315,1.5355609515011561,1.5355609515011561
ffcd3066-f406-485b-9e13-e49f3e9a02f1.jpg,0.2422254385524778,1.5219473165380601,1.5219473165380601
72443aa3-d63b-439c-803f-85aad1845803.jpg,0.24306051445982965,1.527194253209513,1.527194253209513
3ef9a148-8c66-4693-b06d-a3560382f254.jpg,0.25025929139223263,1.5724255026608507,1.5724255026608507
3e8e3c7b-efa8-4f13-8f02-98588ce56e12.jpg,0.25588957583788075,1.6078016231649888,1.6078016231649888
c9813163-ba48-4231-8932-1b12731d72b1.jpg,0.24607044223199995,1.5461061871632853,1.5461061871632853
5f84075a-cbf7-419a-b107-4aa19c115273.jpg,0.2474222460494814,1.554599821047474,1.554599821047474
b3506170-ec58-4ff6-9539-8b744670ffde.jpg,0.24973370469575276,1.5691231440518794,1.5691231440518794
8d7844a9-50ab-4d06-92b8-b67d0fc6af21.jpg,0.24574177962356147,1.5440411390909252,1.5440411390909252
3da747f8-58c4-4bd9-b402-4d467a4073e4.jpg,0.24609025822148056,1.546230694697237,1.546230694697237
4e0d507d-d643-47d5-bfdf-80763a09600e.jpg,0.24901770119163127,1.5646243613548942,1.5646243613548942
cfae3102-7ff6-4b9a-815b-2da200b0da47.jpg,0.26038941011372696,1.6360749157717287,1.6360749157717287
aa7c0ef2-16ab-44ec-9a2a-8001564c709f.jpg,0.24651627203895832,1.5489074184558687,1.5489074184558687
ef6399bc-863a-492c-8489-eece92276131.jpg,0.2503564058128506,1.573035690561593,1.573035690561593
86592fa0-1f1f-453e-9708-048e9bdf8df3.jpg,0.24961043997970736,1.5683486489991292,1.5683486489991292
57699cab-15f7-426b-be67-77c5c2d20335.jpg,0.24658623420335865,1.5493470036992874,1.5493470036992874
9a1de646-629e-4006-85b6-2e8c9955368f.jpg,0.2433645206460329,1.5291043804119568,1.5291043804119568
d0ddc50b-8997-46d7-a6ea-1179b0f2b4cb.jpg,0.2557322595078428,1.606813175511515,1.606813175511515
e1c00e50-1b93-49cd-bcac-611f28666426.jpg,0.2483006948632173,1.5601192777270487,1.5601192777270487
337444bd-c484-45d9-a2d3-5462c76382f1.jpg,0.2530574261362735,1.5900067017721171,1.5900067017721171
9a31151b-6613-42e6-bc59-b3ad5174baeb.jpg,0.2547384143136266,1.6005686619896047,1.6005686619896047
e1ed994e-148a-4f95-bf94-5753208d1a06.jpg,0.24793255082629875,1.5578061605233564,1.5578061605233564
b713e886-14e0-4118-a0cd-7c5f25658020.jpg,0.2430298594175306,1.5270016418981487,1.5270016418981487
39508f2e-dee9-4b97-97e3-823780a3184e.jpg,0.2549028724047384,1.6016019826513253,1.6016019826513253
47b0e972-29e2-431b-a7e5-ad21fa0e234f.jpg,0.25066427390354323,1.5749700828255822,1.5749700828255822
04d3e7ce-8c92-4015-ba00-c54a90d67712.jpg,0.24801403500787852,1.558318140735826,1.558318140735826
471b17c7-58b2-4ef3-89b2-ec2c57b1d70c.jpg,0.2469934845969403,1.5519058333885827,1.5519058333885827
cfb89748-7413-4408-8d82-0e14fa049866.jpg,0.2542630284373522,1.5975817244365567,1.5975817244365567
5d9bbe89-0047-4bc7-abab-6cfe44aefdda.jpg,0.2521478541073446,1.5842916921641295,1.5842916921641295
64301c4d-0cb3-43b3-b632-64e1bed192df.jpg,0.2518098814376542,1.5821681472517026,1.5821681472517026
dd641684-d391-4b8a-91ce-b8ae6e6663f5.jpg,0.25524685209605374,1.603763270793766,1.603763270793766
4721eca1-bcd3-43c5-9a50-98bacf366c2d.jpg,0.2547353425648544,1.6005493616228519,1.6005493616228519
279f6107-f1ed-4f67-83d0-78a740e96fdb.jpg,0.2529725165013439,1.5894731988014894,1.5894731988014894
a6034310-8ab7-473f-9a2e-da5598d72885.jpg,0.25462295262448637,1.5998431948008567,1.5998431948008567
7874f0c9-ce8d-48c4-9921-466420e066a6.jpg,0.2589024847169213,1.6267322879656472,1.6267322879656472
0e8ce9a7-8743-4d3f-87dc-1b16a455c543.jpg,0.26324591302097183,1.6540228528684455,1.6540228528684455
a44d9e92-1751-41d8-a7b4-e04ff8c6740a.jpg,0.2797907990898477,1.7579774379253668,1.7579774379253668
23169811-d3ea-4e52-b8fa-25292375d780.jpg,0.32367566687065746,2.0337141943732693,2.0337141943732693
df4d71bf-7eeb-4bb2-aaa2-e71d9c6b58bd.jpg,0.3186903141892666,2.002390299654446,2.002390299654446
8a467890-523f-4eb5-ac6c-0cd150cb6352.jpg,0.34964612814140755,2.196891415050323,2.196891415050323
cdc2f0c3-b9aa-47c8-ad74-09b0b0f962a6.jpg,0.37432535385283844,2.351955563432954,2.351955563432954
6f2afbbf-9988-4f7d-8d14-686e73dad0b7.jpg,0.4114710136924047,2.5853486275624076,2.5853486275624076
4e5f43df-00b5-425b-bae8-308a276bb3c2.jpg,0.4723097372146023,2.9676096013046407,2.9676096013046407
1b787337-e2e9-41b6-81b0-2afdd56fad75.jpg,0.4774523544488601,2.9999216183513777,2.9999216183513777
14bb3a9c-cf0e-4d20-892e-5ba5ed252ee0.jpg,0.5,3.141592653589793,3.141592653589793
61de1000-5827-4f40-ab75-ac09086175ad.jpg,0.5,3.141592653589793,3.141592653589793
401fba71-4654-46f2-a978-5c8b81628c5e.jpg,0.5,3.141592653589793,3.141592653589793
97d849c5-b7f8-4df5-b196-706533e1a9a3.jpg,0.5,3.141592653589793,3.141592653589793
e75d1748-95c4-466b-8527-a4fcfbfe0789.jpg,0.5,3.141592653589793,3.141592653589793
f35fe2f7-205a-49e5-8b0b-2af1ec864315.jpg,0.5,3.141592653589793,3.141592653589793
27970070-a476-4885-bffe-4558730812d7.jpg,0.5,3.141592653589793,3.141592653589793
73a2ce59-6004-4fe6-92a4-768e0d52e1dd.jpg,0.5,3.141592653589793,3.141592653589793
4da47051-e62c-47b4-8ea3-c7f691ad4f32.jpg,0.5,3.141592653589793,3.141592653589793
58a111a2-6dc2-41d2-986c-aa16bd2c9a98.jpg,0.5,3.141592653589793,3.141592653589793
ee94b31b-f77f-48c7-8314-cb4681a4d1ad.jpg,0.5,3.141592653589793,3.141592653589793
314466f7-a1f8-431c-826e-e8d3cfd7d09f.jpg,0.5,3.141592653589793,3.141592653589793
2054f415-3de8-44a5-bbe0-239417aff8e2.jpg,0.5,3.141592653589793,3.141592653589793
de80fd66-1cc2-4942-b215-b3ca7f400af4.jpg,0.5,3.141592653589793,3.141592653589793
7cbbe4a5-2e73-4731-8902-5775dfd83c90.jpg,0.5,3.141592653589793,3.141592653589793
b62a4555-4802-450a-b68b-f810d2071778.jpg,0.5,3.141592653589793,3.141592653589793
4dad97f3-e479-4ada-97dc-6703c9189646.jpg,0.5,3.141592653589793,3.141592653589793
ea5377f0-1465-4f5b-b614-dfbca7bc215f.jpg,0.5,3.141592653589793,3.141592653589793
ae21c611-125e-4528-811f-7db44d63bf7c.jpg,0.5,3.141592653589793,3.141592653589793
a2b8e123-213d-4852-8123-270fe2f84e34.jpg,0.5,3.141592653589793,3.141592653589793
98fd262f-c0e4-47bd-b876-d00e0463f6d6.jpg,0.5,3.141592653589793,3.141592653589793
b9325cfb-1bfe-47b7-9e7d-775bf2efc1ff.jpg,0.5,3.141592653589793,3.141592653589793
e721e989-b732-401e-ad2d-393fd51dcf2a.jpg,0.5,3.141592653589793,3.141592653589793
ee5454a2-3705-46b4-b539-4619f8b4e1c6.jpg,0.5,3.141592653589793,3.141592653589793
6a2a9b1a-e470-4fbe-854f-73d7ca429097.jpg,0.5,3.141592653589793,3.141592653589793
0994acac-85dc-45cf-88c0-55a8954e89c7.jpg,0.5,3.141592653589793,3.141592653589793
6540fde4-b1e5-4546-9c2e-548bf314aca7.jpg,0.5,3.141592653589793,3.141592653589793
84f4dabd-25ef-413e-8cd2-d483b2ed6dc3.jpg,0.5,3.141592653589793,3.141592653589793
fca5dd61-0007-4668-9d78-21372a08c51e.jpg,0.5,3.141592653589793,3.141592653589793
e2e136ee-c646-4bfa-b389-7c7558cfe79d.jpg,0.5,3.141592653589793,3.141592653589793
1c3ffe97-2a9c-418c-8878-a7888464f496.jpg,0.5,3.141592653589793,3.141592653589793
7bb7fad3-1d3c-4454-b075-bdac289a4f96.jpg,0.5,3.141592653589793,3.141592653589793
097433e8-dfd8-4bdb-a28d-43cc850c60e8.jpg,0.5,3.141592653589793,3.141592653589793
218956a9-21d4-475a-a7c5-3c0fb0bb9e43.jpg,0.5,3.141592653589793,3.141592653589793
219b506b-c9ec-432e-9fa9-d3580ff6f3ad.jpg,0.5,3.141592653589793,3.141592653589793
c71674dc-78de-470c-a15a-25eca74645cf.jpg,0.5,3.141592653589793,3.141592653589793
8a0cbdac-8edd-471f-8d54-bc4091725c9c.jpg,0.5,3.141592653589793,3.141592653589793
dfb416e8-f45d-4733-bfef-9f519ef5e9c3.jpg,0.5,3.141592653589793,3.141592653589793
9651d415-ca1e-4f0f-ace0-5285e3ca6fde.jpg,0.5,3.141592653589793,3.141592653589793
b48822a8-95fa-46a9-a131-7dfa3fcca5c0.jpg,0.5,3.141592653589793,3.141592653589793
05552afb-5697-48ae-8b07-d4015a2f4aa0.jpg,0.5,3.141592653589793,3.141592653589793
8d6a8826-1a79-4af3-9c30-adb1a003790e.jpg,0.5,3.141592653589793,3.141592653589793
c3364866-e04f-47e8-bc3e-b27dd6c0a28b.jpg,0.5,3.141592653589793,3.141592653589793
eee9bf58-b22e-4550-b437-db2030a5d94d.jpg,0.5,3.141592653589793,3.141592653589793
c74f4201-5385-41aa-9426-aafd580260c9.jpg,0.5,3.141592653589793,3.141592653589793
daaae616-effd-4855-9ea8-1092f323ac9e.jpg,0.5,3.141592653589793,3.141592653589793
4905d542-cd3e-4d88-ae72-d1fb8410405e.jpg,0.5,3.141592653589793,3.141592653589793
bd2a9922-2f4d-43c1-a133-fe746b38e9d5.jpg,0.5,3.141592653589793,3.141592653589793
944fc60d-e475-4695-b0a1-af9674fc6087.jpg,0.5,3.141592653589793,3.141592653589793
9a559a96-d675-47b3-89b3-2163fd7e800e.jpg,0.5,3.141592653589793,3.141592653589793
b666501a-f1cc-4f77-8e4e-3bd782cf950e.jpg,0.5,3.141592653589793,3.141592653589793
a5f861f6-f550-45f1-a8f5-9bf29ed6183f.jpg,0.5,3.141592653589793,3.141592653589793
83909677-e49d-4e47-b506-fc6b18b0d6a7.jpg,0.5,3.141592653589793,3.141592653589793
c829054c-dd16-402b-9479-353dda5c4ad3.jpg,0.5,3.141592653589793,3.141592653589793
052e8025-4e2f-41fc-95a3-6ebd91f1a8a0.jpg,0.5,3.141592653589793,3.141592653589793
b317af59-e16f-4860-8175-63df366f8fc7.jpg,0.5,3.141592653589793,3.141592653589793
83ed959a-3941-4660-ad86-949a43c6186e.jpg,0.5,3.141592653589793,3.141592653589793
06859020-30c3-4bcc-a957-649993520b01.jpg,0.5,3.141592653589793,3.141592653589793
a44a795a-e2be-408a-8167-82087be3a4d6.jpg,0.5,3.141592653589793,3.141592653589793
c97bb5da-1a90-49f5-ae49-e07d604e390a.jpg,0.5,3.141592653589793,3.141592653589793
134a1d1f-027b-4ffd-8f0d-33465a887e4f.jpg,0.483538672562078,3.0381630828951693,3.0381630828951693
d65ce8d2-b53b-4a70-87e2-54b70a1b84bd.jpg,0.44582931437244394,2.8012281975748885,2.8012281975748885
1667ee8a-dba3-4faf-8dfd-55c4ad39d235.jpg,0.4163423647741354,2.6159562291052514,2.6159562291052514
f43a82cd-c34f-4b53-b6a8-0f186f1f9660.jpg,0.41509178912753847,2.608098630577037,2.608098630577037
b621e33c-2192-4680-9010-b23eb55fcdce.jpg,0.3866599927405837,2.429456385261801,2.429456385261801
a33225ea-0682-4628-8644-29f8d7edccdc.jpg,0.3779266597633486,2.3745832358165306,2.3745832358165306
8832ca40-62b9-49c4-8a26-014f518107af.jpg,0.3702766077266883,2.3265165412606272,2.3265165412606272
919161b8-7502-48c8-99fd-ec8d06b94ad1.jpg,0.34964882554980864,2.196908363367156,2.196908363367156
b76899ef-9b5d-4e43-aef7-59872ac1a70b.jpg,0.32424922161158454,2.0373179450943257,2.0373179450943257
3a92f7be-4ce9-4295-a5d3-24bb8cba68ba.jpg,0.30736233525211093,1.9312145088364696,1.9312145088364696
f2b97dad-7d50-465a-b388-637f420f1e5e.jpg,0.29599830634885116,1.8598122094011436,1.8598122094011436
723dca4e-839f-406d-b585-8ca6a15fcfc4.jpg,0.30188450077857343,1.896796259757177,1.896796259757177
6839c05d-de62-4453-80d8-2f9d7cef55f1.jpg,0.29965888074930574,1.8828122766899176,1.8828122766899176
9bbdc5a6-f13b-4e7a-9cc2-da5fcf2f5b28.jpg,0.28535469557790344,1.7929364305897866,1.7929364305897866
79e8b033-a9c1-4a0a-ae4d-7a922a48419d.jpg,0.2797563735711857,1.7577611360123175,1.7577611360123175
33834e26-7d8f-48ca-a736-f0205d8687f4.jpg,0.27457269277958474,1.7251911090254213,1.7251911090254213
3d831036-f255-4db1-b3fd-8d1a347df4e1.jpg,0.28620407282354354,1.798273225219845,1.798273225219845
080cc1e0-196b-4a36-b044-8fe0bd3d358e.jpg,0.2869281348199174,1.8028226409169485,1.8028226409169485
16dff97e-42c6-4124-a5a7-e7f96e2cb9ec.jpg,0.2851679544217992,1.7917631013015067,1.7917631013015067
e8f1e3c3-6cf2-4121-8237-62afed14751f.jpg,0.2754749951749685,1.7308604421787295,1.7308604421787295
9c0f77b8-dac4-4af4-a5f2-70d4981d001c.jpg,0.28558833181117843,1.7944044103379246,1.7944044103379246
34b96f90-e9c8-44a0-b492-f3c73191e195.jpg,0.27949493141323273,1.75611844648679,1.75611844648679
a6c2de45-7501-4a55-898b-89623c52c7d3.jpg,0.2861625612817958,1.7980124005106572,1.7980124005106572
e8b12417-fc89-48be-8b63-47892f667909.jpg,0.2923178406243048,1.836687161237096,1.836687161237096
6121d07c-c755-4268-9939-b2d0cbf0d8fa.jpg,0.28441657375377954,1.7870420373281068,1.7870420373281068
030e0ec6-365c-4c0d-9f1b-3c701e405dd5.jpg,0.29256909612867826,1.8382658461305232,1.8382658461305232
182635dc-d4bd-496f-8fb9-188396087a5d.jpg,0.2953564176872634,1.8557791039938103,1.8557791039938103
cbd44391-1e0b-4a1c-940c-c141433f6821.jpg,0.2942960719852507,1.8491167554583932,1.8491167554583932
1f02b540-7a47-41a8-992c-a2bb8355ef89.jpg,0.29660687154407595,1.8636359372942408,1.8636359372942408
4545eb3e-e885-466a-8857-bfc6b70a1de1.jpg,0.3000926995930584,1.885538040874962,1.885538040874962
c46663be-d52c-4c8e-9e55-f09abcbe928e.jpg,0.3031157629138346,1.9045325079147364,1.9045325079147364
e2ef57ee-dcbb-426c-a6c2-af309a7e3b23.jpg,0.3000085356237995,1.8850092230599202,1.8850092230599202
4640b8ea-2130-45a2-8c2c-9eca66468188.jpg,0.29299980481710874,1.8409720686333442,1.8409720686333442
95a22472-7f18-44a3-b5fc-e43b6e55ad22.jpg,0.29909247936141725,1.8792534718115705,1.8792534718115705
a8f40861-fb5d-435d-aa81-5d771130893e.jpg,0.29689626779684336,1.865454267577582,1.865454267577582
8b7917b9-d466-4860-92da-ec89777c02ff.jpg,0.29567624746813065,1.8577886537737538,1.8577886537737538
71f5df8a-fe41-4617-887c-f34dc597d01b.jpg,0.30132220372542684,1.893263243174576,1.893263243174576
f904bdb5-8eb4-4a37-be0c-f795a6c50c22.jpg,0.3086120735075557,1.9390668458809004,1.9390668458809004
b512d869-533d-4659-9b71-70a773edd32c.jpg,0.30169084886556374,1.8955795089026473,1.8955795089026473
b65def97-1e6b-44a4-ab53-b9bee7e7da46.jpg,0.2993147302810735,1.880649915524462,1.880649915524462
02fc9a9b-0142-4149-89b4-bb927f88b0d4.jpg,0.29620404070572864,1.8611048764894582,1.8611048764894582
e4eabcf2-ec3d-46b6-8171-022e535af028.jpg,0.2960848338658461,1.860355877824593,1.860355877824593
8bc5c91e-a7f8-4447-9c85-36ba0515e143.jpg,0.30442862853640723,1.912781485904786,1.912781485904786
03ec5488-d200-4e73-b11d-f3756190e32e.jpg,0.3030574596570943,1.9041661777486252,1.9041661777486252
4bab4bac-0123-43a2-bced-a069d8401a33.jpg,0.3032446719934382,1.9053424675496637,1.9053424675496637
dfd0f354-fb0a-48f5-88a4-92d6b8b7f3c5.jpg,0.3001371642062981,1.885817420279559,1.885817420279559
c225ab1d-c02d-4f31-bef4-930ecab2a760.jpg,0.2980134444117101,1.8724736952696375,1.8724736952696375
337bd984-c324-40f8-9457-3d4ce74a0055.jpg,0.29959245686243635,1.882394923099894,1.882394923099894
acfa8d33-74b6-44e9-906f-1addf2a85efe.jpg,0.3098933854845392,1.9471175664685965,1.9471175664685965
1d272ac6-9c20-4944-870b-091b1cbce946.jpg,0.30621078240181376,1.9239790888870416,1.9239790888870416
882baa70-b980-40be-abc6-2f8312364678.jpg,0.29737473750188625,1.868460581398238,1.868460581398238
28152fb7-a602-463d-885b-b839a5a2fff4.jpg,0.28486013482476363,1.7898290137321509,1.7898290137321509
13990059-b705-469c-a060-f5279f7d0e5c.jpg,0.24629651805002498,1.5475266634214087,1.5475266634214087
ce7958a4-8985-4b36-83ea-a7d533d73583.jpg,0.18654085248987112,1.1720707435531128,1.1720707435531128
f0c22d69-fac4-423b-9b3b-7ee423727780.jpg,0.13560903600053334,0.8520567025193386,0.8520567025193386
8603ad16-0ee3-4839-a0a9-1b54af878033.jpg,0.10333436791511513,0.6492689822109411,0.6492689822109411
bbb7a628-3433-4e8b-9895-88b562553717.jpg,0.07776053693785588,0.48858386316633157,0.48858386316633157
23d99172-f8f8-4ebc-a700-0c5fbb922391.jpg,0.060898974217538086,0.38263954002594375,0.38263954002594375
349c290e-dcd0-43bf-910f-4cfeb740ca4a.jpg,0.054252059665355616,0.3408757441735927,0.3408757441735927
5f6c3bff-d557-40e0-b145-364909b83a85.jpg,0.0394869271151201,0.2481036802753938,0.2481036802753938
950011b1-4833-4489-aaca-210e6b90a189.jpg,0.023418655630121535,0.1471437529690781,0.1471437529690781
634de70a-1a86-4c12-921c-c31d84473d05.jpg,0.010420063466330766,0.06547118967152826,0.06547118967152826
4ac0a062-f2d1-4dac-a4a8-c9175c028017.jpg,0.0030710104981966167,0.019295728040463242,0.019295728040463242
983c0dbc-7d78-42ba-a91e-251513ecb445.jpg,0.0,0.0,0.0
8fa88846-4a8c-411e-a951-fc43df025ef0.jpg,0.0,0.0,0.0
beb3b8f0-aa96-4eef-a493-abd8fab51454.jpg,0.0,0.0,0.0
c03ae4e4-9dfc-4c3a-99f1-aad2d4100318.jpg,0.0,0.0,0.0
c06e04d3-6c7d-4aa8-a04d-e01a746186a1.jpg,0.0,0.0,0.0
d6f7315c-d6e3-40a4-ba94-697fcde8f247.jpg,0.0,0.0,0.0
bcc6f8fc-d667-414d-953e-5e8435ffbc21.jpg,0.0,0.0,0.0
5a598856-7d18-40ba-b6a7-0a85acbbf1e8.jpg,0.0,0.0,0.0
3f713aa5-dde3-4660-b7fb-6699aa62e395.jpg,0.0,0.0,0.0
04f3842a-e877-4ff5-8236-87e8d2e6f0b2.jpg,0.0,0.0,0.0
bbad4f0f-a514-44cc-974c-92210de06f7e.jpg,0.0,0.0,0.0
62d55a82-c524-40f6-a32c-681f6ea904b3.jpg,0.0,0.0,0.0
6762ca2a-749a-452b-b650-719449e547b3.jpg,0.0,0.0,0.0
3066f88d-06a1-4520-85d4-1b4e83af6274.jpg,0.0,0.0,0.0
37fad63f-2852-4722-9fa8-7879797e97ca.jpg,0.0,0.0,0.0
2f500134-cd5e-4fc4-a422-1b6fd9171d1d.jpg,0.0,0.0,0.0
11ae8d07-2a6c-4d52-ba8b-e313c2341372.jpg,0.0,0.0,0.0
bc959d63-09e8-4636-ab34-0dcf50f4d4f4.jpg,0.0,0.0,0.0
5a923b43-6f7b-4af5-b926-ee42f65773ea.jpg,0.0,0.0,0.0
56c26899-eb2c-42bd-9726-7af6a15ff49b.jpg,0.0,0.0,0.0
35b9e226-1f12-4947-a2a1-921f8e730d11.jpg,0.0,0.0,0.0
cb3d3ab6-c84c-4b87-83e2-163a906aae23.jpg,0.0,0.0,0.0
a2185596-5f01-423e-984a-fe49af29e183.jpg,0.0,0.0,0.0
0a463cbc-7228-477b-b271-df60db1bafa2.jpg,0.0,0.0,0.0
383dc4b4-588c-4dfe-9121-9216fcbf3625.jpg,0.0,0.0,0.0
2f42aa2a-7bde-4fa1-add4-8698eaeac8d1.jpg,0.0,0.0,0.0
4d9b93c6-697c-4023-aa43-813132dc9c5c.jpg,0.0,0.0,0.0
6642b3a5-efeb-4905-b2c3-e0933405c92a.jpg,0.0,0.0,0.0
42ca3c67-260b-4ee4-a7e4-f2d9b86213bb.jpg,0.0,0.0,0.0
8b784cb9-dd31-4151-8ff3-7cb3365e3f14.jpg,0.0,0.0,0.0
fef88052-c22a-4341-a490-4a3bfbf9db43.jpg,0.0,0.0,0.0
4f30e7f2-b0c2-41ef-a643-89e5f07d1fc7.jpg,0.0,0.0,0.0
f50d1ee6-ed02-4295-9b0a-eeb64f98f0bd.jpg,0.0,0.0,0.0
d69460a7-f09e-467d-b6e2-f94e5c6f1b34.jpg,0.0,0.0,0.0
efaa7221-18d6-4064-972e-972a71ebf93c.jpg,0.0,0.0,0.0
589993bc-9810-4637-850f-af2b25f5b77b.jpg,0.0,0.0,0.0
b8fc5cd5-8930-4965-a359-fe52493557b9.jpg,0.0,0.0,0.0
7558df05-6dc7-4ac2-816b-986925ef2d5e.jpg,0.0,0.0,0.0
5be138fd-f54a-4960-984d-9194e8528efb.jpg,0.0,0.0,0.0
84016c2a-fce5-4b1d-acd8-e4d240f50ca1.jpg,0.0,0.0,0.0
01ca0bf6-e505-45cd-a5b3-d5e09ab8148b.jpg,0.0,0.0,0.0
efb58599-8453-45fd-87f1-0ab2befd9d08.jpg,0.0,0.0,0.0
19dc0592-cf0f-4922-b6b1-d8d23e177981.jpg,0.0,0.0,0.0
5383f52f-ed8d-4d5e-9824-ab3c043f2cd0.jpg,0.0,0.0,0.0
6143e621-ee30-4208-a51c-f3ff845b2683.jpg,0.0,0.0,0.0
202221e5-6186-49a0-ba7c-a4a5a6741a8f.jpg,0.0,0.0,0.0
9668e991-913f-460d-a2d2-866c9f9f81b1.jpg,0.0,0.0,0.0
3e3bccfe-43ff-4c51-877b-8ba764113481.jpg,0.0,0.0,0.0
8f3948cf-9ae6-441d-b166-663efd2facbe.jpg,0.0,0.0,0.0
a0eb6ef3-7660-4d65-99db-af3b246b642e.jpg,0.0,0.0,0.0
0c193250-50b0-4b6f-b3e3-d2be996cb729.jpg,0.0,0.0,0.0
8e3d0ddc-5ae2-465e-a854-b8dea0dec27b.jpg,0.0,0.0,0.0
6e82d4a7-84a8-4a77-8bb2-3c1fb0ada7d3.jpg,0.0,0.0,0.0
9293efbb-53ca-42b2-9803-cdf31780e222.jpg,0.0,0.0,0.0
54f17b86-70f5-4cfc-874e-1d802951b6aa.jpg,0.0,0.0,0.0
095e957f-560a-492f-91ef-09c70e8ac8bd.jpg,0.004154005705333344,0.026100387613690643,0.026100387613690643
1944a616-4779-460b-af93-ffc7d50e73b7.jpg,0.05817621014749474,0.3655319088261309,0.3655319088261309
f97cbebf-bad3-433f-8265-0a3f44d677ad.jpg,0.12487690486728152,0.7846247338681662,0.7846247338681662
b96637f4-dea9-48c5-8c09-4c11fdd9afc0.jpg,0.1976185358407863,1.241673880821171,1.241673880821171
03e8ab98-adc3-44b8-8a23-328907ff2018.jpg,0.2516320455411752,1.5810507713598565,1.5810507713598565
6d9d12c7-03a5-4a0a-adc5-3834009fa057.jpg,0.29810047935520534,1.8730205519478178,1.8730205519478178
628baef1-a11c-4ce4-9e25-8927f4b26a37.jpg,0.30856879787736485,1.9387949370771262,1.9387949370771262
b6e3de29-496e-4482-a159-a14cc88794d7.jpg,0.32081345270093964,2.015730372356097,2.015730372356097
bb72d1b9-7680-4e58-8b92-875a15b71398.jpg,0.33295497139550245,2.0920177842246206,2.0920177842246206
7ad16ab3-00ad-4de2-bf2a-e6098c4cfd8d.jpg,0.34274325957843627,2.1535194127180697,2.1535194127180697
47d200f4-6869-4329-a609-940d414ab075.jpg,0.3526259951343907,2.2156144715579837,2.2156144715579837
d82ffb12-4c12-4523-9ecf-11ad8139ce09.jpg,0.3590666629668359,2.256082381051228,2.256082381051228
0c509903-12c6-4f48-a345-f0fb5924b182.jpg,0.36389144035065,2.286397351419621,2.286397351419621
9ae9d034-bd23-48f3-aa16-086ed308054d.jpg,0.36193898869733154,2.2741297358785117,2.2741297358785117
bd83b56b-b6d5-4271-98b1-d533f3d8309c.jpg,0.368110520988016,2.3129066168901247,2.3129066168901247
1c27c84d-4d41-41e3-a007-989d2e8da3d0.jpg,0.3648867872561077,2.2926513004715394,2.2926513004715394
7ef821bf-8b63-4e31-a6c8-ecb25c37f175.jpg,0.36518136010581026,2.2945021562726846,2.2945021562726846
e4265f1a-8534-4723-8177-b73035f53723.jpg,0.371433863036155,2.333787790817724,2.333787790817724
6afedba3-7d37-4576-a287-6afb7a61123d.jpg,0.36519358989110806,2.294578998279978,2.294578998279978
280c1fcb-ef2b-46cb-bacc-16e0a7b0633b.jpg,0.3654999378690763,2.296503839394032,2.296503839394032
6d76969e-5108-4f40-97f6-3113192fc785.jpg,0.3647863257814272,2.2920200824098895,2.2920200824098895
e644c366-f64b-47c6-a8be-0fcace1285af.jpg,0.3643749317516479,2.2894352174865187,2.2894352174865187
c0e40855-e397-43dd-9e8d-a077a23ab3d0.jpg,0.3674196266949301,2.3085656000189934,2.3085656000189934
cc7f9f50-733b-4cc3-9fc5-985a87cb9182.jpg,0.3663094878291972,2.301590391808891,2.301590391808891
472f80cc-a608-41da-a096-bbbf7b821863.jpg,0.3656561134147895,2.2974851192881975,2.2974851192881975
5c1f4178-91d8-421c-91a3-20ca61386efc.jpg,0.3697170562377786,2.3230007755668995,2.3230007755668995
25df7220-0a8c-4777-a824-46ca648dcdaa.jpg,0.3664789713390527,2.302655288107825,2.302655288107825
ffa1ef1a-1465-4db1-bda7-88d7dbd74278.jpg,0.3656120477768931,2.2972082467196158,2.2972082467196158
c17e585a-d9fa-4e34-9772-85534149d3d4.jpg,0.368786004560966,2.3171508053509253,2.3171508053509253
68474fe6-b9a6-4657-b9da-3447e4176797.jpg,0.36612633128692873,2.300439585313596,2.300439585313596
264692ec-b32e-4eb5-b03c-46442f1bd53b.jpg,0.37183242198269567,2.3362920105346734,2.3362920105346734
6fa28646-bc84-43ff-ba34-07c122dca03f.jpg,0.3710863228621232,2.3316041315025924,2.3316041315025924
b41e6835-2eb9-476c-b1f8-aa6018b0270e.jpg,0.3709207102291896,2.330563556640661,2.330563556640661
abdcfd10-3f3a-45f9-b3e6-38f1ebfe253a.jpg,0.37304436895126813,2.3439068979206885,2.3439068979206885
b614fbc0-0268-4d3b-a7e4-09361109ee2f.jpg,0.36789487440577967,2.311551669453074,2.311551669453074
0ce3f452-c273-4404-bfde-500432b0b38d.jpg,0.3738212719383998,2.348788323354538,2.348788323354538
3f1ead42-8753-41ce-ba56-bf5019a224f4.jpg,0.3768641270524238,2.36790714589885,2.36790714589885
0e2f00ab-6de9-4a10-86ca-1389c5b206ad.jpg,0.37766978947944485,2.3729692722228553,2.3729692722228553
cfb4588a-6e7a-4df6-abe6-e8a2af60c325.jpg,0.3864115305821136,2.4278952514783114,2.4278952514783114
e653d181-77f5-4197-ba7b-d42731f73cda.jpg,0.39164713621339214,2.4607915318549476,2.4607915318549476
7d0c4a0f-eb3d-425a-85ed-0520e1ec4c21.jpg,0.38996699882301655,2.4502349172896967,2.4502349172896967
5a55871a-cf61-49c7-96e6-e392b6a8af46.jpg,0.3983867291807983,2.503137643364125,2.503137643364125
0faba65f-6f3d-45dc-a520-08a501744992.jpg,0.3950029820922751,2.481876933374304,2.481876933374304
3a6dfe50-c464-4410-95d1-c953b83d1b95.jpg,0.3936354976980003,2.4732847755203995,2.4732847755203995
a74fa72d-f99e-4767-b324-60379d4bd2ab.jpg,0.40556481797854826,2.5482389054317776,2.5482389054317776
37cfb6dc-3ddd-4e82-a4c9-7ec4b1f27e3b.jpg,0.39924606553759634,2.5085370129350837,2.5085370129350837
a0365849-1597-4d92-a7b0-f98c3372c214.jpg,0.410376078541737,2.5784689471114177,2.5784689471114177
ef4136db-24d2-439f-aaab-be7c6ee115a6.jpg,0.415772744476928,2.612377199223167,2.612377199223167
c4d8da5c-cfe5-4d7e-a13d-c1b7998d93dd.jpg,0.41893016369745734,2.632215849278203,2.632215849278203
7981f105-fddf-40ce-b550-77a2e732895d.jpg,0.42285560859996474,2.6568801470137804,2.6568801470137804
e0df6e17-5117-4f3b-b532-b4cd702a67ee.jpg,0.41920448998860227,2.633939492200098,2.633939492200098
ae96825f-63bc-4734-b56e-ebabf1a13691.jpg,0.42699477686675974,2.682887308251651,2.682887308251651
f169b61e-4540-417c-afaf-3778fba88574.jpg,0.4318574571178344,2.7134404293587155,2.7134404293587155
635fe5fa-aa57-4868-93be-7fb4bd22685c.jpg,0.43687284285664574,2.744953027342653,2.744953027342653
b093fb1f-e5de-47fc-94c0-108f43faa66b.jpg,0.42620453932273406,2.677922099325847,2.677922099325847
92ab39f8-5ae5-44d3-93c2-39db9ce371be.jpg,0.4287595114538504,2.69397546268033,2.69397546268033
0da225bb-c755-4ab2-b814-b2f486840d04.jpg,0.43424252682869735,2.7284262643226085,2.7284262643226085
8b42b192-b69d-4553-aa53-28f84db89827.jpg,0.4346087672669333,2.730727420863028,2.730727420863028
65e89409-de35-4c69-b375-f3f84efca10f.jpg,0.4350883157362546,2.7337405127595478,2.7337405127595478
177212a5-376e-4d65-9ee3-093c6d89d653.jpg,0.45185008180829817,2.839057795065793,2.839057795065793
e66a3a58-81cc-4f05-a9d9-85dcc183c991.jpg,0.4348444259539657,2.732208108062899,2.732208108062899
6614898b-6d27-4e03-a9ae-3b6aee7d6c38.jpg,0.4472868803710505,2.8103863548415777,2.8103863548415777
b441a019-58a8-4546-b080-edb35d578dfa.jpg,0.44620386197212863,2.8035815495500667,2.8035815495500667
5877755e-c498-4a3e-9453-b6928dd35848.jpg,0.45956366982073293,2.88752369793116,2.88752369793116
4f2c21d5-2494-448a-902b-e44b0fd95da0.jpg,0.4550715841897212,2.8592990914957945,2.8592990914957945
c076f951-4225-4542-87b4-3b29aa443a00.jpg,0.4627757120026339,2.907705554174521,2.907705554174521
af2c15ba-d512-41fc-9ab4-b4956ca9ef14.jpg,0.47731350081786056,2.999049175257233,2.999049175257233
009f1b77-8e1e-4eea-beb2-3542cebb9421.jpg,0.47652435672393645,2.9940908366810413,2.9940908366810413
450ad26e-3647-4ee1-8fc7-a86b475dff1d.jpg,0.4890200796664665,3.072603779476133,3.072603779476133
47e12f94-1fdd-42a0-ab1a-982bb14fefe3.jpg,0.4934469967083415,3.100418919589745,3.100418919589745
85f72d2f-d394-4832-b8a8-7f9b54e956e3.jpg,0.5,3.141592653589793,3.141592653589793
5f5e9d0e-7a58-4ca1-a449-f4551ecb5cef.jpg,0.5,3.141592653589793,3.141592653589793
ed2ab0e7-3e8e-46d4-b067-f2562bfe30e7.jpg,0.5,3.141592653589793,3.141592653589793
26b5a69b-6c15-4672-bfe7-87ddbae49883.jpg,0.5,3.141592653589793,3.141592653589793
85261d21-5d59-4ef9-8941-a4fbae61ac6c.jpg,0.5,3.141592653589793,3.141592653589793
dd4234d8-fe00-4766-9a8d-70080c15818f.jpg,0.5,3.141592653589793,3.141592653589793
9dfd88d3-b319-4d14-a31e-ef4543280bc5.jpg,0.5,3.141592653589793,3.141592653589793
e16ac45a-c28a-40d8-99ce-2ff7b051ed16.jpg,0.5,3.141592653589793,3.141592653589793
88d78169-c6fb-4d9f-8cf9-388819870058.jpg,0.5,3.141592653589793,3.141592653589793
8d340e83-10fd-491b-a76f-13f0e8aca954.jpg,0.5,3.141592653589793,3.141592653589793
f825e0bf-d280-4e3d-8046-9bc168a74ddf.jpg,0.5,3.141592653589793,3.141592653589793
c198d5ca-a7cd-4ab9-8b33-c6cc9f730ce4.jpg,0.5,3.141592653589793,3.141592653589793
116f158a-8a3f-4100-bdf7-b3a4b54220b2.jpg,0.5,3.141592653589793,3.141592653589793
fa9c750a-a73d-4653-9547-d582bdcb4174.jpg,0.5,3.141592653589793,3.141592653589793
f5cbc571-b21b-4bba-a67b-9296c8b47a87.jpg,0.5,3.141592653589793,3.141592653589793
1db58912-5696-447c-8e57-5d90ae77db47.jpg,0.5,3.141592653589793,3.141592653589793
9b052fa2-96ab-4717-a27a-4553ce3b1ad3.jpg,0.5,3.141592653589793,3.141592653589793
2583c822-147c-41b5-a87d-dec70586a1f3.jpg,0.5,3.141592653589793,3.141592653589793
6a2c4bbd-7ca2-44bd-858a-be50fc8dcc31.jpg,0.5,3.141592653589793,3.141592653589793
9fc743f6-84aa-411b-b889-ac090cbc1df9.jpg,0.5,3.141592653589793,3.141592653589793
68d38ef4-b0b6-404a-a57a-94f142e12fbe.jpg,0.5,3.141592653589793,3.141592653589793
5e0b8526-838a-4842-a0cb-ced94f1a7e8e.jpg,0.5,3.141592653589793,3.141592653589793
7991c08e-1448-4f75-90c5-9262633e3b75.jpg,0.5,3.141592653589793,3.141592653589793
04c3ab70-5350-4511-aa30-8c477e1960dc.jpg,0.5,3.141592653589793,3.141592653589793
bcb689f9-dea3-4177-b382-fbce12c896c0.jpg,0.5,3.141592653589793,3.141592653589793
519d218e-6880-408c-9e72-6ebca8b5d93c.jpg,0.5,3.141592653589793,3.141592653589793
ff2cf24f-e0d2-4220-a2a4-9440e24f5442.jpg,0.5,3.141592653589793,3.141592653589793
69b37b32-504a-4cbf-82f1-873d5e3f572e.jpg,0.5,3.141592653589793,3.141592653589793
7ced2caa-8cd7-41a2-afaf-905a2990dec5.jpg,0.5,3.141592653589793,3.141592653589793
70f6eb0f-6cc4-46b7-812a-21971937cbb1.jpg,0.5,3.141592653589793,3.141592653589793
41604782-3a2f-40b9-9268-80b6d4f2c05f.jpg,0.5,3.141592653589793,3.141592653589793
deb086bc-4182-4d54-b660-2ce5c2078706.jpg,0.5,3.141592653589793,3.141592653589793
a234a2de-a22c-4736-81cb-50791998a50c.jpg,0.5,3.141592653589793,3.141592653589793
7a23938a-61ce-446c-94b7-7d7397bbe3d6.jpg,0.5,3.141592653589793,3.141592653589793
136a2e3d-2921-4364-bafc-cac19a57d80b.jpg,0.5,3.141592653589793,3.141592653589793
6a956369-227e-4c2c-9c48-47a2a61291a4.jpg,0.5,3.141592653589793,3.141592653589793
8519f979-0d27-449b-8646-87ba6c92c41d.jpg,0.5,3.141592653589793,3.141592653589793
1e1e63bf-27dc-4576-a21e-57b390929a1d.jpg,0.5,3.141592653589793,3.141592653589793
41a91e38-8fe7-4009-89f7-7269f45b7703.jpg,0.5,3.141592653589793,3.141592653589793
60fc4c7a-7438-42f8-a951-b664802f2d58.jpg,0.5,3.141592653589793,3.141592653589793
8e0e9429-e6d5-417a-8a51-b09000b082f4.jpg,0.5,3.141592653589793,3.141592653589793
9a99f5bf-4d92-4c95-960c-a622747bebce.jpg,0.5,3.141592653589793,3.141592653589793
b2568794-0025-421d-80c4-55611d8967b9.jpg,0.5,3.141592653589793,3.141592653589793
369d7b9f-cad1-4998-9ea1-23bac11d1a25.jpg,0.5,3.141592653589793,3.141592653589793
4279eb90-a06d-4142-8de8-29e5faf4db69.jpg,0.5,3.141592653589793,3.141592653589793
972920dd-7ef5-4772-b6fc-eb01eea5942c.jpg,0.5,3.141592653589793,3.141592653589793
b27ca305-abc2-4e1d-ab6a-9785d2e5b32a.jpg,0.5,3.141592653589793,3.141592653589793
8d647413-d5f0-450b-9397-a793bcba43c6.jpg,0.5,3.141592653589793,3.141592653589793
7f0efdbf-0d30-4b93-972e-417acba7cb4f.jpg,0.5,3.141592653589793,3.141592653589793
5496da82-6069-41cc-95f5-371ecaea7b8a.jpg,0.5,3.141592653589793,3.141592653589793
7d0d24c1-104f-451c-b125-cc550a64d7fe.jpg,0.5,3.141592653589793,3.141592653589793
9e881a62-6ba4-4344-b622-c33d438ad16d.jpg,0.5,3.141592653589793,3.141592653589793
d7dc7e24-0480-476f-9b64-555e4d796102.jpg,0.5,3.141592653589793,3.141592653589793
fbecbedf-f8cf-4f0e-b3e3-a527e792784f.jpg,0.5,3.141592653589793,3.141592653589793
439f1a0b-398d-4a6d-b75f-ec0121bf1e1f.jpg,0.5,3.141592653589793,3.141592653589793
3269aede-9d68-484f-8885-0ba74ed1eb7d.jpg,0.5,3.141592653589793,3.141592653589793
d50a3737-70ca-4878-8dce-b64a6569a159.jpg,0.5,3.141592653589793,3.141592653589793
e8ce7c1f-a2e8-492a-9744-0ab20326dd9b.jpg,0.5,3.141592653589793,3.141592653589793
c341e92e-fe84-413b-93cc-35b66b778efe.jpg,0.5,3.141592653589793,3.141592653589793
674c1c1d-15f0-4993-8cd5-b7957e989936.jpg,0.5,3.141592653589793,3.141592653589793
d7ab7c39-b0b2-4939-b6e9-3cb20ea43f00.jpg,0.5,3.141592653589793,3.141592653589793
f6097297-36a4-4055-a506-589d51451299.jpg,0.5,3.141592653589793,3.141592653589793
1f345cef-4bea-4e30-8166-7ba974c8ec44.jpg,0.5,3.141592653589793,3.141592653589793
951ab4b1-7d44-4248-9b59-83d806b11ee8.jpg,0.5,3.141592653589793,3.141592653589793
558fd6b4-4aa8-4a9a-9f53-a3ac05a00459.jpg,0.5,3.141592653589793,3.141592653589793
17d4b95e-1733-463a-bfbf-2fe180069299.jpg,0.5,3.141592653589793,3.141592653589793
4e0e703d-e33a-4d61-bbd6-495048a76af7.jpg,0.5,3.141592653589793,3.141592653589793
0f97abe2-3da5-4beb-84b4-845c19935466.jpg,0.5,3.141592653589793,3.141592653589793
f5d00b9e-5882-4c8d-9f98-dd06b13a9ff4.jpg,0.5,3.141592653589793,3.141592653589793
6cac8779-5404-4b82-9db0-0204bbf2743a.jpg,0.5,3.141592653589793,3.141592653589793
6f5266e0-9323-4138-acda-3da1899d9dcd.jpg,0.5,3.141592653589793,3.141592653589793
3d212c43-1318-4e92-9efb-d7a09d658dfa.jpg,0.5,3.141592653589793,3.141592653589793
16a785b1-a411-40e9-8f82-d637286fb967.jpg,0.5,3.141592653589793,3.141592653589793
499c9e58-bb48-43d0-b1ad-1614f3b69e20.jpg,0.5,3.141592653589793,3.141592653589793
8a0d30e7-acc8-4813-a339-681ddbe9ae6c.jpg,0.5,3.141592653589793,3.141592653589793
36373d94-fdbc-4b47-bc2a-d47a50f41106.jpg,0.5,3.141592653589793,3.141592653589793
a77d0593-5fef-49c7-9bc3-4b94da33cb6d.jpg,0.5,3.141592653589793,3.141592653589793
d35b850c-8ab8-42db-a3fd-778269aed978.jpg,0.5,3.141592653589793,3.141592653589793
a8ec0a2a-b3ab-432a-9acc-3dc6ab712d61.jpg,0.5,3.141592653589793,3.141592653589793
ce8f1d82-2278-42ed-b932-f435e7066c12.jpg,0.5,3.141592653589793,3.141592653589793
7f28998e-7fac-4748-8f2c-7d10b3c6c711.jpg,0.5,3.141592653589793,3.141592653589793
263d4f20-c8f3-43a4-bc7f-a24ff3b4d9aa.jpg,0.5,3.141592653589793,3.141592653589793
8f33c801-8755-436c-aeb5-b8ad8e352bac.jpg,0.5,3.141592653589793,3.141592653589793
90ca88d7-41f8-4785-bea6-b293a32235e9.jpg,0.5,3.141592653589793,3.141592653589793
69f60c88-b477-4bff-9093-9e26b9c59b27.jpg,0.5,3.141592653589793,3.141592653589793
be283deb-3c71-4000-80f9-8e9f0f9c929a.jpg,0.3821719764269267,2.401257347101449,2.401257347101449
eac78d48-5838-40f6-bbf5-629260b9cce6.jpg,0.23314208588523821,1.4648749285193299,1.4648749285193299
7844f426-a241-478b-90eb-64af0c4ada40.jpg,0.062205835623423585,0.39085079240992354,0.39085079240992354
6abd341a-48b0-4c8e-bb6e-2d2f787bc5e3.jpg,0.0037107997104265,0.02331564221843805,0.02331564221843805
6cd5a98b-3924-422d-98fb-fcca6af076ca.jpg,0.0,0.0,0.0
2daa29f0-b818-4f7f-b102-33363d208eac.jpg,0.0,0.0,0.0
b1457212-1386-4aae-a55c-be867faa1ce6.jpg,0.0,0.0,0.0
905abdb5-c052-412b-bf35-4cae93b8f235.jpg,0.0,0.0,0.0
bfd979b7-d2a1-4cd2-acbc-7ab1b123f52a.jpg,0.0,0.0,0.0
e073f35c-2dd7-4b15-8919-33d98091e718.jpg,0.0,0.0,0.0
2a5a9985-be24-4340-abf2-8658781db38a.jpg,0.0,0.0,0.0
36bafc8a-d1ef-4224-a68f-011888590184.jpg,0.0,0.0,0.0
ff0d3162-e34a-4d67-b2d5-34d3b5dad560.jpg,0.0,0.0,0.0
7e702d0b-900f-4d0e-a72f-656806e3ddde.jpg,0.0,0.0,0.0
bcb3e520-d423-4f84-82f5-cd9cbb7e95fa.jpg,0.0,0.0,0.0
c470ccfa-a267-4431-acbf-9b87dd6ab18d.jpg,0.0,0.0,0.0
e5b3b6f1-1763-4747-9575-ee204159753b.jpg,0.0,0.0,0.0
3297618e-7147-4cec-ac4e-cc546b9f526e.jpg,0.0,0.0,0.0
16358085-c611-40df-8807-2bdc37fd1817.jpg,0.0,0.0,0.0
3cc8fa48-e695-4708-839d-80f3b9ec2e6c.jpg,0.0,0.0,0.0
a1277101-1230-4d38-a56c-7917aefa8902.jpg,0.0,0.0,0.0
2495fa1e-07ae-4b47-bcc4-c444cdb8aaf3.jpg,0.0,0.0,0.0
8a4d9802-4e40-40bd-b533-2ca2c13d5bd6.jpg,0.0,0.0,0.0
1e72b14b-4422-4fd8-8c85-edf6d78922c9.jpg,0.0,0.0,0.0
7e162ea5-5ed5-4d56-8aa0-03012396304e.jpg,0.0,0.0,0.0
fccb576a-c660-4faa-a6f5-dd95a839665f.jpg,0.0,0.0,0.0
b30178d7-5a68-46ca-b4f4-5c07480f94c4.jpg,0.0,0.0,0.0
e6713a9b-8742-458a-a3cc-491ff5018296.jpg,0.0018924537745185208,0.01189063775057132,0.01189063775057132
f1579116-acde-4ca8-9155-82745432772d.jpg,0.0,0.0,0.0
88e531ea-842d-4491-b26f-72f01fd2bb23.jpg,0.0,0.0,0.0
fc1be013-6cf5-4f1c-bd02-c5530db0d63b.jpg,0.0,0.0,0.0
4d2e8959-3d36-40f1-9f3a-12e653bb8d20.jpg,0.0,0.0,0.0
6d74247f-f2fe-4a84-b726-2125a49ab365.jpg,0.0,0.0,0.0
75cf56af-45a5-4f0a-a931-1ddde06532ce.jpg,0.0,0.0,0.0
b035b874-ec4f-4d3a-acde-11217d89ec9c.jpg,0.0,0.0,0.0
3467a063-f8f7-4c45-bd26-06f8a31bd3fb.jpg,0.0,0.0,0.0
4b5b51b3-1e2f-4412-a87a-80835a232a0a.jpg,0.0,0.0,0.0
c248b5f0-171a-479c-86de-9aff7a0c3172.jpg,0.0,0.0,0.0
286f15c0-5d6b-4376-80e3-2c7caecdf063.jpg,0.0,0.0,0.0
c13e676e-9e82-46d7-b23d-06405b06e5bd.jpg,0.0,0.0,0.0
f756573d-a645-4699-a7f7-8b9d1462e03b.jpg,0.0,0.0,0.0
f4aab4d5-b0ff-4c64-a5b9-ba6be39077f0.jpg,0.0,0.0,0.0
c05ca96d-278a-41ca-9b2c-790bb151290e.jpg,0.0,0.0,0.0
7f44dea2-dcac-4fd0-b780-1556cfba3b02.jpg,0.0,0.0,0.0
17b5fc08-ced5-4c0e-a8d7-0a43bceed923.jpg,0.0,0.0,0.0
f411b635-9f49-433f-924a-7a2adcb63243.jpg,0.0,0.0,0.0
9872ed14-123f-44e6-8ef5-99410ea1e299.jpg,0.0,0.0,0.0
d73a01b6-0ee2-4b2e-be0e-01e766484499.jpg,0.0,0.0,0.0
d24aef16-19b1-482a-bcc3-c004a2058d72.jpg,0.0,0.0,0.0
54f60d3c-863a-4faf-a7bd-51a839a0f018.jpg,0.0,0.0,0.0
026f5924-9ec7-4c1a-a585-09223721975c.jpg,0.0,0.0,0.0
21864728-cb76-4f8f-87ed-c4a2ad438293.jpg,0.0,0.0,0.0
2a7073b6-0bdc-43eb-ba2e-6c52fba1a6ea.jpg,0.0,0.0,0.0
c906ce02-de10-48e2-b20a-aa5468df097c.jpg,0.0,0.0,0.0
2829f988-c4f2-44c5-ba22-df43c4980fb4.jpg,2.675216063933542e-05,0.00016808878266438035,0.00016808878266438035
00a39607-53ea-4e34-b13c-2bb56e1ebc77.jpg,0.00038677283052494327,0.002430165365970584,0.002430165365970584
39be2505-a8db-4abc-a6ca-a2ba26ae1456.jpg,0.0,0.0,0.0
3db15f45-fe87-42c9-8096-dcfad2752866.jpg,0.0,0.0,0.0
66bef780-e6c0-461d-b706-ef9fe630885d.jpg,0.0,0.0,0.0
a0d34d20-6baf-4fcd-a85a-9c932fd98b42.jpg,0.0,0.0,0.0
9f5ba54b-898c-482b-8329-9b1522e4c0cf.jpg,0.0,0.0,0.0
3deb2fcf-b187-4297-91d8-c871b892d187.jpg,0.0,0.0,0.0
9dfb4aa4-d7dc-40d8-8c7a-188844daacf2.jpg,0.0,0.0,0.0
f30a1ae2-93db-405a-afd2-338f072598e7.jpg,0.0,0.0,0.0
218eee4b-1c27-45ad-a70e-5f1296a0e8b5.jpg,0.0,0.0,0.0
d20124c1-8d09-4e32-8f96-9327ab1aef0f.jpg,0.0,0.0,0.0
bbde1bbf-250e-476a-aa71-6a6b1e0ee76b.jpg,0.0,0.0,0.0
012a6d1c-c30b-4c06-a4db-73e939ca4824.jpg,0.0,0.0,0.0
f22dddf4-6363-47fc-a9f3-c875037e51bb.jpg,0.0,0.0,0.0
4a272711-30db-47b1-b3dc-1290a9199bc9.jpg,0.0,0.0,0.0
a88d9cc1-c9ad-4950-981c-71eab239f626.jpg,0.0,0.0,0.0
67ad585a-f584-4acd-9c01-00ff0b582e59.jpg,0.0,0.0,0.0
e6516ab1-9e0b-4401-a3d4-ff9e71d84ae3.jpg,0.0,0.0,0.0
5df56e43-c7a9-41ea-9730-4d066c20fd42.jpg,0.0,0.0,0.0
8006fa0f-db32-4b89-a569-74353f6e231b.jpg,0.0,0.0,0.0
d014a60c-a674-4213-814f-6612d960fa2f.jpg,0.0,0.0,0.0
2b425fc3-8c63-4085-8ee8-f9a3f215e44a.jpg,0.0,0.0,0.0
097edbf5-4893-4ce8-bbcb-200e48092fcc.jpg,0.0,0.0,0.0
e36a01fa-ceaa-4008-8d11-7f4d88d80008.jpg,0.0,0.0,0.0
a9282c22-c016-4c29-9d41-fc9cefb410d0.jpg,0.0,0.0,0.0
f3fc30c2-79ce-490c-bc56-f533bf22d78c.jpg,0.0,0.0,0.0
f2e3629a-8516-4d78-8753-5a26a34dfcb9.jpg,0.0,0.0,0.0
50a3360c-b524-4d81-8331-d318782ba484.jpg,0.0,0.0,0.0
f2fb7591-c2c3-45b4-9f15-6a40ffa64801.jpg,0.0,0.0,0.0
833b70f5-402e-4de8-9bed-a89f8bed47f2.jpg,0.0030334511623756697,0.019059735773485645,0.019059735773485645
265e64db-3288-426b-af3f-071c2e9511e5.jpg,0.0,0.0,0.0
57960aac-820c-4e38-9624-2aa79eedc33b.jpg,0.0,0.0,0.0
854fca8e-6238-46ed-8801-0e6cb0b574e9.jpg,0.0,0.0,0.0
33dde793-ba92-43c8-8705-b059ed65924d.jpg,0.0,0.0,0.0
a4581a54-6e08-4ca7-8bea-d49c04115019.jpg,0.0028928682280499047,0.018176427146089805,0.018176427146089805
14422e0f-1ff1-4ee7-89ab-a722992089c7.jpg,0.0015303109385213691,0.00961522720433367,0.00961522720433367
66ead78a-71ac-4081-afef-5c42ce07ac42.jpg,0.01061526517517693,0.06669767818048683,0.06669767818048683
de5be1d9-25b0-49ab-8f92-7f387d7527e3.jpg,0.028975565686096452,0.18205884858609822,0.18205884858609822
dffcb0e2-07e3-4745-9a83-9e3d78be7022.jpg,0.0388512384024862,0.24410953029623259,0.24410953029623259
e644d52a-4744-4fbd-b8c1-8c0aca7ed826.jpg,0.06780544124403652,0.426034152171359,0.426034152171359
c0f66b35-6349-4289-9ac9-7eb5f0edb283.jpg,0.09519022834176233,0.5980978441040309,0.5980978441040309
2d7e6ca9-99dd-4a27-86f7-0b06e4b16057.jpg,0.10602704640616965,0.6661875801428934,0.6661875801428934
b105b970-ebac-46f2-bc1d-3371b7827db9.jpg,0.1013672829499292,0.6369094228597109,0.6369094228597109
ed6e23b5-3f93-4c56-adee-4185c9529e71.jpg,0.11235544426476042,0.7059500765859776,0.7059500765859776
acf1b968-31a3-46ba-aa1b-dd7e24b90aed.jpg,0.1082447148538786,0.6801216019497339,0.6801216019497339
b99c56a9-4d85-4f6f-b100-bcb5edac9e87.jpg,0.10753784067622432,0.6756801805026719,0.6756801805026719
f918691c-d6e0-4dcf-85c0-8416eeca8bfd.jpg,0.1061925358936655,0.6672273812592199,0.6672273812592199
25358643-f969-4f21-809e-a1a9a76be7d0.jpg,0.1142049171591904,0.7175706575022869,0.7175706575022869
3590305c-ac1f-4e7a-b6ab-bec8c9f6d339.jpg,0.11318080793127218,0.7111359894484841,0.7111359894484841
1883209a-775c-4d54-8d63-176319578b1c.jpg,0.11859148891390353,0.7451323007003895,0.7451323007003895
658237eb-e17a-4694-92bc-86a869cce494.jpg,0.13549868790400005,0.8513633649805254,0.8513633649805254
50654209-ea47-4aa8-b6a3-02484e147b5b.jpg,0.13244631952366487,0.8321847688211039,0.8321847688211039
d0c32d53-7ae1-4931-8068-d1915faa63dd.jpg,0.13106294751667782,0.8234927861524394,0.8234927861524394
517e4df6-374c-41b5-ae2d-3d4c753cc50e.jpg,0.1227725686333029,0.771402799361466,0.771402799361466
78d5e201-9d90-451c-8792-811a1807471c.jpg,0.12329258792951397,0.7746701769628694,0.7746701769628694
20786936-f421-4590-9f17-0be6a61b476b.jpg,0.13496326927641705,0.8479992305265057,0.8479992305265057
e26e7166-2c47-47f3-b04a-0a424c0c1a55.jpg,0.13272147873676862,0.8339136451460125,0.8339136451460125
e1248aef-f363-4c6a-b690-f8c9cd0a11ad.jpg,0.1327939684873967,0.8343691116820798,0.8343691116820798
a592ac27-0b3b-4f0b-8ee6-c55fc80cb9e1.jpg,0.13456900981920036,0.8455220252977051,0.8455220252977051
31cedd59-8bba-42a9-8a11-cb1f7a88014e.jpg,0.13424508722297074,0.8434867596004118,0.8434867596004118
4111c0a4-0454-4aa9-803c-91bbaa4c81d0.jpg,0.13106944047154492,0.8235335825910605,0.8235335825910605
7b0b9d8e-72be-4157-a91e-94abdca7d787.jpg,0.14296830426978044,0.898296348780265,0.898296348780265
58a5c072-554c-41ff-b535-a44f49b3fb19.jpg,0.1394618820752824,0.8762648483670264,0.8762648483670264
a61147fc-eead-4d69-9895-ede99fdb8f27.jpg,0.13045863756483217,0.8196957947420204,0.8196957947420204
abfe1f2f-c8ae-4e4e-9773-b0c425fbed3a.jpg,0.1289376119576833,0.8101389089953387,0.8101389089953387
01caf78a-0feb-4f97-9f97-7222f8c636f6.jpg,0.13527431517232383,0.8499535895295256,0.8499535895295256
0ee0e980-729b-4170-96a7-a5feaddee991.jpg,0.1322806379300693,0.8311437606665542,0.8311437606665542
e9f4f19e-5081-44e9-9aca-02ebcf682319.jpg,0.12916647860607253,0.8115769205578013,0.8115769205578013
fde2187f-94ef-4e67-a7e5-4a8cb44253c9.jpg,0.13512946227297093,0.8490434519206091,0.8490434519206091
aa522013-054e-46ee-919d-ffc5957c8f8a.jpg,0.1358503869185355,0.853573155061204,0.853573155061204
00360a4b-b52c-443c-9278-c477ba489c00.jpg,0.13257838306926542,0.8330145485504353,0.8330145485504353
2c3fcaa5-a143-4302-a697-d9176e74e5b0.jpg,0.14029446317019872,0.8814961096696402,0.8814961096696402
0024382e-fc54-4987-9fd1-ae9148ca4b37.jpg,0.1334109085891601,0.8382454606648896,0.8382454606648896
c20365e2-7855-4d31-8a1e-93cc6c0b45bc.jpg,0.12862196664626882,0.8081556510123791,0.8081556510123791
f0437082-71aa-469c-9eb8-2331cdc0108f.jpg,0.1283052917503356,0.8061659239590987,0.8061659239590987
ec121bba-7f7d-4dfa-bca3-b1ba2f5f06ce.jpg,0.13178357371820898,0.8280206141138685,0.8280206141138685
16e18e3a-cb4f-4998-b6dc-b5de537153ee.jpg,0.1295314760377003,0.8138702670573631,0.8138702670573631
915bf0fc-3d52-42a9-8b7a-76c03479c553.jpg,0.13007509824045507,0.8172859460943686,0.8172859460943686
e1e06515-8c9b-439b-9a93-10f46b3a3daa.jpg,0.13999005777682869,0.8795834741745914,0.8795834741745914
0326f26c-966e-4924-9f64-43ebb922ce9b.jpg,0.13319463645211357,0.8368865827510465,0.8368865827510465
755fda7a-ebb0-45ff-862b-dee8d9a52513.jpg,0.1314325709076101,0.825815198411535,0.825815198411535
f516d181-c328-44a7-a01f-bcce5df600cc.jpg,0.11997130342015548,0.753801930932705,0.753801930932705
5691b2ca-2fec-465e-82ef-fab88f872013.jpg,0.12160960785355758,0.7640957012773442,0.7640957012773442
a49efd03-cd21-4f5b-9be1-de1f7f1058e4.jpg,0.12434468268998077,0.781280683303595,0.781280683303595
ab12fdcb-1bf0-4632-a094-07463d0562ec.jpg,0.12696581872692364,0.7977497667390334,0.7977497667390334
2c766380-4c36-4fcd-b227-4978ffcfce98.jpg,0.1387810870933607,0.8719872873394144,0.8719872873394144
95c6f44c-1fb1-43d7-9293-0e83af0408d8.jpg,0.13369819714428685,0.8400505478933828,0.8400505478933828
ed009f7f-7fc6-4550-80be-67521b8bcac3.jpg,0.1334075958650188,0.8382246462052382,0.8382246462052382
f3c46519-d8d3-48e9-8e46-88e15b50b3c8.jpg,0.13391668599940434,0.8414233538576396,0.8414233538576396
4c305f32-415e-441e-b7c3-360b04588a91.jpg,0.1445832219319563,0.9084431757075532,0.9084431757075532
e4deb7cb-6127-47ac-99ed-d87ebc54fcbd.jpg,0.15234629145590925,0.957219980079068,0.957219980079068
e8f3845b-eb9f-4c03-9d90-cbbe77612730.jpg,0.17368451301576102,1.0912919802652712,1.0912919802652712
88e8d76f-8860-4582-bf18-69e20aafb485.jpg,0.17754488793807732,1.1155474312573737,1.1155474312573737
f34fc104-c39b-485c-b3dd-129379fb06b5.jpg,0.18609732633202164,1.169283986514763,1.169283986514763
9fba6abb-b5b1-46f9-8940-eb929e9ebe54.jpg,0.20596740630624719,1.2941313810613004,1.2941313810613004
328725e7-3020-4c0e-aab3-a2ff7100cb98.jpg,0.22220143380425952,1.3961327841131608,1.3961327841131608
0c67394f-e9d0-49b8-85fb-d0ce8e1fef91.jpg,0.24798639861753122,1.5581444961740523,1.5581444961740523
d05d4d0f-434a-4fbe-a748-feceffacc3a3.jpg,0.26851679223090635,1.6871407636762246,1.6871407636762246
079c7d80-ff55-46d7-b508-8ad7214feb49.jpg,0.2755743516052202,1.731484717041461,1.731484717041461
680da2b7-69e3-4088-986d-7a6a50ce71cb.jpg,0.2885158733686597,1.8127986964380487,1.8127986964380487
32333e37-61cc-4989-bdf3-599c8b242abc.jpg,0.2899732431747933,1.8219556209910743,1.8219556209910743
4a774709-2e93-4921-9fff-02be55a6cc01.jpg,0.2853112991779375,1.7926637629671363,1.7926637629671363
f984cb91-ea56-43f5-8f1d-e8cd20fd85e9.jpg,0.29033793199415714,1.824247028422594,1.824247028422594
db47dbcc-a10e-4e02-abbb-86c2d67ec70d.jpg,0.2912465219116011,1.8299558672421294,1.8299558672421294
9a0f518c-544b-448f-9679-77d5cc8158a3.jpg,0.2895184484650322,1.8190980615529206,1.8190980615529206
dfd21152-ce78-4dab-b20a-1d6e308543e9.jpg,0.2942940410328628,1.8491039946081897,1.8491039946081897
1f64ed73-bf84-4e69-af80-5a5ed30fdbfc.jpg,0.2895984431695423,1.8196006831049507,1.8196006831049507
03646daa-62d4-4e27-b128-b218422a2796.jpg,0.29429797387557,1.849128705387703,1.849128705387703
8962f29c-1f34-4d1f-931b-cf9aad8e7cdb.jpg,0.3033284739849338,1.9058690109913414,1.9058690109913414
8bcde3e6-e14d-4fa0-97c1-9289152d541c.jpg,0.3044535447736133,1.9129380392403095,1.9129380392403095
08407cc1-3fe4-435c-adac-e127528ef31b.jpg,0.3037967170823254,1.9088110691410607,1.9088110691410607
6a33cdc5-99f2-4bb4-9e86-ed5b646ddb21.jpg,0.3016120731656557,1.8950845465824222,1.8950845465824222
56eca7d6-67d5-41cb-95f3-d68c246c0308.jpg,0.3017423995685075,1.8959034115219584,1.8959034115219584
b23ad6f2-ee15-4dad-96f3-543470a111de.jpg,0.30048137031803107,1.887980131063441,1.887980131063441
47d3d57f-f277-419a-a4f7-b6d075fe6c5a.jpg,0.29576178394492036,1.8583260953079468,1.8583260953079468
89919b78-595d-4454-8cba-07a9c39295ec.jpg,0.29960214740242036,1.8824558105583402,1.8824558105583402
3a6dbb15-ed07-47c5-8f9b-8dc5a895214e.jpg,0.2984383107613064,1.8751432092749356,1.8751432092749356
de2e9d2c-4b21-4d2b-92a3-161154bd672c.jpg,0.30408946592073377,1.9106504643412419,1.9106504643412419
92ce7485-0271-490b-867e-023f4249ed61.jpg,0.2982514454297665,1.873969099769383,1.873969099769383
6906ae63-005a-4485-a638-489f6a7a9134.jpg,0.30723914348870224,1.9304404721586546,1.9304404721586546
514b2817-cd6d-4896-a82f-ce6b78eeeaba.jpg,0.3005838206286961,1.8886238453501276,1.8886238453501276
012253dc-c108-47d8-86fd-34e1b47af50a.jpg,0.30308841495204775,1.904360675603056,1.904360675603056
f0ff8027-bae9-44d3-8c9a-303eb2921961.jpg,0.29971055368717947,1.8831369473339445,1.8831369473339445
7402dfe4-6829-46e0-aba1-3c2916a2aff6.jpg,0.2917814266614828,1.833316772907327,1.833316772907327
3e4c4c8d-26b7-45ba-971a-6da0ffcc0806.jpg,0.2865712960870586,1.8005805570336175,1.8005805570336175
498b2892-b7e1-4a8e-82c6-6b744403c95c.jpg,0.28371465692240266,1.7826317638063376,1.7826317638063376
42af9b3e-1162-4268-862d-b4e389ec7994.jpg,0.2683211869177097,1.6859117392463407,1.6859117392463407
a5bf2c5a-0346-4e5c-9531-96938ad9cc7d.jpg,0.26632038956606224,1.6733403587238258,1.6733403587238258
3c77158c-e867-416e-bc11-b0363384e835.jpg,0.26573754725541704,1.6696782524811773,1.6696782524811773
0829bcfb-bfd3-46eb-9c5a-6398afb8e9fe.jpg,0.24757215264724905,1.555541711980017,1.555541711980017
258a5c8a-f047-4473-9ae6-c7f7310f0c19.jpg,0.2083564049741554,1.3091419023903728,1.3091419023903728
28221bbd-1519-4c56-b82b-08bba640b014.jpg,0.16925309941033767,1.0634485874096395,1.0634485874096395
d585c115-e933-4066-925d-506977af12f8.jpg,0.1452713043849309,0.9127665252662113,0.9127665252662113
ac28003e-71d4-4d53-bd9a-ac94e2dc2586.jpg,0.1525650509153529,0.9585944863004509,0.9585944863004509
b1b6e145-77e1-42c2-a8b3-ba380eb92c5a.jpg,0.15581412211714699,0.9790090027375438,0.9790090027375438
59ab6e78-2bc9-45c0-b8d0-b356ff154e3d.jpg,0.16130182680204513,1.0134892681838363,1.0134892681838363
196a17d5-ad93-4634-8139-6f76a25d5f05.jpg,0.14511495892169748,0.9117841777487788,0.9117841777487788
278fb442-0a70-4f11-97f0-de051a2640aa.jpg,0.10671270113341512,0.6704956758509203,0.6704956758509203
ad53ee26-5ac9-472a-94e4-2faa7456fdfd.jpg,0.1096319427642143,0.6888378119736647,0.6888378119736647
aace5a77-e6e4-4b84-bd10-52d15ae846c4.jpg,0.11287654260533332,0.7092242340230609,0.7092242340230609
7a53742d-739f-4e27-96fa-abf20d532b48.jpg,0.10470215978617486,0.6578630719984633,0.6578630719984633
70e0ccdd-6122-4856-a895-263559a0bea1.jpg,0.10075892444818063,0.6330869936600265,0.6330869936600265
a62e1dc6-e9a6-4d46-ae4f-a7609536fe28.jpg,0.09835763044759599,0.6179992184773346,0.6179992184773346
133eac09-3c6a-4631-9a95-4730d6f143e1.jpg,0.0956596268407515,0.6010471618560917,0.6010471618560917
2083a0dd-5e3d-4e0e-a446-e901ee7b094a.jpg,0.09404002392061238,0.5908708965848085,0.5908708965848085
84f33804-dee4-4026-852c-7e3d9bac5950.jpg,0.08807305082904651,0.5533792989275459,0.5533792989275459
c887e8d2-4bea-4c47-99b1-6664e79313d2.jpg,0.09845259652891086,0.6185959079641327,0.6185959079641327
6b8418f5-d9c9-404b-9e16-509c75d5912e.jpg,0.10483526062528983,0.6586993692351637,0.6586993692351637
09c92b30-0f95-4646-9492-ac53fe07240c.jpg,0.10799752481174706,0.6785684611089319,0.6785684611089319
1815071c-028b-4d2c-a154-7ed2e53c4a0a.jpg,0.11088927173979356,0.6967378429193154,0.6967378429193154
265300fb-f7a7-4e38-a7a3-0a4abd932520.jpg,0.11376035295923809,0.7147773782530485,0.7147773782530485
6eac4ddf-429f-45e5-a4c0-a89346012f33.jpg,0.11291966258641704,0.709495164854652,0.709495164854652
faf63f7f-f2dc-483d-91d1-a195f4e8d92a.jpg,0.10921022818419018,0.6861881011206337,0.6861881011206337
5c49f646-6042-4ee7-b904-f0476b681041.jpg,0.12221559284249893,0.7679032172562319,0.7679032172562319
5722ef70-5ebd-42c8-a8ce-0a854128762f.jpg,0.1298774368248125,0.8160440027918069,0.8160440027918069
d8ba8387-896e-4d29-94a4-1fb4da11b2ed.jpg,0.12174837174426151,0.7649675805165822,0.7649675805165822
7e0cd42d-c73b-4992-adc4-9f4a014971f2.jpg,0.1302495098966938,0.8183818068502485,0.8183818068502485
55ac0035-f5dd-47c0-ac67-d0378402e7c0.jpg,0.12508985846952256,0.7859627608128781,0.7859627608128781
c7f527fc-3ae8-4d8d-bdf0-3ab5a1aab85a.jpg,0.13288122334802568,0.834917350140364,0.834917350140364
b5166100-aa9c-402b-bfeb-197a292e571a.jpg,0.12703196186321095,0.7981653563211245,0.7981653563211245
e2d584d3-2232-4983-a6ef-c3908fba403a.jpg,0.12575514556640704,0.7901428829250788,0.7901428829250788
634276ee-2cd4-4c6f-ae66-dfbadefd6d4a.jpg,0.13266528852647283,0.8335605916422746,0.8335605916422746
b543876b-a94d-4e81-8b5d-43d83b42b915.jpg,0.13125652991734013,0.8247091002480093,0.8247091002480093
99504b75-a7ba-43e5-b967-8aecdcc3b54a.jpg,0.12764000099960499,0.8019857788891057,0.8019857788891057
887b9039-2ff9-484b-b44c-8d0d7048e4eb.jpg,0.12961387328931148,0.8143879842580385,0.8143879842580385
c316d070-5035-4824-bbcf-9cf960e4466d.jpg,0.13210166163228323,0.8300192194219713,0.8300192194219713
1a0e33e0-c778-4883-9995-3d0271bd27f3.jpg,0.1424968030270555,0.8953338190996587,0.8953338190996587
6a620c31-46bc-4a69-add6-4b3b6af315a5.jpg,0.18561717327946792,1.16626709590976,1.16626709590976
595ab007-51bb-4a46-897e-043640e15347.jpg,0.2437511753293636,1.5315338034372126,1.5315338034372126
c50b83f2-dea5-45d5-a7f8-a7d86f09139e.jpg,0.25847760507908263,1.6240626904678597,1.6240626904678597
3ebbfd68-2547-47ff-bd5b-e58bfbc3c5ca.jpg,0.2832562915660724,1.7797517693341232,1.7797517693341232
72383251-01d1-4f28-9481-53f3b30f6e8e.jpg,0.30590210289892467,1.9220395983698613,1.9220395983698613
aec99917-d938-4f68-8dee-ba45037e2aef.jpg,0.3238447960741232,2.0347768644995003,2.0347768644995003
06299397-b23d-4c0d-9259-42ba7e013081.jpg,0.35251784970726185,2.2149349737992092,2.2149349737992092
93cfa48c-7cfb-4a08-a8e9-3d7f8045125c.jpg,0.3630734361679484,2.2812576795576587,2.2812576795576587
bdc4a0c5-58dd-454b-afb7-aada0bb3242f.jpg,0.35619630886588144,2.238047414337708,2.238047414337708
377094d0-456c-450c-93db-b477b23f21ab.jpg,0.3707901788380102,2.329743403721477,2.329743403721477
c7202f73-45a6-45e1-87a4-2c1674de16e3.jpg,0.36069475698138853,2.266311997442172,2.266311997442172
9ebc7d4c-a6f1-4cfc-beda-843bcc496af2.jpg,0.3690981636278872,2.3191121586137076,2.3191121586137076
301dff8a-a956-4dca-8a2f-83694b6bf7a3.jpg,0.36095544101757504,2.267949923548155,2.267949923548155
65b9dcc4-2a03-4786-a1db-1a7cf86ae5a4.jpg,0.3625265602454959,2.2778215567968547,2.2778215567968547
30e61218-8ced-4534-9a84-35eda8225621.jpg,0.3629447373213251,2.2804490408555043,2.2804490408555043
1704c456-7865-431f-8236-7eb2fb77f10c.jpg,0.363925320861802,2.286610228949491,2.286610228949491
c97699ef-fd9a-4c3a-9e78-cbd18de13186.jpg,0.35813408283688614,2.25022280728096,2.25022280728096
67229517-20e3-43d2-84ac-4f6abfce8610.jpg,0.364837404704462,2.292341020748608,2.292341020748608
8dff9a4e-9775-480b-968c-730f91780f10.jpg,0.3632791440071801,2.282550180030691,2.282550180030691
232f42cd-0b68-4e29-be02-248a738ff72d.jpg,0.3609609870889046,2.267984770542046,2.267984770542046
3d51a96f-e2af-4437-a692-ae638f171c41.jpg,0.36296686093327973,2.280588047609079,2.280588047609079
5fa284e0-4499-490b-9e8f-fdf9d5863566.jpg,0.35490498656822905,2.2299337970502653,2.2299337970502653
053b5dc0-9c7f-455a-b69b-96a581b2fa0d.jpg,0.34302863669343,2.1553124900140035,2.1553124900140035
a1c41218-518c-4356-9c8d-9d3d8ef4d4e9.jpg,0.3559547076799862,2.236529389316294,2.236529389316294
c0823a41-cbbf-4c80-9ad4-1d2837bddfcd.jpg,0.35112592674741255,2.2061892639091583,2.2061892639091583
b0eee871-3285-4d1a-b1e7-726afcce865e.jpg,0.3542445891404856,2.2257843976353686,2.2257843976353686
b320e0d3-23cf-4402-856a-ac0e8608aae5.jpg,0.34449218790716196,2.1645082534964293,2.1645082534964293
c9f81ad3-c202-4d55-9aa9-e0cd5119bcf1.jpg,0.34913872110079935,2.193703282588014,2.193703282588014
0f2c1aa0-f672-4a30-bacf-548cab9cde61.jpg,0.34110707603447343,2.1432389683147934,2.1432389683147934
cab1a8b2-b479-4620-99d9-a582145d5210.jpg,0.34445545059123556,2.164277426132775,2.164277426132775
81f7aaca-9026-4713-9fa1-84893a1f7049.jpg,0.33534619920443776,2.107042311659842,2.107042311659842
59f5d988-d6a1-4390-ba87-491a3025c285.jpg,0.33242697093280216,2.088700259475198,2.088700259475198
6954d0c1-d211-4d8b-ba47-f5cedb1d8b83.jpg,0.32789521759162177,2.0602264134661312,2.0602264134661312
fa6682f2-8e8e-46b2-b36a-e377efffb733.jpg,0.3195951210276313,2.008075368687095,2.008075368687095
735e1252-52ad-4584-8da0-3938d6001af5.jpg,0.31024889008384865,1.9493512677436122,1.9493512677436122
1281de12-2756-41ae-95b4-ba017814b10b.jpg,0.3018789812369608,1.896761579454414,1.896761579454414
ed766969-1ddf-4caa-9062-43cd3c3f3c8a.jpg,0.2796324081555738,1.7569822383343463,1.7569822383343463
b5acebc5-0bd6-4948-9f5c-927cc6d42cfa.jpg,0.2526142652540719,1.587222239828351,1.587222239828351
09ee10f0-ca09-4b4c-b33c-dbea00554c53.jpg,0.2324667825697098,1.4606318726493122,1.4606318726493122
f139642b-e663-4546-b5cf-73d72dcbede4.jpg,0.21362873765784846,1.3422689456431158,1.3422689456431158
2557bf98-36bd-4248-a6ca-706e44361e0f.jpg,0.18875364947226134,1.1859741570406384,1.1859741570406384
e103df64-7420-4d6d-a400-25c4633384a4.jpg,0.17205412099203987,1.0810479250568836,1.0810479250568836
fcb40f47-a08a-440b-a845-af60e5a70d74.jpg,0.16286758166502488,1.0233271961335557,1.0233271961335557
8b53463f-a5d2-4d18-aa41-9c00bb9a70b8.jpg,0.15875941006657251,0.9975147927067873,0.9975147927067873
d91896f8-aaee-451e-8eda-9354606c112f.jpg,0.1534867958425116,0.9643859804837417,0.9643859804837417
c1c6be11-3e2a-4ba1-a5f5-04ad85d8dd56.jpg,0.16768565207363081,1.0536000253338653,1.0536000253338653
314f1538-e121-43cc-a5bf-4aed269b06a9.jpg,0.16605771874778813,1.0433714185798626,1.0433714185798626
69982b96-1bb6-4b60-98ca-033abce889f1.jpg,0.15292408030749657,0.9608503345020136,0.9608503345020136
32a2d2eb-f946-4d38-b1bc-1325b52bb013.jpg,0.1634739806875592,1.0271373135622313,1.0271373135622313
0fe54696-a7db-4a70-ae81-463122f4c4c0.jpg,0.16785617446316733,1.0546714491063462,1.0546714491063462
c83696cc-d63e-4a1b-8be5-546d731e97be.jpg,0.15464846505682192,0.9716849634228991,0.9716849634228991
d63155ff-23d5-4ba1-ac98-ec4649191d5d.jpg,0.1537823964416542,0.9662432938250679,0.9662432938250679
12e058ac-c84b-466f-8900-27eceb44ab4e.jpg,0.1520051130896203,0.9550762931808737,0.9550762931808737
dd74029e-a158-4c9e-ad2f-fdad0a40f5f8.jpg,0.15626549674390752,0.9818450731604392,0.9818450731604392
f0bef1b4-ee75-48d8-b103-ff19f6a218e5.jpg,0.16102520855903318,1.011751224503646,1.011751224503646
96587edb-d3ff-41b1-a1df-018137fd9d8c.jpg,0.14426550430857016,0.9064468970044613,0.9064468970044613
77ae67a4-e14e-4509-b4fa-70ff7ff4c707.jpg,0.15639607186163879,0.9826655008216515,0.9826655008216515
67a91a48-0ef4-46af-bfdd-32fdf94c3fc2.jpg,0.16716443227941652,1.050325104781047,1.050325104781047
df71bd85-e204-4915-950b-40b9180bbe86.jpg,0.16273007016355587,1.0224631858879574,1.0224631858879574
6880908f-e712-432f-a336-a74726681dc2.jpg,0.15730945135313032,0.9884044334224703,0.9884044334224703
4f8d65db-77ac-4564-88ec-946cd6a21518.jpg,0.16070774322476128,1.0097565309798098,1.0097565309798098
39c2d243-d307-4cb5-a649-e30b970cc83f.jpg,0.16184318754640692,1.0168907380586942,1.0168907380586942
f036b95a-ede6-4144-86ca-b98dec22c473.jpg,0.16214997513340784,1.0188183413177634,1.0188183413177634
489b533f-8489-4e8b-8800-5ff679440ebf.jpg,0.16715888713092797,1.0502902635855373,1.0502902635855373
b4c3c401-0d15-41e2-8dae-583f47ddebe2.jpg,0.15443436171826214,0.9703397124718423,0.9703397124718423
670a3057-e818-4767-9c72-6b4503363b1a.jpg,0.16161720166238067,1.0154708268725503,1.0154708268725503
6cc9d433-5e73-4dfd-809f-5d26e685a011.jpg,0.17029608763715748,1.0700018757119552,1.0700018757119552
4a2bbf57-6e33-4de9-9a74-052a6e947943.jpg,0.1665846221540784,1.0466820503205685,1.0466820503205685
04bdef5d-f038-4779-ba75-16acf97a8fc9.jpg,0.16199477812585866,1.0178432097602121,1.0178432097602121
3329c325-8e5b-4fe4-9386-9de7bc387cd3.jpg,0.16794926321082998,1.055256342957924,1.055256342957924
5d392b60-a8e2-48b6-879f-e251d2029ec7.jpg,0.16131398395358595,1.0135656538197748,1.0135656538197748
593a85d8-3dc6-4105-9411-bc27a62e6739.jpg,0.16569031194018902,1.041062933524598,1.041062933524598
bbad6295-85ce-42d1-8723-0d8df0cbbdfb.jpg,0.16705607754705584,1.0496442919187148,1.0496442919187148
da807716-e922-4c2c-ae82-387b2f935580.jpg,0.17264954946117755,1.0847891124656461,1.0847891124656461
b9fc4991-de70-4a88-80bb-f8b69d0731b9.jpg,0.1683291504432619,1.0576432448351254,1.0576432448351254
d37e3cc3-c9a3-4586-8b32-5f1035087c91.jpg,0.1725023034449576,1.0838639384599922,1.0838639384599922
83a604ce-320b-497f-bf2d-027794b7d203.jpg,0.16441556447007766,1.03305345895003,1.03305345895003
02dc4883-b503-4e4a-9d52-d7868ca655b2.jpg,0.1811766659252802,1.1383665653455048,1.1383665653455048
b53ba81b-415f-42ef-9674-5cce0f590049.jpg,0.1774895365819212,1.115199648429641,1.115199648429641
73863475-4b57-497f-a69e-71aafd3e1def.jpg,0.1995213606612959,1.2536296817755335,1.2536296817755335
bc9d5f3d-8a00-4e0f-8fdb-e7401149c530.jpg,0.19480312719431733,1.2239841465799708,1.2239841465799708
c8186aa0-b034-4339-978d-1d4b43d8b65d.jpg,0.213336840627595,1.340434902511418,1.340434902511418
920dd84e-e004-4523-9853-6cdaa17eec1e.jpg,0.2167430615193183,1.361836819571302,1.361836819571302
9285e1d3-28b7-48b6-a394-d6d4cea879c3.jpg,0.2124901320325878,1.335114875507806,1.335114875507806
8e145793-71cd-4a2d-a057-e3af03265329.jpg,0.21273740109016132,1.3366685128172722,1.3366685128172722
c6bc1668-7da7-4e0d-af16-60366c9c7dd5.jpg,0.21090944628078123,1.3251831340167868,1.3251831340167868
e35da3a3-2194-4371-8514-6b2f17f76f24.jpg,0.2156317223558864,1.3548540696683333,1.3548540696683333
a36f70db-d71a-4a99-8399-0c25ab3b5443.jpg,0.21206414338068744,1.3324383098691603,1.3324383098691603
5bd4a36a-8e34-4b1f-8c2f-cd2c1437f8da.jpg,0.21578887137033373,1.3558414660469464,1.3558414660469464
06c67a22-8b79-4c6e-bec5-5c2a20f46acb.jpg,0.213269510969832,1.340011857795024,1.340011857795024
a95e0df2-04fa-4751-8261-fc601b0bab54.jpg,0.20924253789158184,1.3147096397173548,1.3147096397173548
704e8bdc-d318-43b2-a160-d581910ca840.jpg,0.21514315680674187,1.3517843217883543,1.3517843217883543
82593d07-5be8-42ac-9ad7-c136af39f364.jpg,0.2136695217761349,1.3425251998158996,1.3425251998158996
91003cfc-6687-4d54-9216-ff8c6ac93c58.jpg,0.2078434791777883,1.3059190945629657,1.3059190945629657
040c6711-636b-442a-b1b7-348a61afb8e9.jpg,0.21672641111677546,1.3617322020066862,1.3617322020066862
44ab5f5e-6cef-41c3-95ec-7dc47629ad4d.jpg,0.21273251731770523,1.3366378271699324,1.3366378271699324
942860bc-c434-4dd4-baac-683f40e057f5.jpg,0.21633132274223954,1.3592497885367645,1.3592497885367645
a9db1d89-9251-4f6a-80aa-cca2532daafc.jpg,0.21175844957801537,1.3305175790597155,1.3305175790597155
3b56fc49-43df-41b4-86e1-6fab84a1a3c0.jpg,0.2233858596044724,1.4035747508985028,1.4035747508985028
50dcea67-e7ed-4c3d-875d-aa2191326c40.jpg,0.2129069209547655,1.337733637539828,1.337733637539828
0fe137c8-fc02-4680-9dd0-cc1530a8ccc9.jpg,0.19982798897644868,1.2555562843000667,1.2555562843000667
a97359e1-8bd5-4f5d-b80a-4bcb39bc6f69.jpg,0.21217435589713282,1.3331307955331573,1.3331307955331573
6fe1dbf8-08ac-4686-98ab-c5512ccb54bd.jpg,0.19833126156464725,1.246152068617383,1.246152068617383
63c2077a-5a7c-4d5e-8f7a-017632a707d6.jpg,0.1818615542038602,1.1426698453145383,1.1426698453145383
e87a30e3-f5ab-457a-9fc1-1f5b03e48c5b.jpg,0.13876033229792323,0.8718568811136682,0.8718568811136682
19015ed8-afc3-4580-a229-f259b0fb8907.jpg,0.13198266038679424,0.8292715125447787,0.8292715125447787
25d9f0bc-8e5f-48fe-86dd-a218af1ee475.jpg,0.12229870670546573,0.7684254370588478,0.7684254370588478
d4223de4-5c60-4f86-8cbd-fe6ea4f77483.jpg,0.11608855731716215,0.7294059176668685,0.7294059176668685
39858df0-d71a-4c67-94f8-a7755a37eea3.jpg,0.1114578878031789,0.7003105630142045,0.7003105630142045
44310207-0e41-44ad-95a5-8285edfd6eaa.jpg,0.12125999346831283,0.7618990093087957,0.7618990093087957
698b8cec-4f73-405d-a602-f77345294e03.jpg,0.12261638911144214,0.7704214944844282,0.7704214944844282
11aaf0e1-0a2a-4dbf-a072-972ee35d2e1a.jpg,0.12099436691890025,0.7602300284763298,0.7602300284763298
22cb45f7-7739-48ca-b961-552e0c3f2443.jpg,0.12381151771418887,0.7779307089613966,0.7779307089613966
bc1ed47a-0fc6-4f6b-8cdc-03ab3fc68332.jpg,0.1250789504281822,0.7858942235677983,0.7858942235677983
5033c5de-1a23-4a10-8cfe-66279c56d9e3.jpg,0.12627641827921327,0.7934181359752165,0.7934181359752165
10a2b0b7-12ac-460a-93a7-d696a7020202.jpg,0.12615353321577777,0.7926460263501668,0.7926460263501668
6f2ad783-26fa-4b47-abae-5986d3e79370.jpg,0.12276165773613122,0.7713342441726688,0.7713342441726688
305f8da0-f5ec-45ee-bfdb-390ae08d7de7.jpg,0.1293412095042869,0.8126747871701722,0.8126747871701722
c193c089-2fda-4b88-b040-1edee9e5bd88.jpg,0.13251646426033584,0.8326255011999308,0.8326255011999308
1155a1c6-0d78-4108-848c-c5b0c8790aaa.jpg,0.1376485321722137,0.8648712348992897,0.8648712348992897
cdaceed5-b359-4b07-b2df-6e440b1361e5.jpg,0.12033370313171975,0.7560789554757317,0.7560789554757317
8a7d6e7e-0638-4fc6-90c4-5900aee9745a.jpg,0.1218706288656888,0.7657357446656322,0.7657357446656322
1f5c003d-e24f-443c-b7f9-e98f8d93eab5.jpg,0.12229909835775782,0.768427897882775,0.768427897882775
1e40f484-8344-495e-a52d-c951baa2bf79.jpg,0.13317966917220406,0.8367925405578306,0.8367925405578306
d2bfcb8f-eded-48a9-8cb1-ed5fb8e2ee55.jpg,0.116537200364513,0.7322248250701516,0.7322248250701516
2ecd6936-b707-4484-8f35-58b660037927.jpg,0.1176571823448369,0.7392618793932286,0.7392618793932286
2201a05a-f197-43ea-a0e3-a9c09c58b9ca.jpg,0.1296988787598065,0.8149220893812827,0.8149220893812827
f0f53d1f-bf73-468c-a237-ed9539902885.jpg,0.12986608093075372,0.8159726516051068,0.8159726516051068
21e29599-05b9-4826-ae26-92958fbe5014.jpg,0.1209129645683208,0.7597185624231991,0.7597185624231991
9bf67b0c-48c7-4d89-9592-263a596c17c4.jpg,0.13078534459197041,0.8217485555346876,0.8217485555346876
f43d409c-a040-4f9f-8b97-624a92943606.jpg,0.13306095385926733,0.8360466302478494,0.8360466302478494
e20e0dd9-5507-43cc-81f5-4c67772aee5a.jpg,0.1320097102662417,0.829441471949884,0.829441471949884
a77d68af-a140-4db8-a5bd-4badef1eecc3.jpg,0.13137177720095924,0.8254332202871373,0.8254332202871373
dc17ce38-1936-414e-86a7-dd14adc199b4.jpg,0.1340857689652532,0.8424857334643555,0.8424857334643555
ae6256fe-f969-47ef-8383-aefe88474df3.jpg,0.1354659088449402,0.8511574080782573,0.8511574080782573
0a997db3-433b-4508-b48e-c6b4d5472f36.jpg,0.13190129271759293,0.8287602644011737,0.8287602644011737
89943d6d-69a6-40dd-986b-94cb434db11e.jpg,0.13156527128768855,0.826648979489901,0.826648979489901
2dea317d-f22e-444c-a6de-95355f52f38b.jpg,0.12818165057702297,0.8053890635555784,0.8053890635555784
54fe6bab-8e4a-42b3-bbe9-4bdba61a075e.jpg,0.1334910909179791,0.8387492610952205,0.8387492610952205
9a65c1f3-0e0a-4b47-9632-3a174e9ef2c6.jpg,0.13048840581990312,0.8198828342049025,0.8198828342049025
45fcaff7-a779-48b6-a0cd-be888dde95df.jpg,0.1269412359923681,0.7975953088624637,0.7975953088624637
644289f2-67ef-4cc7-b879-0200451e1744.jpg,0.14457592139990888,0.9083973051118582,0.9083973051118582
784c3ff0-177f-4820-ab8a-0efa1f5a8586.jpg,0.13139404960954484,0.8255731619575178,0.8255731619575178
505edd59-7995-4dab-8e66-2d0aec353933.jpg,0.13397273807546237,0.8417755394383643,0.8417755394383643
46f9194c-d4f9-475d-a88f-cb5eec572274.jpg,0.13640147620803342,0.8570357511879215,0.8570357511879215
2184be2f-abba-4a43-b88b-dc9cfa5df484.jpg,0.13806610284418316,0.8674949088101174,0.8674949088101174
01724a7c-6e6c-49ca-9b08-d02032e768b9.jpg,0.14814124847423485,0.9307989158005527,0.9307989158005527
04d4095e-c0ac-49bc-8544-9ae2824f5ddf.jpg,0.15816340830973938,0.9937700032252001,0.9937700032252001
6c3fc24d-0597-49e0-87c1-e967fc920be1.jpg,0.15078781722664153,0.947427797700115,0.947427797700115
a1c26367-e6ed-4443-b1e1-02dfacead877.jpg,0.15053565719223078,0.9458434294768474,0.9458434294768474
beedb038-2e81-44ea-98fe-895ca226b548.jpg,0.15582193018472004,0.9790580622729962,0.9790580622729962
cbefc80c-1d6e-4f40-8948-a6ff5343b521.jpg,0.15192622363618974,0.9545806161261874,0.9545806161261874
97e2cec8-17e9-4aa3-acde-894b01272388.jpg,0.16304767739483267,1.0244587709769697,1.0244587709769697
abbca837-29bc-4a58-ac72-6a7a20a7068c.jpg,0.1723039262103735,1.0826174975343743,1.0826174975343743
2346a8e2-eef6-4e91-a86e-9e7b744e1621.jpg,0.17465503288229264,1.0973899364309887,1.0973899364309887
608c695d-3bcf-4389-885d-1ee3844c0d2b.jpg,0.17489906009258793,1.098923204613268,1.098923204613268
19aab5a8-f6f5-4c22-80ea-946ae77f8ccc.jpg,0.1870774354365508,1.1754421936397736,1.1754421936397736
233faddb-8afa-405f-baa3-fad2890030b1.jpg,0.18606487430604202,1.1690800844219398,1.1690800844219398
8b5dbeaa-4b42-4780-95eb-1ed206ee070b.jpg,0.18480853646951156,1.1611862809865978,1.1611862809865978
d80ec160-3503-4b49-a9fa-8ee52aa0d815.jpg,0.19326801031458746,1.2143387227564486,1.2143387227564486
b948e49d-1a65-4ccf-b4c5-68a2acf56ad3.jpg,0.19510923573175204,1.2259074832447827,1.2259074832447827
f5b4992f-b493-4baf-9b65-8cba20942494.jpg,0.19589734549359877,1.2308593229208629,1.2308593229208629
dcc66036-9cf1-4882-896b-70445d01d461.jpg,0.19999665014785448,1.2566160136941353,1.2566160136941353
9a58ff57-5b26-4050-a8a3-4e898ee1104b.jpg,0.20511718423845024,1.2887892782570787,1.2887892782570787
37781aa3-3130-41fb-a5e3-1b32fce79ab8.jpg,0.21251231949384475,1.3352542834383794,1.3352542834383794
65c80200-7f79-48c3-8c39-300b3cb80be5.jpg,0.19673234201282194,1.236105760781992,1.236105760781992
f3b85171-2ba0-4f28-9f0e-c98c1afd96b4.jpg,0.21600294849345203,1.3571865522815267,1.3571865522815267
7a4f7ae9-dac6-4cb6-b6db-1ba128a6127e.jpg,0.21034794215532632,1.3216550995458078,1.3216550995458078
f048d046-defe-4895-bc7c-844b4f1006a5.jpg,0.21422068088469448,1.3459882346287193,1.3459882346287193
1ae361ae-52d6-481a-8cb9-48f5adcc509b.jpg,0.2000826820185001,1.257156567879725,1.257156567879725
3e3bc067-85be-4310-8a57-da270942abd9.jpg,0.2001061012363921,1.2573037151654898,1.2573037151654898
28fb63d2-fc28-439f-ac83-c68c9e05a5b9.jpg,0.19661594723879422,1.2353744308479886,1.2353744308479886
9ad7a792-b803-4930-9661-224e965b18dc.jpg,0.19294318261130167,1.2122977701037985,1.2122977701037985
ef2ef5c8-dee9-4c06-a490-68937a4d4145.jpg,0.19580998194862417,1.2303104015786954,1.2303104015786954
19678edb-5be0-415f-ae55-32c8b38f38da.jpg,0.19174212875768498,1.2047513261776226,1.2047513261776226
cc3822dd-b7e5-4ed4-9aa0-b0cd8de1df51.jpg,0.2048436668650799,1.28707071791546,1.28707071791546
f9972c95-e9f9-415b-ba9e-d9b1d3bd2e53.jpg,0.19962247526543386,1.2542650035705945,1.2542650035705945
656237e7-1a64-456f-9c8a-9bb01fa70493.jpg,0.20004635712157343,1.2569283318210704,1.2569283318210704
ac3ff535-0e09-43bc-845c-9770dc86f6f1.jpg,0.21095899786448932,1.325494475799489,1.325494475799489
0f646058-086a-421f-815a-b22643b51d6d.jpg,0.2032213919785582,1.2768776641842603,1.2768776641842603
6ee28b77-a9d9-4eaa-b716-00cdb28f2f47.jpg,0.1998708062188505,1.2558253129684198,1.2558253129684198
66d5e332-03d2-4bb7-b439-26778b7feb7f.jpg,0.20054677211608324,1.260072531962067,1.260072531962067
549672cd-ea4e-451e-8f9b-77cdec5b9016.jpg,0.20322219165675592,1.2768826887105627,1.2768826887105627
7ca6088f-8054-4db2-b1e6-c045ea5d5b0b.jpg,0.19755760834557523,1.2412910620784574,1.2412910620784574
f6749570-6df0-440d-b158-6c15f9d30729.jpg,0.1920282590956242,1.2065491361129008,1.2065491361129008
0e2965e0-4184-46e9-97a4-c860446b3283.jpg,0.1903551882495413,1.1960369219549223,1.1960369219549223
a47e11c9-7a29-475e-a877-b066ae260437.jpg,0.17666348028883058,1.1100093836659908,1.1100093836659908
be3228f6-ed40-4dcc-8adf-23bb477beeb8.jpg,0.1715340126094311,1.0777799877091354,1.0777799877091354
7203e0d3-9298-46a1-905a-d9f4e79ca536.jpg,0.14948055639680988,0.9392140356614653,0.9392140356614653
a196822f-ba41-4632-88cb-82b7fd69e4c7.jpg,0.13277718648579903,0.8342636672562164,0.8342636672562164
69e5b9c1-8ff8-4b0d-95e2-873e079c65c0.jpg,0.1393605295941789,0.8756280319469109,0.8756280319469109
aea230e3-0f3e-4459-a53c-8dfba86be207.jpg,0.15116336574422903,0.9497874386279539,0.9497874386279539
827b46b4-5547-4f4b-b962-1a50dcc7c19a.jpg,0.15512742169708696,0.9746943367477885,0.9746943367477885
3610ae03-2f5d-4918-aa86-495da6bcf9b4.jpg,0.15585982049022765,0.9792961340838462,0.9792961340838462
87dd4e5f-1152-404d-86c0-4cfda05bc837.jpg,0.15328661845055286,0.963128228835757,0.963128228835757
891c30a2-97e5-4637-b7cf-a059e89f449a.jpg,0.14111089888321324,0.8866259265459097,0.8866259265459097
bacce0ed-de85-4b64-b8a8-4725aa750ab6.jpg,0.13645316011988,0.8573604907834536,0.8573604907834536
436b35bc-3428-4da4-8deb-15e23930c280.jpg,0.14301023256166684,0.8985597920078007,0.8985597920078007
8265b28a-e6f7-4255-b303-4934d0f50d23.jpg,0.1394348945044956,0.8760952804587823,0.8760952804587823
3dd4cfff-6d56-4e24-ad4b-c7c77da32a1c.jpg,0.13911725258779464,0.8740994774348225,0.8740994774348225
dd2920df-b0c8-4e97-bcc0-ed7ad2e36a21.jpg,0.12187241291618132,0.7657469541854741,0.7657469541854741
3df40a04-6b4a-423b-9253-15010f5ddda7.jpg,0.12074661269333448,0.7586733427664633,0.7586733427664633
04ee3638-8688-4fda-ba6d-839ae613ee58.jpg,0.1309633527040895,0.822867013489313,0.822867013489313
6ca3e778-f3e2-4c4f-91b3-983acddeccc9.jpg,0.1254625647053174,0.7883045431575183,0.7883045431575183
eae146d4-39f1-436a-ab6e-bd5bbc2d58ce.jpg,0.12234212772844143,0.7686982593924314,0.7686982593924314
fb11cb49-6d77-484e-8f4c-ba8b9be471c0.jpg,0.11404384656575116,0.7165586211161707,0.7165586211161707
59d6dd9c-ebea-4832-a535-d5a0745121c0.jpg,0.1074148851900114,0.6749076283982618,0.6749076283982618
473b4899-0c29-4711-96c0-03e797e58430.jpg,0.10898307691728891,0.6847608676179324,0.6847608676179324
fd40564f-6b26-475d-8bff-1c2cc3010eca.jpg,0.09903278593142587,0.6222413454933963,0.6222413454933963
551b49cc-5b7e-4702-b640-4bec7c5a1309.jpg,0.10677716423636888,0.6709007094722546,0.6709007094722546
7167e1a1-eb63-4375-a65e-4aa6e9a43523.jpg,0.11230105488920004,0.70560833806059,0.70560833806059
8c45242b-e13d-4b81-933b-b7493a169186.jpg,0.10965902183913244,0.6890079548193223,0.6890079548193223
6f9794fc-2518-4ee4-93ef-c9d6639c7c5e.jpg,0.10762576043328012,0.6762325966284157,0.6762325966284157
7954bd57-2082-4515-820f-e8ba7e61a8ec.jpg,0.09019743792398854,0.5667272167092476,0.5667272167092476
619d7c22-41ce-41f1-867f-8d3d6be5ba48.jpg,0.09762296147948804,0.613383157211278,0.613383157211278
bc46879d-f224-4d47-9f79-c2f5cfd1ea3d.jpg,0.0877757521155135,0.5515113160188319,0.5515113160188319
8e207109-fd33-44c3-95f5-71a713c4de17.jpg,0.09575014558855897,0.60161590792234,0.60161590792234
f7cb9952-cb95-4d8c-a90f-2c91611b1444.jpg,0.08513608066897381,0.5349257711701523,0.5349257711701523
b1217989-3fe7-4858-a4bd-10d6ff0b6c48.jpg,0.10350827942144239,0.650361700432246,0.650361700432246
0f7de758-3396-4601-bcd2-a0825f26e3c4.jpg,0.11269279240775455,0.7080696974814427,0.7080696974814427
8e1274ab-33d4-482c-9066-135c22142c44.jpg,0.11579803750741319,0.7275805278668092,0.7275805278668092
1eecff11-f8a7-4a89-9dbb-4effad960e98.jpg,0.11426547415626392,0.7179511483365462,0.7179511483365462
816d05d1-d975-4a8e-8870-bd1368aeb97b.jpg,0.134560031575473,0.8454656133286331,0.8454656133286331
6d968a39-8289-40c5-922d-407b1eb6be45.jpg,0.1532578941110729,0.9629477484879782,0.9629477484879782
4b036c5a-94d0-44d3-b2f3-efeb7432bcab.jpg,0.16054421417115677,1.008729047632905,1.008729047632905
560b1efc-e27f-4730-a864-c18eced3f288.jpg,0.16773866648754054,1.0539331247204116,1.0539331247204116
2632a6ae-96aa-456a-9f8c-04c508f6fc7a.jpg,0.19287531239855898,1.2118713289802985,1.2118713289802985
19fac381-3dbe-4f72-b624-fd01592ccc1b.jpg,0.2110299888218201,1.3259405251395324,1.3259405251395324
63502b75-e6bb-4c68-b4ad-f7174618bb88.jpg,0.22117153341608942,1.389661729126352,1.389661729126352
c665b423-27dd-4893-abf3-1fd743365ffd.jpg,0.21865019612455422,1.373819699701734,1.373819699701734
f66a30d4-579d-45a3-b573-e109c049c9c4.jpg,0.22357822567287314,1.4047834225530782,1.4047834225530782
860ac687-01c9-429e-b804-5cf6d4a04b8a.jpg,0.22304297889091937,1.4014203678369912,1.4014203678369912
7e19776d-60ec-48f8-a610-81372bcd8681.jpg,0.22779721605927725,1.4312921209600644,1.4312921209600644
cb4ababd-42a0-42f3-8f84-af6a49022154.jpg,0.23030102499293045,1.4470240164639794,1.4470240164639794
5c81cf96-042e-4a01-87a3-7d718f9e8e3b.jpg,0.23638636541187008,1.485259337973447,1.485259337973447
ae25fed6-6056-48f6-9037-beb8edb3e74f.jpg,0.23280395113173105,1.462750365204247,1.462750365204247
495cd66d-e33f-4f8c-80d1-41d166711e1a.jpg,0.23000191362646097,1.445144644320968,1.445144644320968
af98a01b-263b-4b98-977e-27aa933c117a.jpg,0.23302487802605554,1.4641384898206273,1.4641384898206273
5eddbdbe-5888-4b81-abe4-49c681797977.jpg,0.23945976109590092,1.5045700525784986,1.5045700525784986
ed0972cc-8de7-4c8f-aaf3-b172194ab2f4.jpg,0.2307607518954733,1.4499125657833516,1.4499125657833516
0925b7e4-082c-4b8d-be2a-d9fc33f5d3ed.jpg,0.24299468399806026,1.5267806282193588,1.5267806282193588
f1c07404-345e-49ac-9cb9-2fa109521fd1.jpg,0.23922236314427134,1.503078437256865,1.503078437256865
e76778a0-a1a5-4322-a16d-d763067238e8.jpg,0.24782151336184663,1.5571084915581643,1.5571084915581643
81a6cdbf-97aa-445f-9a4d-de8bf9daddd3.jpg,0.25440705957104753,1.5984866987395676,1.5984866987395676
ce4416c3-9327-428a-a8c4-b47d642658a4.jpg,0.2361860041728893,1.4840004311805544,1.4840004311805544
63fbe001-0b57-483b-9edb-8178066e9dab.jpg,0.23856083808451553,1.4989219527210762,1.4989219527210762
0a80c833-f20c-4389-8a84-03fd214ada2b.jpg,0.25121706660179005,1.578443381785123,1.578443381785123
f0f4e684-5c43-48dc-ab74-1940ab71bdf2.jpg,0.24187957308236377,1.519774179697979,1.519774179697979
87a0dc5d-edd7-4f65-9787-d07af081d580.jpg,0.25097554090029317,1.5769258310461713,1.5769258310461713
4d0e6d01-6870-4766-8b91-c8ac94be7cad.jpg,0.250987957428256,1.5770038463922338,1.5770038463922338
cd424d95-9207-484d-8fb5-11069fbf2619.jpg,0.24519159796763423,1.5405842457941235,1.5405842457941235
9df1a0a4-2317-4348-af7e-d23f0d3ab3f1.jpg,0.24734218456559817,1.554096779908268,1.554096779908268
f51c0a27-9db0-42d6-8185-114b779f0940.jpg,0.2503038521782874,1.5727054863370664,1.5727054863370664
34350017-7c25-4828-a82f-f40f5e2d928e.jpg,0.2486060675704382,1.5620379910342728,1.5620379910342728
d9d61346-7db3-4e9a-bafc-43c7ff2d2610.jpg,0.25363375821963313,1.5936279030503384,1.5936279030503384
3d303dd5-5f2c-4d91-9065-626be0492d1a.jpg,0.25182982556839534,1.5822934599209397,1.5822934599209397
6abf5039-8a43-4000-b211-26289196fb81.jpg,0.2576075738270885,1.6185961228885428,1.6185961228885428
f532b06b-caea-493b-91d8-5a9c9d7fbb2e.jpg,0.25089213837423385,1.5764017975198539,1.5764017975198539
6df436a6-24fd-4739-ad21-343cc0bb5906.jpg,0.25594082651494077,1.6081236406660753,1.6081236406660753
102ae9dc-baaa-4f96-9940-58f266963ca1.jpg,0.2506755587699059,1.5750409877321054,1.5750409877321054
9ebfb262-6a1b-4c43-bf35-5ebf8107fa33.jpg,0.25032637978127875,1.5728470314411878,1.5728470314411878
b4a4584f-4706-403f-a6d5-cc8b0be282ce.jpg,0.2536019241209384,1.5934278835091524,1.5934278835091524
0b946b88-c589-4a06-9c96-433751fd10c2.jpg,0.25203270234682346,1.5835681723143271,1.5835681723143271
180962f2-c74f-4892-b591-982fe1073974.jpg,0.2526334216663489,1.5873426031165083,1.5873426031165083
a7ff7e5a-bed0-4a0f-b511-d0beaf23e46f.jpg,0.24610236334801414,1.5463067534504142,1.5463067534504142
eb45a0de-ccdd-469c-8667-4cb1d378ceda.jpg,0.2568188930596669,1.6136406954786244,1.6136406954786244
6fb31c34-bd66-4f1f-96e0-4dffae02587a.jpg,0.2436005104585629,1.5305871481346895,1.5305871481346895
9f5e44fe-e0e2-47ce-99da-2604bc7e2ea8.jpg,0.2566297657194207,1.6124523733532037,1.6124523733532037
5a4f1e95-a3d5-420a-92f5-d282958a67f4.jpg,0.2281306124005135,1.4333869119527876,1.4333869119527876
02b9008f-0f02-42af-bd47-8c4f1d46c218.jpg,0.22179690953620468,1.393591083175721,1.393591083175721
e4bfce1a-e867-414d-a303-845c073a0734.jpg,0.2108856006354531,1.325033307408421,1.325033307408421
11eb4db6-bd4a-4065-90b0-42b97af0a32b.jpg,0.18105327758113832,1.1375912935145154,1.1375912935145154
7b8f678c-39e6-438e-bee3-069b01df8ec0.jpg,0.15702998259784604,0.9866484794454523,0.9866484794454523
574a23c5-15dd-479a-aea5-9d0a23a291d6.jpg,0.15307819997795066,0.9618186969509581,0.9618186969509581
d1d53feb-c586-4bcf-beb5-7ef55d841688.jpg,0.13613805676077875,0.8553806379873056,0.8553806379873056
5e6878c1-1f0e-4b2b-9b81-18231ddd3554.jpg,0.1396675696273149,0.8775572213718269,0.8775572213718269
a217dfe0-4d5f-4b4c-a7ab-163416ce5c45.jpg,0.1436745173233082,0.9027336162619289,0.9027336162619289
7ff9f7a1-2db2-43ce-a8b2-840dfa0eeb62.jpg,0.13685109887337324,0.8598608137125595,0.8598608137125595
62db9f25-001a-4e22-bc20-366b92389ba9.jpg,0.13274413578821215,0.8340560035987464,0.8340560035987464
26b8beba-4d42-4c11-8f40-562c8bc9969f.jpg,0.1300002595376411,0.8168157206564395,0.8168157206564395
e2545d09-cb7a-4798-baef-465d9dace4cb.jpg,0.1239739693271328,0.7789514225489734,0.7789514225489734
a93f20fc-36db-4393-ac80-13783210c450.jpg,0.11838150964487536,0.7438129620424193,0.7438129620424193
4d59dfb9-a3c5-44da-9e19-9f7618b58577.jpg,0.09966353723931767,0.6262044728436263,0.6262044728436263
46c3a98a-d386-44fa-93ad-ba993dd11a47.jpg,0.07171922523301935,0.4506251822264106,0.4506251822264106
cf2a5457-7b4a-465a-8738-7b1bd5680ad7.jpg,0.0775357174282735,0.48717128052695624,0.48717128052695624
ed63c124-aef1-4ae1-9c39-5d610c7b11bb.jpg,0.07582140794482069,0.4763999563685669,0.4763999563685669
ddda00e1-bc36-466e-bb1e-e51766de9feb.jpg,0.06242967072761784,0.3922571898478279,0.3922571898478279
5a27c9a1-370d-47a2-823c-47c01e428acd.jpg,0.04293322766103909,0.26975742522963697,0.26975742522963697
cc573109-2084-4deb-b14c-dcdd84df5b96.jpg,0.054719805022647165,0.3438146749300284,0.3438146749300284
2dfcd8ec-e2b3-4eeb-8e77-42941a355b65.jpg,0.03247787980485472,0.20406453719820777,0.20406453719820777
dd4e72dd-a8ee-4b76-8a5d-79a9fe3f853f.jpg,0.03646435489719101,0.22911229892581256,0.22911229892581256
28d2a17f-25eb-4c99-af16-0826543c3342.jpg,0.03784261057747077,0.23777213476568315,0.23777213476568315
59f32b0f-a998-4b90-ac35-f4f134552956.jpg,0.0324042061879276,0.20360163221080455,0.20360163221080455
8664ba95-621d-46aa-a332-108cc5434fb7.jpg,0.03174999544812262,0.19949110490266278,0.19949110490266278
c372e21d-41b4-4724-902e-0330a589d5e7.jpg,0.034853050481241835,0.2189881746941271,0.2189881746941271
f96c35be-9449-40e6-b798-4e5a513c1683.jpg,0.03087525944317659,0.19399497648872494,0.19399497648872494
3942488a-56e5-4d01-a6d5-804d40bc26d7.jpg,0.03661357314686327,0.23004986483971634,0.23004986483971634
262ec462-030e-4f12-aa67-43c9a98e5e66.jpg,0.046567307126537665,0.2925910199323807,0.2925910199323807
f9a755a9-6447-489b-ba51-e3daedfa89ed.jpg,0.035170546191265285,0.220983059074439,0.220983059074439
03a0653f-1564-47e4-9d2e-3b1afb9d183a.jpg,0.04421162867754494,0.27778985571323,0.27778985571323
d9f87be2-f807-4550-8f2d-2d3f75de555b.jpg,0.048939506775821366,0.3074959899144566,0.3074959899144566
a56cb1c1-c656-4f40-a611-e4c81e79e65d.jpg,0.05209157788178412,0.3273010367746271,0.3273010367746271
90bb7b45-7981-41c2-b2f6-749ce1395a3e.jpg,0.05476908266597431,0.3441242954945539,0.3441242954945539
924acace-b1e8-4961-a943-f1b6c0b8b636.jpg,0.054084505938140064,0.3398229730565887,0.3398229730565887
f3b6ff77-d07c-4b34-bfb5-a3c037a4acf3.jpg,0.055633749343352294,0.3495571564574631,0.3495571564574631
b5775cd7-3f9c-4cca-9468-4a1e0a7841a3.jpg,0.04954195342352455,0.31128127383966486,0.31128127383966486
13fac562-b91a-4048-a0fb-7366ae8c2843.jpg,0.049411310075436005,0.31046041747447417,0.31046041747447417
c7c7435f-83a9-417d-91aa-04205ce5beb7.jpg,0.05442578348119841,0.3419672831008033,0.3419672831008033
fee77e12-f78a-4d8f-a8c9-a3eaf5144c18.jpg,0.04604927775558172,0.28933614540010283,0.28933614540010283
0f035b8c-5f31-4e62-ad62-a478f6170c39.jpg,0.05412944993930782,0.34010536454437185,0.34010536454437185
0f2a881b-8260-4344-9e58-b1072aa95afe.jpg,0.05786190403884875,0.3635570653023296,0.3635570653023296
cd2e9185-5272-46a7-929e-0973b7da2ccd.jpg,0.05844218453403141,0.3672030751837042,0.3672030751837042
9e7dec9f-c598-4cfb-b773-a2c1292dc5aa.jpg,0.059512215062839276,0.3739262752805434,0.3739262752805434
e0865ddf-c42c-4a17-95fe-43d91803ab51.jpg,0.06862228665717487,0.43116654326942694,0.43116654326942694
56aec685-b696-49f9-a76b-7002f1ac962e.jpg,0.08510588239598565,0.5347360298250109,0.5347360298250109
ccb9b82e-be11-46c2-91d9-339b0b5327ac.jpg,0.08847298562151383,0.5558921633394065,0.5558921633394065
0e4331f3-75f4-45a0-9e0a-7cd838f66660.jpg,0.11523747276026376,0.724058395683797,0.724058395683797
829efc1b-4860-47fc-82c6-71a2be09c814.jpg,0.15293264117701486,0.9609041240315875,0.9609041240315875
fe606cdc-0ea9-408a-8705-dfe317e7a00a.jpg,0.1630853560224234,1.0246955127762427,1.0246955127762427
ed4ee479-83dc-4716-9515-6df04262eb7f.jpg,0.17276313554566636,1.0855027948828062,1.0855027948828062
7532de6a-9707-4249-a4e4-314ab40451fe.jpg,0.1990176431083231,1.2504647310477264,1.2504647310477264
4fd0baf5-eb28-45a8-8983-78077f56fe5e.jpg,0.20842641164839043,1.309581767297331,1.309581767297331
4bfee848-de1b-4260-84c5-df787bf99015.jpg,0.2140055223531075,1.3446363537043375,1.3446363537043375
2c417212-42c2-4ec0-815e-b6887ed5152b.jpg,0.21215696537660197,1.3330215276700736,1.3330215276700736
49ca6993-3649-421c-bc88-529aeee4bd8c.jpg,0.21218034006967346,1.3331683951981403,1.3331683951981403
73711107-baac-43f4-9b57-8d614666c564.jpg,0.2169133156448897,1.3629065577915789,1.3629065577915789
0e1e94be-bdcd-4f7e-a786-4eefab83c3e6.jpg,0.22134191426561808,1.3907322635767352,1.3907322635767352
504b920c-8fd5-4584-851f-9c5c59669564.jpg,0.21631647045549704,1.359156468866926,1.359156468866926
4880f37b-786b-434e-8e7a-1cca5395b753.jpg,0.2180961866981823,1.3703387558139148,1.3703387558139148
5b3f8701-2378-4e92-abce-b56aa42e9ce0.jpg,0.21943273558784926,1.3787365401597975,1.3787365401597975
ee89b719-26a0-474f-ad30-37f95f571825.jpg,0.2097971412236954,1.3181943152250035,1.3181943152250035
43ef76d7-cd7b-4c7a-8025-be66689b9f35.jpg,0.22538283496156752,1.4161221171210026,1.4161221171210026
aa18dd99-1616-4734-9f4f-b4269ef13b0c.jpg,0.22785042266488287,1.4316264279226507,1.4316264279226507
52279534-637b-4459-8782-7bec7d327bd9.jpg,0.23222238557296102,1.4590962810302213,1.4590962810302213
2b2d323b-8dfa-48e9-9e7c-6e5cb0dddd3e.jpg,0.22741519140184532,1.428891789245508,1.428891789245508
c4a91301-1c65-4034-8609-7fe50cb507ac.jpg,0.22954151644018164,1.4422518834846707,1.4422518834846707
5a15579b-4b03-4cb7-904f-25a9ed157888.jpg,0.22574815426759373,1.4184174860170555,1.4184174860170555
b4edd125-e7ca-4722-acc7-6717e4584a9f.jpg,0.23146997610520484,1.454368752917433,1.454368752917433
e5723587-9a97-4caf-abe9-fa796e1ca6ee.jpg,0.22410730921009145,1.4081077524603989,1.4081077524603989
608f2ca1-3710-4ffa-a00d-86b7ef52d4c7.jpg,0.23060282257572207,1.4489202666019179,1.4489202666019179
cfc0011a-d073-4504-bc8c-61f316c6d7c8.jpg,0.23712208105020002,1.4898819756624637,1.4898819756624637
2ed505e1-85de-4aa8-b388-e83611dbbd55.jpg,0.2293841837658324,1.4412633331368603,1.4412633331368603
9b7d0811-4286-4265-9a96-4080752cb7b0.jpg,0.2362165490869,1.4841923505354757,1.4841923505354757
08a5fdeb-47dc-4db7-a536-c453c386e9f1.jpg,0.23710144474170558,1.4897523139121371,1.4897523139121371
56dea5ef-7167-4a66-9a05-f730c5b3778c.jpg,0.23001276990936917,1.4452128563582272,1.4452128563582272
9081d685-aac4-4ad5-9134-db19f3a13056.jpg,0.23471084998995098,1.474731764092492,1.474731764092492
91b0fb30-6367-4837-a85c-295416596539.jpg,0.22838590869186323,1.4349909858595735,1.4349909858595735
c0fd2953-b7e4-48ea-a601-385376ad23d1.jpg,0.21322295238262085,1.3397193215639358,1.3397193215639358
21437401-d2d0-48c0-a133-57e8318ab46b.jpg,0.20848799899198353,1.3099687319897033,1.3099687319897033
965c3256-2e97-42a8-a211-0dacc13d8b42.jpg,0.20156750525892847,1.2664859874477434,1.2664859874477434
8c2fa372-cd68-40ae-a0fb-957a9b21f895.jpg,0.18946568863162905,1.190448031024914,1.190448031024914
55e264ad-4234-4875-a488-b48512466db3.jpg,0.15904541983715675,0.999311845095032,0.999311845095032
627cac65-8a4a-4098-a97e-209a747e3642.jpg,0.1531336985003334,0.9621674044513634,0.9621674044513634
dfecb095-5ce3-4d3d-afee-69c7717d714f.jpg,0.14712618367485383,0.9244210755672467,0.9244210755672467
0ec9fdb5-ddfc-4afa-b32b-b67f7e1c9ebf.jpg,0.1492961612830588,0.9380554469920289,0.9380554469920289
f168b54d-d7c6-4c7e-9c9e-b34a8964cc7c.jpg,0.15894146617412025,0.9986586849668135,0.9986586849668135
fbcba5f5-21e1-4c9e-9ff2-05ba137b7f9d.jpg,0.1636806164911238,1.0284356446071259,1.0284356446071259
ed663371-0131-431a-974d-0da0023fd90c.jpg,0.1568405795833529,0.9854584252076536,0.9854584252076536
8feec39b-5a55-4058-b2db-867f309b2f1a.jpg,0.1513696512739467,0.9510835688373596,0.9510835688373596
fe02a9e5-d0fb-41dd-a9a6-b756e515f859.jpg,0.15596741557140079,0.979972173916998,0.979972173916998
73377ea5-db62-4504-96ea-45e79a537a28.jpg,0.15115111536615192,0.9497104672324123,0.9497104672324123
3257d274-2f49-4d77-b8da-8272fec81768.jpg,0.16526317261932263,1.0383791380196117,1.0383791380196117
43894408-7163-40f9-9820-d883f54729df.jpg,0.16427900504324427,1.0321954307657937,1.0321954307657937
4058740f-4bd3-4166-8c8a-99675e05e96a.jpg,0.16165876532985046,1.0157319790973092,1.0157319790973092
d5dcecf6-3872-4e5c-a451-97a25aef2147.jpg,0.16851219785143476,1.0587933656206743,1.0587933656206743
ac392713-3cae-4bd1-82d0-a2e642d28eec.jpg,0.1778770907840867,1.117634723298423,1.117634723298423
d3f40e3b-e083-4fb7-943e-fa891c64f2a9.jpg,0.18480525289516175,1.161165649680488,1.161165649680488
fd2a21a2-f943-4fbd-abdf-9b49ec74ffa4.jpg,0.18872532229716776,1.1857961721502965,1.1857961721502965
b8d9d22a-17c1-4f18-8a94-e984e19a18ee.jpg,0.19244331708427928,1.209157022368846,1.209157022368846
c742147a-7a66-4f32-b15f-d5ca8c04a628.jpg,0.19300644184533142,1.2126952395935977,1.2126952395935977
cff1dfb7-432c-466d-87fd-7506e90e36d2.jpg,0.19382108270189988,1.2178137790542167,1.2178137790542167
7de86a2f-1b76-41fc-860d-4124a83f5f3f.jpg,0.1792485623482074,1.1262519332793208,1.1262519332793208
f1028709-436f-4431-a533-9e46b46ebc1b.jpg,0.18759179371484966,1.1786740020166073,1.1786740020166073
e82bcf29-986a-4798-9598-f3f097a12b57.jpg,0.187692953670693,1.179309608764837,1.179309608764837
e2a4ea7f-3385-4e8c-b019-d67ca7e4e35c.jpg,0.19941299652839378,1.2529488098478576,1.2529488098478576
d38c086d-349f-4e44-a733-a7d6e39124d5.jpg,0.20366014494474538,1.279634430374889,1.279634430374889
8e91a69c-2958-4ded-bfd5-9df15405389e.jpg,0.19432368291151114,1.2209717093066317,1.2209717093066317
99b1e7a0-6829-4b1f-978c-bfe542f9a5a6.jpg,0.19668812566329127,1.2358279412642839,1.2358279412642839
8e55007b-bf88-4f01-8721-5fa927da7a64.jpg,0.19944140230300553,1.2531272885935372,1.2531272885935372
d33223f2-6c0b-437f-a0ce-02bd5d357d69.jpg,0.20315544251768142,1.2764632915006628,1.2764632915006628
afde2940-0a79-4f33-b807-59a1635240a1.jpg,0.20810173155293207,1.3075417420920132,1.3075417420920132
24ef63cc-0dc4-47b3-9fcd-c75fe96f761f.jpg,0.21366700541674274,1.3425093890635391,1.3425093890635391
fa1e08e8-27a1-4a38-bb01-c4660c819be2.jpg,0.22060568529484806,1.386106400524873,1.386106400524873
eb469a7a-76a7-4a74-bf72-ea4ebf2fb823.jpg,0.20727353651652103,1.3023380392077564,1.3023380392077564
2152f327-f6b9-426a-814f-674516863c20.jpg,0.2154482529444986,1.3537012973583846,1.3537012973583846
49ed81c7-c2b5-4d4b-8e48-18387e541048.jpg,0.2161292785194226,1.3579803072445606,1.3579803072445606
96c8b234-04c0-44be-a1fe-43a01d9c1ba2.jpg,0.2191882790489509,1.3772005744263476,1.3772005744263476
8ee6d76b-1060-4a41-b8ef-c6510e91907b.jpg,0.2106793892772144,1.3237376432321621,1.3237376432321621
b27435c5-4a13-4409-888f-2c4efb4560d0.jpg,0.21410876480420982,1.3452850451561809,1.3452850451561809
7bc98f5c-5fc5-4279-b0e2-419dce3a845d.jpg,0.20411061339068926,1.2824648070957916,1.2824648070957916
ccb5f4ac-8953-4a0f-9f9a-0b1462023c9b.jpg,0.19556668056782095,1.2287816939176162,1.2287816939176162
21cd5ecb-5035-4d74-9e4e-4d49b8a9d1d7.jpg,0.17766825382993973,1.1163225620165305,1.1163225620165305
072072a3-efa3-4d52-96cc-447883677518.jpg,0.16571104203600637,1.041193184558054,1.041193184558054
ce798df2-4a28-40c0-8fe7-92b8c4ba7bec.jpg,0.16104400299387384,1.0118693134204935,1.0118693134204935
bee9c3ac-0747-405f-b7a8-18d231ad880e.jpg,0.1476829936270631,0.9279196156778594,0.9279196156778594
4d30cd98-bbc0-445a-93b5-0f2f59be8b99.jpg,0.15287576878495596,0.9605467842534189,0.9605467842534189
ad0d6657-a133-4119-b620-ca1290866e81.jpg,0.15515725386206194,0.9748817777684408,0.9748817777684408
ad76a9ca-8173-4415-8e35-299d13eff906.jpg,0.16068193010700704,1.009594342377604,1.009594342377604
e1a63642-36bb-4ff5-a482-46e9513b4e28.jpg,0.15193372265564883,0.9546277338550709,0.9546277338550709
e459ba85-2883-40d1-b05e-b99365e55dc1.jpg,0.15292973836005622,0.9608858850947236,0.9608858850947236
3fcc6b9b-22bf-470a-aba0-ff9a2b6dc191.jpg,0.15238573688644635,0.9574678230286541,0.9574678230286541
a37894ab-9d09-4520-a622-b4dbb051df58.jpg,0.1542679363915735,0.9692940313044496,0.9692940313044496
bdb2fd7a-94fa-4831-a502-9f4ff5219ba4.jpg,0.15048008674202398,0.9454942700405947,0.9454942700405947
f9e455fd-58f9-4b80-ac42-ef8ff3617eaa.jpg,0.13959250356085545,0.8770855673659811,0.8770855673659811
e63c763f-d4c6-4dbd-90d3-361c3c40c904.jpg,0.14551913467939231,0.9143236889310452,0.9143236889310452
9e4e9830-0a12-4cb5-b0dc-64ab5094eede.jpg,0.14406735112622043,0.9052018638405507,0.9052018638405507
7be45873-1839-4ae8-9199-6944ea5a285f.jpg,0.1432395009851835,0.9000003279978409,0.9000003279978409
a983f930-f17d-4f56-b5a9-fae5e7d5386c.jpg,0.1516335727284725,0.9527418362426856,0.9527418362426856
e854ba15-e4db-4ac2-acee-fd9807ceaf58.jpg,0.14309200258893076,0.8990735682416731,0.8990735682416731
df995176-7e35-4b40-9ea6-5fb3809a67e4.jpg,0.15268250669511038,0.9593324827300663,0.9593324827300663
1f7e975f-12cd-4cb4-818c-16a76f216ddd.jpg,0.16377338805097727,1.0290185455089211,1.0290185455089211
aceff2fd-43aa-4988-8f3f-41118154901c.jpg,0.16408563266406567,1.0309804362741242,1.0309804362741242
0049b36b-812e-42f9-9e02-3fb0edca6c89.jpg,0.17355787617602736,1.0904962975345092,1.0904962975345092
576d2a4c-d97e-4065-935d-e706da4bb696.jpg,0.1749271698562347,1.0990998234672016,1.0990998234672016
100690c0-860c-4708-b19b-bc1825b3a8aa.jpg,0.19182585613912503,1.2052774008304954,1.2052774008304954
ce7bd2e6-8cd0-46ac-b297-51ccefc2f570.jpg,0.1869796831940934,1.1748279981862213,1.1748279981862213
e5b77255-82d0-4ec6-82c7-e7ea1e8c92ad.jpg,0.19168574472576616,1.204397054856711,1.204397054856711
4695332e-cd06-43c5-8c30-60f091cd02e6.jpg,0.21356771821612883,1.3418855491834507,1.3418855491834507
c97ae590-ef3d-49c0-b172-9ab306b10587.jpg,0.21259543409812748,1.3357765078988206,1.3357765078988206
4596ea74-0af5-43d3-b9e2-e5957fb4ae3d.jpg,0.21447874043729828,1.3476096706180167,1.3476096706180167
97a374e3-f58c-4d95-be4a-038e2a307c6d.jpg,0.21361165578953398,1.342161617099103,1.342161617099103
e4bf3c02-6cca-4156-a514-229247b214bf.jpg,0.21749702514637237,1.3665741127549558,1.3665741127549558
4c25827e-cd70-4de1-a255-b045b8958aa7.jpg,0.21451920026784566,1.347863887230843,1.347863887230843
26329eba-d7f1-49f9-8370-077846b23cdd.jpg,0.22323367631796706,1.4026185551087342,1.4026185551087342
20bfdbfd-5610-4d50-9a21-c967d1541e98.jpg,0.21686957255020656,1.3626317118217752,1.3626317118217752
58c30b2f-04af-4851-b140-31c71a7c1cdd.jpg,0.21934655085719768,1.3781950255264643,1.3781950255264643
8055089e-45ed-4daf-8cfd-078fcd1d7136.jpg,0.21634999707356567,1.3593671228209743,1.3593671228209743
207b60ab-d306-4ec6-b185-858ad9115eb5.jpg,0.2199647242541937,1.3820791235317589,1.3820791235317589
6712407e-b65d-4f58-8f51-429f0080b97f.jpg,0.21810218856895897,1.3703764666801945,1.3703764666801945
1a08fc78-bd74-4dd6-8a7d-bec5cbbf2d35.jpg,0.22357396247018266,1.4047566360605719,1.4047566360605719
9e15cd72-0874-44a2-9ef4-94c35fb267b6.jpg,0.21876344475368048,1.3745312618243184,1.3745312618243184
c0a69df1-bb84-4bac-87a5-8882e0f8ec6c.jpg,0.22167375621707633,1.3928172880504435,1.3928172880504435
9eebb58f-eb68-477a-bfea-8587bb8f41ce.jpg,0.22940527239180605,1.4413958368817266,1.4413958368817266
0a249529-845d-4ffd-968d-6b70f372420d.jpg,0.23174744321333166,1.456112130174441,1.456112130174441
2f3f4763-1cf4-4ee1-aefd-e126753eb46a.jpg,0.23578877023140724,1.4815045367159214,1.4815045367159214
4bdde78a-a02d-43e8-98ed-84da40525930.jpg,0.23069918213845886,1.4495257115907119,1.4495257115907119
42aad07f-6627-4f83-ab42-787c0793c64d.jpg,0.2362713783146382,1.4845368527336043,1.4845368527336043
3357e96c-4d1d-4b84-ba89-0ec3fe6621a3.jpg,0.23903109073014364,1.5018766372347492,1.5018766372347492
c8d9acb4-8217-42b4-b0f4-5040cd7e1a66.jpg,0.2317717246809836,1.4562646951352283,1.4562646951352283
3a52fbfa-936a-4de9-9867-4a02414c5237.jpg,0.2316413610454898,1.4554455962561033,1.4554455962561033
6773c554-760d-412c-9d8f-1e68c6b8570b.jpg,0.2123898535823426,1.3344848074225988,1.3344848074225988
62df9881-f770-42c7-82d3-737d3c697e4e.jpg,0.2184065892021447,1.3722890722661232,1.3722890722661232
3f0ac202-217f-4c73-92c3-6f803b562077.jpg,0.18148074334049002,1.1402771400929965,1.1402771400929965
ce0530bc-11d4-47f9-a03e-ffbee69df9c6.jpg,0.15547217470927574,0.976860483808579,0.976860483808579
4cc8ba84-def4-4443-8799-eb726973b1bc.jpg,0.1537884951008898,0.9662816128311705,0.9662816128311705
329ca764-e2df-4f89-8ad1-246a38e0bdd4.jpg,0.15037840813465836,0.9448554045087406,0.9448554045087406
9fc269c0-0828-4c3d-a71b-551e6c734b79.jpg,0.12998909443773407,0.8167455682647504,0.8167455682647504
740f423b-0b68-4c91-a948-60e3574e0509.jpg,0.12995797493370134,0.8165500386542452,0.8165500386542452
648a59b4-8713-49d6-a181-d94312cff2c7.jpg,0.12654906268223168,0.7951312112823465,0.7951312112823465
62d29c51-a732-40a8-9272-64faa9036d34.jpg,0.12891566441847874,0.8100010085394798,0.8100010085394798
c9ba31da-77ac-4257-82d7-e7362bb2fa9f.jpg,0.1292974277808195,0.8123996984885589,0.8123996984885589
7652785b-1749-4099-8dee-91941527f9f5.jpg,0.1312614004810388,0.8247397029022784,0.8247397029022784
1afd1c29-9b17-4b55-b375-54012ada0fcd.jpg,0.12543681168662574,0.7881427321688594,0.7881427321688594
de286540-8047-45c6-a797-ee40e1246cf3.jpg,0.1220296274565613,0.7667347622756646,0.7667347622756646
dcca3767-e8ec-4bd9-846b-fae82545382a.jpg,0.12356478278199318,0.7763804276606566,0.7763804276606566
1c2217a7-fc8c-4d02-97e8-30d07f2c8e96.jpg,0.125841726688967,0.7906868881622268,0.7906868881622268
3f52778c-d465-4206-bd38-aff84b266d21.jpg,0.12742541770340546,0.8006375122752587,0.8006375122752587
f88afc94-2a2f-4170-8835-cd0005fd52c4.jpg,0.11820962447642892,0.7427329756775146,0.7427329756775146
fc9c6544-04dd-4efa-a5d7-eee64cdba8c2.jpg,0.12085809896595429,0.7593738316765403,0.7593738316765403
48a18e19-c022-4b31-a391-72e6ea7d9fb4.jpg,0.13061878932731583,0.8207020579429766,0.8207020579429766
a927e0e7-6348-4a57-98c2-be76f769237a.jpg,0.13090193851499304,0.8224811367587299,0.8224811367587299
cf6057f7-0592-4bd2-8432-66122f9c288a.jpg,0.12916696698101857,0.8115799891080866,0.8115799891080866
58c96638-8329-425b-a146-6addb7ce67f1.jpg,0.11571606081397251,0.7270654531110515,0.7270654531110515
478f1ec4-7390-44be-8e13-f18e4fd0fad4.jpg,0.11873036732457763,0.7460048994898214,0.7460048994898214
739a409e-f9d0-4add-9f1d-6b5e23075884.jpg,0.12705732505362774,0.7983247179464945,0.7983247179464945
a320828a-06c7-4eec-8290-3c8d34d5d25b.jpg,0.11725831403795478,0.7367557159079273,0.7367557159079273
b7515101-09da-4e40-bbb7-6484067fa2b2.jpg,0.12440884877482367,0.7816838507050992,0.7816838507050992
81541c99-85b0-4820-85eb-c6ba6f6c24d8.jpg,0.1367322702257299,0.8591141912996149,0.8591141912996149
2ce16a7f-a7c3-426e-aac6-59cfcba08412.jpg,0.1408673436605878,0.8850956239496228,0.8850956239496228
60783b05-1e27-4a70-9aa4-c1fa409cbef2.jpg,0.14439294856317747,0.9072476528724944,0.9072476528724944
cb464ec8-42e2-495d-9ca6-f81365a2ab9e.jpg,0.14253390249020242,0.8955669219014077,0.8955669219014077
861dc466-a915-48e4-8144-ce4dde653e9e.jpg,0.13846108453923975,0.8699766519931017,0.8699766519931017
6dcb6993-a59f-4b8a-8ca7-2a87eccee724.jpg,0.14498791830146793,0.9109859579903375,0.9109859579903375
9f560035-5d53-46c8-b5f3-b4114341b7c0.jpg,0.14032915274984623,0.8817140707267936,0.8817140707267936
dd0027c4-e7a0-44e1-9118-0199bfb2eef3.jpg,0.14724447520802317,0.92516432319042,0.92516432319042
9fae38fa-8ed8-420e-9a00-c6281fc03880.jpg,0.1473296413070672,0.9256994375726032,0.9256994375726032
cd152993-c42f-494c-9483-364fbd887e6d.jpg,0.14456661793162165,0.90833884969661,0.90833884969661
a3244e30-d5bd-4e30-a5f9-7e8c6a42bf17.jpg,0.15182563357176843,0.9539485901113671,0.9539485901113671
d7264197-ab62-4e3d-9fe0-59131875c365.jpg,0.16251564616394393,1.021115920164089,1.021115920164089
40e8851a-42fb-4469-9064-1cf1553dbb69.jpg,0.1661582311680598,1.0440029567421025,1.0440029567421025
4089a307-87a2-48aa-b88d-7f1dba426ae7.jpg,0.18222399225785646,1.1449471107701703,1.1449471107701703
72548790-2c63-4bb0-b8c7-c83288d290f8.jpg,0.17982812445607876,1.1298934294000962,1.1298934294000962
b42556f4-117a-471d-82ea-c6a3dd5c963c.jpg,0.1914497463684104,1.2029142334452545,1.2029142334452545
47d85e06-8ba3-4248-9a1a-cd1ab7687381.jpg,0.19533812742462425,1.2273456521663728,1.2273456521663728
7dc42234-7399-441d-94f3-fb95367fc4e9.jpg,0.19931207479787455,1.252314699913484,1.252314699913484
034baecd-6315-4c68-8071-85b6888bc3ac.jpg,0.21664695527917255,1.3612329662552898,1.3612329662552898
3a9ba5a8-7841-4de0-bd94-606650f7b458.jpg,0.2200391491995279,1.3825467492547705,1.3825467492547705
57651966-df14-4707-8777-c7ee2066fe7f.jpg,0.22063527739781721,1.3862923331914574,1.3862923331914574
3cc9f673-68c3-46b5-a843-4a8e58b08dfd.jpg,0.22468129547169327,1.4117142145058184,1.4117142145058184
5a1be2f4-14d0-4aac-91f3-fa36ff45e85c.jpg,0.22734407543971616,1.428444954477152,1.428444954477152
2bacc9f7-c7f0-4ba4-bdc3-f72580b3e236.jpg,0.2287933130183598,1.4375507827378984,1.4375507827378984
1185a152-e037-406a-9703-616420e0a0a0.jpg,0.22931030125846033,1.4407991156520825,1.4407991156520825
b9e66099-e8a6-4d24-ab9e-627ad7ba0533.jpg,0.22362335878147951,1.4050670022379412,1.4050670022379412
551507c5-880f-4b53-bc22-a94ee4dd1fc3.jpg,0.22875949248320737,1.4373382820483476,1.4373382820483476
4a95202f-f640-4ffb-b8cd-a7924f6ee33e.jpg,0.23854686412287437,1.4988341517306094,1.4988341517306094
d711e311-fc3a-4ee7-879e-516e084d7487.jpg,0.22849641824534747,1.4356853378623287,1.4356853378623287
3385fe8c-b843-4f38-9408-5abc22174639.jpg,0.24029340198564966,1.509807972768432,1.509807972768432
83eceb59-e8b9-4ab6-9173-25d475f394f1.jpg,0.2520373674571426,1.583597484066941,1.583597484066941
64f6c798-2cb4-4447-aa92-c522a4f9d02a.jpg,0.2430895901089193,1.5273769409006699,1.5273769409006699
3ea674e4-6f70-4728-a2cd-11ce3c5e8b30.jpg,0.23721112303214734,1.4904414429351573,1.4904414429351573
fbb67dc2-68cc-4689-a9a7-289a9e104045.jpg,0.24712994169245917,1.5527632186062073,1.5527632186062073
5297b7b1-556a-4f3c-8a73-deda52209949.jpg,0.2410124943117947,1.514326163106572,1.514326163106572
1a8d961e-70a3-4058-b2d3-b89dfbf41745.jpg,0.2423426979046807,1.5226840787769509,1.5226840787769509
876ff2c7-9986-4c54-9732-621dfe56a17e.jpg,0.24714809350020348,1.5528772697779252,1.5528772697779252
3827111c-d040-49b4-bd5b-8a2b54bf58e5.jpg,0.23996937533524476,1.5077720532794732,1.5077720532794732
5b2867ab-7834-41bf-a71b-8ffe010b4da3.jpg,0.23586559863511988,1.4819872638133027,1.4819872638133027
19403dcc-844a-4fd5-9465-0934797b0028.jpg,0.24483723902756213,1.5383577429083948,1.5383577429083948
d3e4f971-4175-42d3-93ca-b593f0c13626.jpg,0.23672531735370497,1.4873890358342239,1.4873890358342239
4432caab-2c60-4f41-9657-8e555089507a.jpg,0.2428370056201852,1.5257899057522342,1.5257899057522342
2f116265-d4e1-4b2f-a012-62104b3ae43e.jpg,0.2511722738896473,1.5781619408743188,1.5781619408743188
a2d93d0c-7104-4a9a-af07-6c56eb1783ec.jpg,0.252491699520122,1.5864521366096336,1.5864521366096336
c33e611a-c618-4736-bfcf-6a4ced9a9b1f.jpg,0.25965916600239536,1.6314866567007555,1.6314866567007555
0cf8edce-c7fb-4634-bae0-ad3f35329fad.jpg,0.2464263167570655,1.5483422127503765,1.5483422127503765
56703a7d-5e7f-460e-a73a-b4903d65ef1e.jpg,0.2546823437835945,1.6002163604591413,1.6002163604591413
28bd05d0-2e99-47c1-a53a-022e303c6b6e.jpg,0.2550221513093679,1.6023514341123497,1.6023514341123497
7989b04b-e5cf-4dc8-bce2-ed1ede32bd95.jpg,0.2590265324314104,1.6275117027427144,1.6275117027427144
b0eb72a2-bfd0-4a04-9a9e-129a3336949c.jpg,0.24828695112293978,1.5600329232600714,1.5600329232600714
b588bfab-29d7-424a-8b28-224b6a437f84.jpg,0.25504695430893304,1.6025072759547914,1.6025072759547914
bd8cb45e-e76b-4451-80ce-034c0d8b1569.jpg,0.22882737645428397,1.4377648096180091,1.4377648096180091
a7faae62-94eb-4122-851a-16acfb8367d2.jpg,0.20561813157744743,1.2919368232171367,1.2919368232171367
382a3708-5b35-4f8d-9b62-829f3fac233f.jpg,0.1830221961810844,1.1499623739327292,1.1499623739327292
c3ea0f85-d9d0-4cb1-867a-072fa229267d.jpg,0.16642342652391928,1.045669228305571,1.045669228305571
03252d13-e3aa-4152-bcf6-8d1595dff2c8.jpg,0.1436463164272535,0.9025564248061889,0.9025564248061889
e7abe0cb-8a3c-4257-84b7-0c1a0cf475f4.jpg,0.14019944631307973,0.8808991011490558,0.8808991011490558
9194e8ce-9b1a-4900-bd7a-2b4e0a709901.jpg,0.1362888662230932,0.8563282017851034,0.8563282017851034
d5f48ec1-8312-448d-92a0-ded05f7886d1.jpg,0.13415357700086392,0.8429117839174134,0.8429117839174134
6a008cb4-9faa-4529-ad44-dab6198d8e3e.jpg,0.14521837955937292,0.9124339887798802,0.9124339887798802
5357be57-ebc1-4b56-9433-90f181651caf.jpg,0.14500854459636706,0.9111155568233893,0.9111155568233893
7049049c-d9e5-462d-aea6-6ad43ec70290.jpg,0.14180062984208613,0.8909596339726068,0.8909596339726068
463134be-d6c6-407e-8e03-e7a4b0a2336a.jpg,0.1544218474124814,0.9702610827696312,0.9702610827696312
afa22823-a8ec-43a8-8eec-530f31bfb841.jpg,0.1539420633542247,0.9672465106241737,0.9672465106241737
a179321f-0c6c-41cf-bc14-d62b7175b9c8.jpg,0.15673989505754898,0.984825805674462,0.984825805674462
76461ce3-c66c-43a6-99f8-92f76c8c0df9.jpg,0.15793898586848298,0.9923599154396966,0.9923599154396966
9f338555-817a-4a0a-ab98-6bd53e168c19.jpg,0.158870007378963,0.9982096961150129,0.9982096961150129
481c5db2-24ba-4eb8-841a-881ad6b2e7ae.jpg,0.1683050173246362,1.0574916119787598,1.0574916119787598
2d5675bc-4e78-4425-843b-9980159ed6d8.jpg,0.16879092757993075,1.0605446761554345,1.0605446761554345
f22a3de2-add8-4600-b744-bd323a10b9fa.jpg,0.17115806660008465,1.0754178492669169,1.0754178492669169
84ba73a3-4e67-4e0b-83f1-5dd1e7486b58.jpg,0.1795572551648766,1.1281915074494486,1.1281915074494486
6ed62f64-38ca-422f-9b5b-a83eef3875e1.jpg,0.16736392180767276,1.0515785344539226,1.0515785344539226
5c0d1467-1c76-4167-ab60-fe532237d347.jpg,0.17201130262509834,1.0807788893228392,1.0807788893228392
f211f3a1-db07-4e79-8043-7523719bc566.jpg,0.1752327959157849,1.1010201286340586,1.1010201286340586
0d47a493-e6e9-4fe1-943b-589c19c1b2bd.jpg,0.17604673320342468,1.1061342474407225,1.1061342474407225
33f434c9-3506-4c03-b73a-66710c25d311.jpg,0.17721656557657023,1.1134845210195337,1.1134845210195337
b077b41d-37b9-4862-8d11-f0fa884684c3.jpg,0.16951722916038856,1.0651081635743482,1.0651081635743482
baad2c88-6067-4f54-90ed-9788dcde8613.jpg,0.16845117820447783,1.0584099678714654,1.0584099678714654
bf122809-59a6-44f7-bf77-0369107b9f5a.jpg,0.17211524828590968,1.0814319991715942,1.0814319991715942
e18ff409-5b07-4849-842c-844705f1a3ad.jpg,0.16723275176950636,1.0507543687973733,1.0507543687973733
c8af45bd-5040-4715-ab96-f2e97c536cfb.jpg,0.17773104466252776,1.1167170884532733,1.1167170884532733
56d8dc4d-8c53-4634-9146-83e3863fd6de.jpg,0.16909450982435253,1.0624521396531061,1.0624521396531061
56d1130a-ac61-47b9-8802-20b07fcf6517.jpg,0.17285562193939913,1.086083904033022,1.086083904033022
cf1b5fec-f3fd-4955-88aa-13dc98feeb0e.jpg,0.16936909181050505,1.0641773891541157,1.0641773891541157
fdb83998-8848-48c4-b6ad-27d29d3af20d.jpg,0.18236825796306252,1.145853558929451,1.145853558929451
6eff2d6a-2ef9-4f63-9141-f952da4321de.jpg,0.18393731741459673,1.155712250221422,1.155712250221422
133e8c8f-3474-40cb-b9e7-a643b8c5eb42.jpg,0.1898232204465022,1.1926944696709743,1.1926944696709743
c7ca59b0-6b00-4172-aed0-d7203026b5b0.jpg,0.2019785119159948,1.2690684184365755,1.2690684184365755
667c529b-3dc1-4bbc-a1b6-29bd8a934133.jpg,0.22793733133604774,1.4321724912083802,1.4321724912083802
a8929d35-6ae0-4204-b44b-3bebed96f7d3.jpg,0.2267524736663791,1.4247278109072192,1.4247278109072192
38d784ad-0189-4aaf-af3e-6eaaf9919d6a.jpg,0.23570673300809433,1.48098908163976,1.48098908163976
71bef0f9-7aa4-4d97-ab7c-fa4f7ac30da9.jpg,0.23538977289397742,1.4789975625077785,1.4789975625077785
1aa25cbc-5ea1-4200-9928-4310799bbe08.jpg,0.25146928751475595,1.5800281325196335,1.5800281325196335
d9357ea1-4963-4f10-8b16-426376af7f99.jpg,0.24379594863666695,1.5318151224238148,1.5318151224238148
0bd784c3-67d2-40f3-8ce7-c19ec4a09a76.jpg,0.24829261901667932,1.5600685356867383,1.5600685356867383
fda6e58f-2ccd-4ac0-8a8b-74f1661c70ea.jpg,0.27002975190060263,1.6966469696432154,1.6966469696432154
146017ac-5ed9-4d4e-979e-4a2e657aadd7.jpg,0.26929964885739266,1.6920595969293915,1.6920595969293915
f74b7485-d973-4df1-b406-1b0fe34a46d7.jpg,0.26093584290561944,1.6395082542611088,1.6395082542611088
b5528bc9-eafb-4dc0-b331-f55621d8b28c.jpg,0.26827120812531113,1.6855977132322717,1.6855977132322717
90d869da-134b-4710-92c1-2f5f5f68b0d0.jpg,0.27263585370914256,1.7130215902356476,1.7130215902356476
62a2f06a-3e52-482c-8fbf-e5daec674c4f.jpg,0.2740237176825712,1.7217417967618585,1.7217417967618585
aa9c4536-65e1-4c48-a159-a7e99dbefa58.jpg,0.27401585364105935,1.721692385531776,1.721692385531776
8b76df2e-49bc-4ba3-b78b-8878dde51bd6.jpg,0.28278809821319173,1.7768100237383841,1.7768100237383841
32f57dd6-e25b-4d3c-9107-08d10eaffdb2.jpg,0.2861892482262908,1.798180079528202,1.798180079528202
80a6a447-30be-4cb1-a41e-7c02c7373d8b.jpg,0.28054579771448146,1.7627212341906062,1.7627212341906062
6aaa9042-1cb6-4bb3-9c97-e0f15635616d.jpg,0.28100303451381886,1.7655941377301048,1.7655941377301048
ad5edfee-09b6-4637-b210-1e4fde9a02a3.jpg,0.28653157762759857,1.8003309985927143,1.8003309985927143
bd8f332f-23f2-4246-bb7a-42b585daf2b1.jpg,0.2836709173458856,1.7823569399418233,1.7823569399418233
a29c02b6-6b0e-472c-b7f8-64f4f58cb14f.jpg,0.28956052457969667,1.8193624335783636,1.8193624335783636
a12d444d-e0f3-4399-93e6-a81931c5a147.jpg,0.27452208585940435,1.7248731363681022,1.7248731363681022
f84cff87-30c3-4d8c-9d9a-5f1bfdfb6d2f.jpg,0.2725858556544776,1.7127074431931895,1.7127074431931895
0441f6b5-9c2b-441c-99cb-8fe89af01c06.jpg,0.2957049078122089,1.8579687320265648,1.8579687320265648
adb80ea7-4462-4292-8cc3-327ed11f2fe2.jpg,0.2793539684172965,1.7552327498618674,1.7552327498618674
ebd5b59c-8add-4407-8bb5-9058dcc98c5a.jpg,0.30496829674478826,1.9161723212624375,1.9161723212624375
8e902fb0-104c-4caf-866b-c2176baf3337.jpg,0.32411722437352736,2.036488581987576,2.036488581987576
3e568b90-6b45-4aec-9355-f063b147c5f1.jpg,0.32705168922340666,2.054926368416773,2.054926368416773
7af69e92-47d9-4c72-805f-057ef361ff19.jpg,0.332900886728315,2.0916779602384046,2.0916779602384046
fad6a2ef-5b4b-45f7-b056-44f4163c8623.jpg,0.34523702000456025,2.169188171587118,2.169188171587118
64e20213-a152-4cad-ae7c-c6cefbf7c3f1.jpg,0.347666776272328,2.1844547804687835,2.1844547804687835
6f3bd378-e5ae-488f-97ad-02c2f0132c95.jpg,0.3701416093549503,2.3256683214748297,2.3256683214748297
c2569e13-f491-4d03-9de8-47583efe3b74.jpg,0.36690771821288115,2.3053491841659626,2.3053491841659626
6d18f56f-e86d-403d-bbe4-5862a14dfd12.jpg,0.38228969159791715,2.4019969733342483,2.4019969733342483
eb9e2535-c3ca-4e23-968a-db4427cf1021.jpg,0.39657434910688993,2.491750123512719,2.491750123512719
8072b913-69ea-4937-8dd0-05716a333764.jpg,0.41504199759779403,2.6077857811689245,2.6077857811689245
5c79450d-e87e-471d-91df-9e4f9d48d2f3.jpg,0.44213770364865523,2.778033123315353,2.778033123315353
4ddf5247-f47e-4539-90d0-8c0f8f46a54e.jpg,0.44936487260038266,2.823442765085351,2.823442765085351
6ea7e901-36b1-45ce-9175-88012b56bf69.jpg,0.44967823996584305,2.8254117103117613,2.8254117103117613
840efa19-13b5-4088-9779-eda30c74ab70.jpg,0.45705207721852575,2.8717428961953506,2.8717428961953506
3067b333-0cb4-4dd3-82b8-0d7889fae1fe.jpg,0.46923330306336525,2.9482797954470823,2.9482797954470823
7385d703-5dc4-4ef7-9c8f-a4463621ca03.jpg,0.4710740037854795,2.9598452591791853,2.9598452591791853
4ca837a4-02fd-4fc4-87ec-ac8766d72d23.jpg,0.4750537075635143,2.9848504754842606,2.9848504754842606
82bd1845-4c65-459c-8e7d-a4a3f317ec4c.jpg,0.45946371881264686,2.8868956872257154,2.8868956872257154
4aa182f2-a626-4811-bcbc-ab41584dce56.jpg,0.46759167870365187,2.9379651653902235,2.9379651653902235
0aa3179d-799d-4c73-9ea0-fa15fc67e7a1.jpg,0.47039622416140264,2.95558664420368,2.95558664420368
d8357e26-175e-4fcb-9ce7-9e1383f239c3.jpg,0.4571912420004581,2.8726172943084647,2.8726172943084647
aba6c50c-aec1-48a5-bdf6-1543693f2864.jpg,0.462948691793862,2.9087924182572045,2.9087924182572045
c4c26656-8eaa-463c-ab2c-6ab3184f9a9e.jpg,0.4565095182004511,2.8683338973447063,2.8683338973447063
2fa1a050-369f-44cf-a2eb-de6f7d3cbfe4.jpg,0.4513903627734455,2.8361692951805764,2.8361692951805764
2cc559eb-5bc4-45e3-87be-3353304ff1b2.jpg,0.43948684756903084,2.761377303344409,2.761377303344409
2df63fab-cf7d-4d45-b42d-6d3d94814407.jpg,0.4467347925334004,2.806917484651782,2.806917484651782
01526460-c892-4c32-abc1-e28f3c375f74.jpg,0.4344303445024875,2.7296063575709955,2.7296063575709955
544d9467-950f-417b-9b40-334bfa8401ee.jpg,0.4350892238804056,2.733746218797534,2.733746218797534
6d3f1368-0e17-4071-9e68-85f44a3b3d6a.jpg,0.4376154304237811,2.749618842633772,2.749618842633772
ff4f5c0e-693e-4608-8638-8937c3fed9d9.jpg,0.43391628154836764,2.726376404770704,2.726376404770704
2db622a0-a096-4c65-9272-71773b708a8b.jpg,0.4359900389505255,2.7394062068105973,2.7394062068105973
d06570e0-fe53-40ac-86f5-ba19d370dd8f.jpg,0.4332340402503324,2.722089756270938,2.722089756270938
8f36e060-eee8-4f49-b1d2-1a17ff409659.jpg,0.43253621705200745,2.7177052038042135,2.7177052038042135
cd05c389-06d0-4157-8200-6f161c992ec7.jpg,0.3947309260361993,2.4801675547600395,2.4801675547600395
8b22e165-2228-435b-8838-5ea50f7f92fe.jpg,0.37471867396991815,2.3544268666136072,2.3544268666136072
53018cb4-5a73-442a-8563-536600a79405.jpg,0.3598986071203463,2.2613096403329584,2.2613096403329584
d3049a91-15cb-403e-9dad-6c1183bd1960.jpg,0.34168521675130137,2.146871533572249,2.146871533572249
1a9d2a45-78a0-4bdf-b98c-034a6fee58f1.jpg,0.3393614484267287,2.1322708665780046,2.1322708665780046
359c8e8d-c56b-4314-834b-d2220a9dcbda.jpg,0.3292150227484387,2.0685189938357835,2.0685189938357835
9b274fb7-6bb8-426d-8e08-a376ff438722.jpg,0.32450601320980316,2.03893141429126,2.03893141429126
2bcbefed-a632-4c24-9c29-86d70847ce0a.jpg,0.30612734667496455,1.923454846754009,1.923454846754009
f1ef57e8-283b-4719-875b-42feaa4face2.jpg,0.28564835448407006,1.794781543914335,1.794781543914335
636c70f6-79ca-4f46-80f3-4701e60f7429.jpg,0.26748615173759904,1.6806650584716916,1.6806650584716916
7efe4773-e1df-4c62-a11a-f214b9f0e816.jpg,0.2545686519720454,1.5995020137392695,1.5995020137392695
be38041b-b2ea-4c64-a19c-f56ee5f391ab.jpg,0.25146408047066765,1.5799954156967242,1.5799954156967242
2db7d674-bb7f-44ee-8f5a-45d5f3d68a37.jpg,0.2425843766710674,1.524202591250969,1.524202591250969
bc2770d5-4e4f-4713-87de-a9df348e4a63.jpg,0.2373430210650164,1.491270182717326,1.491270182717326
4e717625-4ee8-450c-9836-696b952378b6.jpg,0.23546679397923687,1.4794815002590238,1.4794815002590238
330ae052-3ac8-42ab-9954-2466bb9b6a22.jpg,0.24588202989671568,1.5449223575465356,1.5449223575465356
651afd0e-ee40-483a-b508-23223427cfbe.jpg,0.25454617091100545,1.5993607610668532,1.5993607610668532
932cb12a-1d66-4476-9672-4f15a504e9aa.jpg,0.25563286172128863,1.6061886407994717,1.6061886407994717
487fe404-5323-46a3-a460-acdbb87302a3.jpg,0.2568899241552754,1.6140869970149045,1.6140869970149045
2f539e6e-2aca-4dd9-90d6-93bba657c1c9.jpg,0.2518054777154712,1.5821404778491852,1.5821404778491852
951a6c94-5809-4b34-a05e-4777c25a30c9.jpg,0.24871983866219893,1.5627528358864056,1.5627528358864056
fdae7433-d10b-4302-803b-35de6b8a8df2.jpg,0.24796663363882676,1.5580203091502596,1.5580203091502596
ab4ac27d-64a1-47ca-ab4b-d183cef0f259.jpg,0.2559961996261622,1.6084715601849147,1.6084715601849147
4871418d-f143-4a51-a180-f8d89d255cd9.jpg,0.2492474480602637,1.566067903504256,1.566067903504256
104abfb3-6314-4120-b29d-2e38a58974c7.jpg,0.2576582175984817,1.6189143270888608,1.6189143270888608
73ea376e-eed8-49c9-953f-886ce2c994d5.jpg,0.25208386134793515,1.5838896137984422,1.5838896137984422
3a954f19-16bf-4f9d-91ec-f5a3a78e939e.jpg,0.25103343333344424,1.577289579931543,1.577289579931543
cd0a56db-e7b4-4fd1-b96b-0a8a73da40d6.jpg,0.25152187037089596,1.580358520348742,1.580358520348742
9d0ba682-487e-48d0-ba45-41f0c5f87162.jpg,0.23629641466750928,1.4846941607781092,1.4846941607781092
b592dd27-db65-4ae0-9ab1-4f88dfd5d27e.jpg,0.20804115917830618,1.3071611546377429,1.3071611546377429
ffdc375a-da37-4150-aadf-648d9a8cf23a.jpg,0.20168372448965666,1.2672162144106665,1.2672162144106665
f8ef32f1-2908-447d-8bce-6d15c906dff3.jpg,0.2126032559753978,1.3358256542031601,1.3358256542031601
2996e10b-525d-4d05-a953-1313c505a754.jpg,0.20373018409929644,1.2800744993616915,1.2800744993616915
975687c1-69f2-4397-9ba3-5e1325389a29.jpg,0.22479808774665153,1.4124480420118282,1.4124480420118282
9101263a-e6ee-4b53-852c-c2b94e5755a9.jpg,0.22834974335286876,1.4347637523329744,1.4347637523329744
4a7684b1-7934-4fdc-974e-4779650cb6c5.jpg,0.2175381798734508,1.366832695531456,1.366832695531456
46218e08-e94d-432a-b85a-5b7f148ca7e9.jpg,0.21905528439983166,1.376364944401068,1.376364944401068
b16cb960-c8c5-4558-82ae-e312c4016b97.jpg,0.22049709897407968,1.3854241325496606,1.3854241325496606
89c31e11-175c-4d59-bf76-a34b33943c28.jpg,0.22509124257933125,1.41428998814925,1.41428998814925
aafb0975-d38b-48a6-bf2c-7b607e92187a.jpg,0.2105042800565406,1.3226373995496727,1.3226373995496727
1ed18bdb-7697-4616-9ff8-f13eab8ccbe4.jpg,0.22087655027122508,1.3878082953646746,1.3878082953646746
296d630a-0d15-4a37-8fc2-d543916887e0.jpg,0.2121058829070915,1.332700567048191,1.332700567048191
3a80d4bc-dcaf-48af-9b1a-716c34e08d68.jpg,0.20835107566800865,1.3091084173722942,1.3091084173722942
21d45739-42cd-40b3-8ca0-77df12c79609.jpg,0.21944386997441145,1.3788064995738496,1.3788064995738496
991c5404-b98b-434f-a51f-69b898a4d557.jpg,0.20818104520665048,1.3080400844757156,1.3080400844757156
b9b6726f-8be4-4dd1-8fa5-543aa4c6b6c8.jpg,0.19388707572110936,1.2182284254228901,1.2182284254228901
eb07ab7f-ca76-4993-b96e-004006d4618a.jpg,0.18822403102253377,1.182646466178899,1.182646466178899
3b0bbb29-d339-4339-91df-b89ddd317c4b.jpg,0.14741217776188548,0.9262180294128242,0.9262180294128242
91f014e6-b6bd-45dc-9338-151f7a1d569d.jpg,0.129233688715716,0.811999214131207,0.811999214131207
89237b40-8a64-476d-b789-27fd6acebdd0.jpg,0.12537334234993405,0.7877439425651018,0.7877439425651018
06958722-dbb2-4480-b69c-2263aee466dd.jpg,0.12310184709697782,0.773471716966399,0.773471716966399
42498654-1bde-4669-9100-cce5e5c580bd.jpg,0.12957794063706116,0.8141622127453713,0.8141622127453713
8c3bde22-5353-44e7-ba5e-dea9281dbea0.jpg,0.12923449527384814,0.8120042818854123,0.8120042818854123
f4bc6232-0869-4c21-9d2f-467a27f023a9.jpg,0.12958515422418418,0.8142075370499947,0.8142075370499947
736cfdaf-b31b-4a9f-824a-820e4c6e66ad.jpg,0.1242954713205474,0.780971479150225,0.780971479150225
76ec0f0f-71af-4b2a-8aee-e01aa4821775.jpg,0.12785621782452145,0.8033443092665858,0.8033443092665858
70ffd6e4-00e0-4b6d-83ec-3f4f5d03399a.jpg,0.12478019056294899,0.78401705997219,0.78401705997219
6b3bde0c-aa91-4699-b72e-8400269795f1.jpg,0.12821937656172916,0.8056261029083832,0.8056261029083832
cbfb263c-3b88-4cca-88dd-92481071e742.jpg,0.13483478677068078,0.847191951134234,0.847191951134234
e067eac1-3773-4523-b09c-6418c0190ab9.jpg,0.11758021451847157,0.7387782762774845,0.7387782762774845
19b8c4a5-59b7-476c-a6e8-64da453ba574.jpg,0.12483103418858867,0.784336519893773,0.784336519893773
ac9cd068-f49b-41e7-af4a-9090f4397e7c.jpg,0.12493796132814795,0.7850083629259905,0.7850083629259905
37710b18-a8bb-4fd5-9d7a-2570c771d56a.jpg,0.1162920602512964,0.7306845643125888,0.7306845643125888
c685c603-a54f-44b7-8b74-00100921d5cf.jpg,0.11739529715069769,0.7376164061892453,0.7376164061892453
d50f6f73-f925-40f9-b0e4-20b971411dbe.jpg,0.10525115491439677,0.6613125101218202,0.6613125101218202
0c87fa33-e6e9-42d3-889e-2a13e0b7af1b.jpg,0.10613830262299116,0.6668866235697586,0.6668866235697586
cd2b663a-7e6a-4a25-a1b7-cb8c6f60f110.jpg,0.10653255413251386,0.669363778861725,0.669363778861725
261b0bd7-8bc7-4aa7-adbb-e52bee964ef9.jpg,0.11118154444808327,0.698574246505731,0.698574246505731
cb381546-543d-4910-a188-1640545e3606.jpg,0.1091948103136564,0.6860912277830278,0.6860912277830278
87119a02-8797-4d5f-896e-4dfd0e996df8.jpg,0.11488918818393588,0.7218700591510965,0.7218700591510965
495aa387-9a4a-4b79-95ac-d00f510826bc.jpg,0.11356131425737509,0.7135267812059428,0.7135267812059428
7849215a-ee12-4856-a111-6bc2236f465c.jpg,0.11108746464753144,0.6979831256852013,0.6979831256852013
f2f57566-675f-4cf9-8b11-eb793237cd62.jpg,0.11423109751505732,0.7177351535296067,0.7177351535296067
94c2b9e5-7ae2-45e7-852d-307170ce8e05.jpg,0.11701001445220181,0.7351956035989454,0.7351956035989454
c60925f3-83f5-49a3-ad7a-9857484541de.jpg,0.12281772329299888,0.7716865144558186,0.7716865144558186
e99d35b7-3da1-4156-99aa-a0fa3524e04c.jpg,0.13292737566619378,0.83520733370777,0.83520733370777
69b452a5-1915-4030-aa91-fa3dabe2478a.jpg,0.1356396407522566,0.8522489978456961,0.8522489978456961
ec11d6a7-f3a7-46b3-932d-426ba3e4a6f6.jpg,0.12871278502517955,0.8087262797163728,0.8087262797163728
9eafa79c-7ef9-4e7b-bc63-a1252b7bdffb.jpg,0.12514750922450504,0.7863249911895318,0.7863249911895318
48e30aa0-cfa5-4a45-8e99-08ecc2b8e8d2.jpg,0.128645805832809,0.8083054370389834,0.8083054370389834
8c9e87aa-9011-413a-a2af-b4025d944f29.jpg,0.13156934186457875,0.8266745556788092,0.8266745556788092
0f7e8f03-f3b9-4ca3-a5fe-fc990099381d.jpg,0.13391035249157687,0.8413835592543151,0.8413835592543151
5904002e-c006-495b-b85b-acaaae1cd8ee.jpg,0.13862655690029682,0.8710163455008398,0.8710163455008398
5eda3629-f4c5-4160-b0da-73273999a490.jpg,0.1373418384517753,0.862944221421227,0.862944221421227
a5d9e86a-06ef-4627-953f-09d46da0762b.jpg,0.13955009724919862,0.8768191206516471,0.8768191206516471
9dd634a6-7912-4f92-be10-26774a98d632.jpg,0.1431962582364939,0.8997286257946323,0.8997286257946323
d05a1dd1-f0a4-4f3c-8348-e2a4d5164668.jpg,0.13954135447123037,0.8767641881575731,0.8767641881575731
db85ae26-ee6c-4362-89f9-df6911edbd22.jpg,0.14749954587420658,0.9267669794524761,0.9267669794524761
a55c1b4a-9457-4c6c-b40b-a2e104c2a2c0.jpg,0.15218860926826133,0.9562292336744346,0.9562292336744346
6cb17081-3491-4960-8cf7-8d7ec533abbe.jpg,0.15797123073689187,0.9925625159231153,0.9925625159231153
cdbcf92d-5235-420a-8014-d73edec5bfbc.jpg,0.16987718934214596,1.067369860099536,1.067369860099536
d82a87c8-bfc0-4d9f-ab75-6d619ace4dcf.jpg,0.1810195242566111,1.1373792151217776,1.1373792151217776
5da3ce23-a269-4be2-830c-a1c08fb75b59.jpg,0.18632640957511656,1.1707233589818982,1.1707233589818982
5dd32094-04e4-4ed6-ba4d-ba40c95f1fcd.jpg,0.19136606353258032,1.2023884386807038,1.2023884386807038
86762327-35fb-4b91-8336-71f11ee2e990.jpg,0.1958298640878216,1.230435324743576,1.230435324743576
9d951574-8d48-43f3-8192-5e2562b79fda.jpg,0.19425948175482485,1.2205683215422365,1.2205683215422365
bccb1a0c-a18c-467e-879e-64fd7d34db9b.jpg,0.18869380494852112,1.1855981428083586,1.1855981428083586
54a0a4b5-55f3-48ae-801f-25ee95b4af7d.jpg,0.19721509590237438,1.2391389929278116,1.2391389929278116
dec0fb83-a876-4824-9269-be47781bb6a7.jpg,0.20406227358484572,1.2821610791379636,1.2821610791379636
a11872e4-da82-4ef2-aa79-9e06ed6fb5a3.jpg,0.2075727405960431,1.3042179938840577,1.3042179938840577
77fc8af1-cd10-41f1-a81d-fa711d3f0353.jpg,0.21137972519177445,1.328137983560616,1.328137983560616
28c314a9-cb63-4c81-a32b-16b15f326cc4.jpg,0.2139314062701188,1.3441706686206774,1.3441706686206774
24378f5a-3de0-4b72-b6e6-555261346d74.jpg,0.20842632756713328,1.3095812389992114,1.3095812389992114
a1b95006-bad9-494c-8a43-0611a1ecc0c2.jpg,0.20433321770665144,1.28386347126316,1.28386347126316
377b0c1c-1931-4581-bae3-550ff608b95b.jpg,0.20933169915975913,1.315269856487536,1.315269856487536
b7879b11-1d10-4497-81fa-64ffca16b357.jpg,0.21226192543288777,1.3336810111535693,1.3336810111535693
8b569bd5-cd43-40e2-93a4-83aa74098687.jpg,0.21521013954438856,1.3522051867413707,1.3522051867413707
f2ca95c4-0649-4dc3-a698-2bddd6a2bb7a.jpg,0.2217358004921286,1.3932071237278465,1.3932071237278465
367b11e5-3fec-4557-bac2-a5daaeaf2a2f.jpg,0.20952432815382188,1.3164801801527677,1.3164801801527677
2f74e48e-9de4-4b9b-b416-4e59e43ed358.jpg,0.21350328054593004,1.3414806753608288,1.3414806753608288
b4a983bf-a6b7-45b4-bf5f-deab44a2238b.jpg,0.20831125984154836,1.3088582471564856,1.3088582471564856
a8646b26-fcc0-4409-9a35-e98b4f6b77d0.jpg,0.1948091133861788,1.2240217589327207,1.2240217589327207
41fbde6d-bf6b-45d7-bcbd-6b8c92a45390.jpg,0.17467608424009146,1.0975222060130063,1.0975222060130063
ec3ac2cc-fb91-4637-a6a2-d4fcfdb8d870.jpg,0.15074804975346892,0.9471779312969731,0.9471779312969731
371018f6-fc8e-43de-88a7-700e10c1a579.jpg,0.13120453016673397,0.8243823761790237,0.8243823761790237
8e6884e7-8d70-41f2-aebf-f33fc838b34b.jpg,0.09267699369876664,0.5823067251216657,0.5823067251216657
95cb9711-743c-4cb8-bca8-230d85c3525d.jpg,0.0707410116286483,0.4444788848801433,0.4444788848801433
19a36238-1ddf-4c53-a93a-62e59f1c356f.jpg,0.0803761460979509,0.505018220210365,0.505018220210365
e1643c96-4441-46cc-9fca-e858a5b01308.jpg,0.0875088496358837,0.5498343182803722,0.5498343182803722
d6d8fcac-d1db-4871-a076-ffaa02c9ce59.jpg,0.08715909802569291,0.547636764102059,0.547636764102059
dd68a039-4684-4077-bb65-a14246c9063c.jpg,0.08488373951252975,0.5333402649235862,0.5333402649235862
0c761789-177b-4f69-babc-85dd13084819.jpg,0.1011239660808516,0.6353806178829337,0.6353806178829337
e30055e0-43e9-409d-bc1a-0ed2524da8c1.jpg,0.08852722264794442,0.5562329446269803,0.5562329446269803
af8eb401-33cb-4479-bf4e-857eb30a74f4.jpg,0.08599021295447964,0.5402924425968302,0.5402924425968302
40750244-c385-4d83-ad07-1aff3a4bd4b2.jpg,0.09149138557943524,0.5748573296062098,0.5748573296062098
24d8d132-cf4b-4361-a6dd-08e296da76e2.jpg,0.09585069143156172,0.6022476560857929,0.6022476560857929
bdb4cded-f28b-4ab9-8cb3-43c41d0d01cb.jpg,0.08981265484742298,0.5643095533361195,0.5643095533361195
4f122bce-a9c6-45a4-be17-9cfb23b18916.jpg,0.0931488602060872,0.5852715498274124,0.5852715498274124
2bc3b29c-92f1-4324-a786-f91e8502ddef.jpg,0.09116040628083039,0.5727777253402352,0.5727777253402352
562117b5-21bc-4f95-9137-64839dcc0d50.jpg,0.09174765326559511,0.5764675069665944,0.5764675069665944
d650f7b8-6f08-4863-b9e8-759b88914c88.jpg,0.09986203603432996,0.6274516775559403,0.6274516775559403
e1de4297-6336-4c13-8b1a-556998d0758f.jpg,0.105952102671145,0.6657166947681212,0.6657166947681212
12f943c1-5099-4e6e-84ea-e2bea9c1ec59.jpg,0.12535445407223547,0.7876252640161882,0.7876252640161882
d0def623-0d95-4f13-ae7d-d03b2090267b.jpg,0.1344170529572262,0.844567252175224,0.844567252175224
d07bc587-082a-4356-85ce-110ccc67b6b1.jpg,0.14115419199585513,0.8868979451951633,0.8868979451951633
27c68ff1-d086-4674-85e8-22cca16b723b.jpg,0.12810505855100904,0.8049078216630806,0.8049078216630806
246b2826-548d-4b3c-a688-cbdeeb65feae.jpg,0.13154874653406182,0.8265451514007087,0.8265451514007087
75b3a79c-13d2-4db2-8aa6-4af61ac3f593.jpg,0.13521419671078835,0.8495758540953158,0.8495758540953158
dd055035-931e-44e2-bfbe-afc7f45e8a70.jpg,0.1405975117148955,0.8834002198330412,0.8834002198330412
b097db09-7bb2-4c0c-9170-c67e159e2d17.jpg,0.1481248730443707,0.9306960259402315,0.9306960259402315
ba8e7fa3-2aa2-4c9c-9474-43d136414f17.jpg,0.16975346937549113,1.0665925046228457,1.0665925046228457
03767c70-9471-43c3-8dce-f3d109c10a13.jpg,0.18788958813887568,1.1805450995662075,1.1805450995662075
d955656f-00c8-4d16-9047-d548f501b42c.jpg,0.20362689663620978,1.2794255250912097,1.2794255250912097
321d0359-0a94-47c6-bcba-179ec7eaac65.jpg,0.21177573951654222,1.3306262149474293,1.3306262149474293
cf8334da-1d7d-4570-a9da-24130b0b5367.jpg,0.20207685574587092,1.269686330943505,1.269686330943505
48dadb5f-2d73-4141-922b-34a38341fbd8.jpg,0.22436853144455404,1.4097490601658829,1.4097490601658829
47511f78-4f6e-4d49-8730-d57c842ff2da.jpg,0.23329171232644252,1.4658150591762704,1.4658150591762704
e61473dc-c00c-4763-bfd3-75274498b80b.jpg,0.23048634997219555,1.4481884476507512,1.4481884476507512
611dda71-2c52-42fd-9485-b5f61fe75104.jpg,0.24417703304694835,1.5342095463912901,1.5342095463912901
6671f486-3aab-4be9-b27f-a6e294c0c244.jpg,0.2518272170878038,1.582277070354013,1.582277070354013
4602e162-dee2-488e-83f1-19f829b76192.jpg,0.2533961820359013,1.5921351678633788,1.5921351678633788
1b9c9de4-cb23-4b4a-bfbf-f99902e5a24f.jpg,0.25631274769836415,1.6104604903811899,1.6104604903811899
ca1fef5b-0122-461b-8447-12d772dd07ee.jpg,0.2675889850839482,1.6813111794425606,1.6813111794425606
9e0f208c-2dd6-4889-99b1-eaf900dd3ede.jpg,0.27527293002099973,1.72959082937222,1.72959082937222
671f004e-2fc8-41b9-bb80-65860728ac17.jpg,0.2737174854596278,1.7198176829580756,1.7198176829580756
7c27d3b6-203f-4421-83d2-f2dd4dd94167.jpg,0.26375735438185627,1.6572363337126386,1.6572363337126386
7e975c4a-340d-423d-ad60-14a710e2c105.jpg,0.263712217175554,1.6569527282811929,1.6569527282811929
378091d1-0199-4f3a-a462-f0ff89b40d58.jpg,0.2621833563263966,1.6473466122570453,1.6473466122570453
64737763-925e-49c5-b1f3-bd5e0bd9982f.jpg,0.2583086614961192,1.6230011866296414,1.6230011866296414
ff7176c9-3dc1-4fcb-990d-f0b3e2c88ddf.jpg,0.22899321137321418,1.4388067811440486,1.4388067811440486
7bdc4a9e-9796-4e92-baf3-1424fbcca134.jpg,0.19052319096304576,1.1970925141359796,1.1970925141359796
dfd86782-9d64-4fde-a9ab-00f639bb02b1.jpg,0.13523765195528056,0.8497232277428854,0.8497232277428854
4b45da05-c266-4ad9-841c-d5a4a5e19285.jpg,0.10735461722346887,0.6745289535963881,0.6745289535963881
525f1366-d5c9-450f-9b6d-c4ff7edb44f1.jpg,0.0927414194035031,0.5827115237630704,0.5827115237630704
4b8bdc36-d396-448b-98d5-65a62cbfdd4d.jpg,0.06154298535384312,0.3866859813352356,0.3866859813352356
7d59ee20-4ce7-473c-a507-9119a471642d.jpg,0.051249068436722826,0.32200739380825794,0.32200739380825794
10206196-ab85-4864-8275-33942e791cf1.jpg,0.04006685738786116,0.2517474896442691,0.2517474896442691
600553e6-0eb9-420e-9a54-86890b2b697b.jpg,0.03757315633742005,0.2360791038436392,0.2360791038436392
a84c8405-c9ae-4f80-8dfa-d7956143f11d.jpg,0.04476402014861768,0.28126063368808557,0.28126063368808557
c298bf23-0ed9-408d-890c-078b3e3e0ff6.jpg,0.058270705867203836,0.36612564294379846,0.36612564294379846
25ed9a2c-423e-44c4-8616-47d45c6a0623.jpg,0.05825493376002595,0.36602654387171507,0.36602654387171507
c26f93d7-670a-41fb-b3cf-a028a60e770a.jpg,0.061316590060087044,0.3852634977518928,0.3852634977518928
d4f471e9-802d-40d7-8d38-1e5501901c0d.jpg,0.05666154986862662,0.3560150176165782,0.3560150176165782
7deefbd9-b6f8-4720-a0da-d39d4df83af0.jpg,0.06671756212039025,0.41919880604567733,0.41919880604567733
fdaed50f-1fdb-432f-af2e-cd8d82fade75.jpg,0.08476548797308542,0.5325972685883982,0.5325972685883982
a91d837f-85e1-40fb-935b-82ce418e8ed5.jpg,0.08683323955425906,0.5455893349421258,0.5455893349421258
fb2f8043-a249-4e71-b101-0e4d523dcdce.jpg,0.08612476804011762,0.541137877133917,0.541137877133917
b5dfbd0d-e691-47bb-8ee0-344e75ae363e.jpg,0.08692168991356625,0.5461450849401395,0.5461450849401395
4e83c9a3-26ec-42a7-85fc-ddc8f963adf0.jpg,0.1001504996105042,0.6292641476594149,0.6292641476594149
38b521d8-b093-4f44-9893-a4bda390bcab.jpg,0.10000854732758485,0.6283722351610554,0.6283722351610554
8a297e20-0da9-495c-a498-2da95c132361.jpg,0.10646439417455243,0.6689355172153237,0.6689355172153237
7c534f85-3a32-48dc-b73b-5c85271101cd.jpg,0.11197292614110083,0.7035466443316697,0.7035466443316697
f477c2c6-ee5c-4fbb-861b-835fb5c428f3.jpg,0.11622963305161288,0.7302923226487689,0.7302923226487689
54f69f84-0487-4f38-891e-d83b05a85fc5.jpg,0.11645264934815952,0.7316935753664923,0.7316935753664923
e2d540dd-fba4-4766-b613-60c3eaffc50e.jpg,0.13766415547526442,0.8649693990074676,0.8649693990074676
bc783d31-5aab-4400-9697-8e0ba169c722.jpg,0.13881652151636278,0.8722099283853896,0.8722099283853896
900d99c6-9daa-40b5-a3b6-5916e762e628.jpg,0.13057548687842127,0.8204299806323174,0.8204299806323174
5618f623-d67a-412f-8b7e-ad1441dad72b.jpg,0.12805529420757075,0.8045951430715678,0.8045951430715678
ac6a834c-530d-48c3-94fe-da4519f72c9a.jpg,0.12438129170852424,0.7815107045510177,0.7815107045510177
262d8de6-3c45-4a41-8579-52b3194b6f4e.jpg,0.13201152155867849,0.8294528526359098,0.8294528526359098
ec2fd4fe-5db9-4ba4-9e70-aaed2da8cdaf.jpg,0.13642028935397507,0.8571539576700838,0.8571539576700838
e4bc993b-1da9-47d0-bd4b-7e4e401c06ee.jpg,0.13881245877820506,0.87218440144869,0.87218440144869
b0cfb44d-be5c-4844-b9a5-8f0c94fd8044.jpg,0.13385957466279166,0.8410645127465614,0.8410645127465614
3fb39d7d-5389-4065-801b-0242936aa5d9.jpg,0.13362605174220016,0.8395972449630111,0.8395972449630111
22b7b4df-fe89-4cce-a6c5-d5326c0359c4.jpg,0.13626277185469085,0.8561642460329576,0.8561642460329576
6752ee7a-b0d9-4a0b-9e49-22ba9c0a5a2d.jpg,0.1318556608241017,0.8284735507584507,0.8284735507584507
7e9c2a1b-625f-4082-bffd-649631c6ee7f.jpg,0.13095806516876232,0.8228337909250342,0.8228337909250342
0871fef1-137e-4f33-9a67-6ae1b1e75fc1.jpg,0.13377836894967612,0.8405542822030548,0.8405542822030548
23662bab-20e3-4187-b766-4ebe90a6d129.jpg,0.1347899700947023,0.8469103596542094,0.8469103596542094
790934a0-6848-45bb-8560-27b6d39d3cfb.jpg,0.13489094038376373,0.8475447746909017,0.8475447746909017
8f55ac29-d975-4775-9759-5e35eefcfde8.jpg,0.13639226685339806,0.8569778871061879,0.8569778871061879
83123692-3716-4ea9-9f8f-77780d773837.jpg,0.14130314983700856,0.8878338749140877,0.8878338749140877
bc994c09-cc96-4d1a-9cf7-8d18903b2a24.jpg,0.131831841440093,0.8283238891548212,0.8283238891548212
ebe1f901-235a-46f2-b897-31fe17b3c9fc.jpg,0.13179331873102734,0.8280818438352271,0.8280818438352271
8e7cb054-5180-4525-89ac-15488d3ab5c1.jpg,0.13672263781940047,0.859053669105693,0.859053669105693
a41c4437-e33e-4d5c-9f87-6abda1f62125.jpg,0.13558205172806312,0.8518871553350288,0.8518871553350288
6717983b-5db8-49d1-bba2-ff8a668af999.jpg,0.13164360377467949,0.8271411570212372,0.8271411570212372
01fa84ce-1436-4f48-b03a-5e138330962a.jpg,0.13757383276199647,0.8644018846625579,0.8644018846625579
e86eee4f-f16e-4f99-b700-249ef4105239.jpg,0.14589526889746202,0.9166870099235482,0.9166870099235482
5e5d2c25-e2ec-4020-8df8-1755e7693b75.jpg,0.14012832965435093,0.8804522620038353,0.8804522620038353
65d34da3-0b40-4ac6-9957-b9cfb5feed28.jpg,0.1427919531443152,0.8971883019798371,0.8971883019798371
1b8427f1-6928-4f33-a004-a0d5f9eeaed2.jpg,0.13534159004856214,0.8503762900434485,0.8503762900434485
33fc61f3-a48b-48d6-9e1c-60535e226b11.jpg,0.14024634750542495,0.8811937900316884,0.8811937900316884
69d13f75-a885-4473-8952-1ca2e07eda79.jpg,0.1290747759004836,0.8110007354654164,0.8110007354654164
93e8b180-a765-43ad-89a0-2015330861a8.jpg,0.1406690440857226,0.8838496709744097,0.8838496709744097
cd1425cf-d6a5-4c51-9a6a-b9b17514d1cc.jpg,0.14165077125656564,0.8900180447099096,0.8900180447099096
a893fb1e-7ec4-4598-af12-160c0b33c81d.jpg,0.14055231599634158,0.8831162467582757,0.8831162467582757
293c6d55-c72e-428e-b201-44a7994ee8b9.jpg,0.13532343073892558,0.8502621917359516,0.8502621917359516
1cb74413-b5e7-4a71-88dd-36e45d1bc32a.jpg,0.12914908567358754,0.8114676375399629,0.8114676375399629
710eb6bd-1a21-432d-a0ae-48e57a61b95f.jpg,0.13938516847701624,0.8757828426135397,0.8757828426135397
7f6ec388-b179-41a0-ab7b-0a7961d57534.jpg,0.1314185266854149,0.8257269559609872,0.8257269559609872
f8394b47-7c8c-4584-87a6-94fad6b4ec63.jpg,0.13732736910869622,0.8628533078573879,0.8628533078573879
4137025b-7a45-4b24-998d-c6e3d71590d2.jpg,0.1308966160728773,0.82244769486863,0.82244769486863
bcd72b39-2422-4628-a0e4-e9d551a630a5.jpg,0.13118292039636878,0.8242465979873735,0.8242465979873735
516efc98-900b-4436-bf67-6561a07cdcb8.jpg,0.14322262599038885,0.8998942992784883,0.8998942992784883
eb0c4bfb-426b-405d-a2f4-f34b546a4d35.jpg,0.13479269102758687,0.8469274557797315,0.8469274557797315
ea5b836e-5a86-419b-a5d8-95b30e8220a4.jpg,0.1385641276851825,0.8706240911736949,0.8706240911736949
79233086-b7cb-406f-8848-e7ed46e0140c.jpg,0.13602549220949295,0.8546733740525574,0.8546733740525574
110dbe8b-9dfd-42d9-97cd-3920edace6f5.jpg,0.13253929693804695,0.8327689631450489,0.8327689631450489
71a0a968-0103-4aed-a70d-61d4756b78be.jpg,0.13228739098124515,0.8311861913384808,0.8311861913384808
39c74601-c094-42db-8191-447db2f0b84d.jpg,0.13132411614949008,0.8251337570688215,0.8251337570688215
5333e87e-5552-490c-b2b9-a00f32e14625.jpg,0.126037729121225,0.7919184077647615,0.7919184077647615
6d005508-438b-4838-9a81-43d48807bd84.jpg,0.12613871401966012,0.7925529145948561,0.7925529145948561
7505e053-ee31-41f3-bec1-29356d39a1ab.jpg,0.12619519719208436,0.792907808833935,0.792907808833935
aefbcd33-e971-438d-ae94-a402ed4afa96.jpg,0.1298507056341245,0.8158760457672327,0.8158760457672327
a014b31e-dd02-4925-b8d2-a267dc58d4a0.jpg,0.12568749702575746,0.7897178346084173,0.7897178346084173
8c9fafe5-837b-46f1-ae97-ff8128a12a01.jpg,0.10992468280652533,0.6906771519063364,0.6906771519063364
61735f46-afbc-4848-a5bb-82a5e530c7e0.jpg,0.09707051639785912,0.6099120423913635,0.6099120423913635
d59d3a93-6923-4485-85fd-056de099ae0a.jpg,0.09673606899554615,0.6078106473871263,0.6078106473871263
f0e35fd5-6eae-4e56-9420-5854f7e34fce.jpg,0.10511637427854435,0.6604656584109401,0.6604656584109401
0019e4bf-661b-4f24-9d71-bec6f6452474.jpg,0.10758223930384501,0.6759591453073972,0.6759591453073972
44ba9156-8966-4a34-90a2-10f6ac816623.jpg,0.10302414503804479,0.6473197943877816,0.6473197943877816
6b5cd873-66b9-4808-99ad-c5d327cc2b25.jpg,0.09463445556204114,0.5946058207403564,0.5946058207403564
eddf415a-98a3-429c-9435-ea4711a5009f.jpg,0.10356519908671996,0.6507193372368075,0.6507193372368075
c9ac868c-d5c6-4bfb-ab4d-7baacc6761e9.jpg,0.10437990990600719,0.6558383162861533,0.6558383162861533
b80948ad-9036-4d3d-9446-de9acdec76d0.jpg,0.09976669536446675,0.6268526344598793,0.6268526344598793
2e00eb90-e26b-4e76-ae41-eaf86e2ebde5.jpg,0.09629332493023074,0.6050288043810955,0.6050288043810955
cfe9e7ee-86c2-4f24-98a7-369146941d07.jpg,0.08879512510055142,0.557916225380958,0.557916225380958
520666a7-4e75-4d94-bad3-82e73d904c2d.jpg,0.09537553847662933,0.5992621820206987,0.5992621820206987
cb431a9c-140f-4625-832d-bb37af15c9aa.jpg,0.0900965795492529,0.5660935048510026,0.5660935048510026
9ccb8784-bc75-4fcb-9a09-46a373db9fae.jpg,0.08070880827186987,0.507108398293787,0.507108398293787
cf9ae39a-8f5e-4114-bbc5-d2fce2353ed2.jpg,0.07411654797719731,0.46568800526919707,0.46568800526919707
abcf933e-1dd5-4e73-aa51-ac3d11941271.jpg,0.04910949889884256,0.30856408192415963,0.30856408192415963
7ae31a68-79a6-4c26-9144-16512750ce33.jpg,0.04686497223202282,0.2944613049496251,0.2944613049496251
da0f3966-7436-49d0-b087-76bdb04b947a.jpg,0.041952471726806044,0.26359515395373473,0.26359515395373473
fa04520c-0b74-4341-b852-8a31ec9ae284.jpg,0.05101671668792273,0.3205474847140997,0.3205474847140997
b1730c7e-01cc-4188-b02a-e04ce038c625.jpg,0.041115096858735926,0.25833377248607514,0.25833377248607514
058f2adc-945b-41c3-89c9-c42473bcbead.jpg,0.04957157972103923,0.31146742135691524,0.31146742135691524
86bd6b1a-1b34-455f-a026-419577768cb8.jpg,0.0428288808786544,0.26910179505970605,0.26910179505970605
799b8789-5fbd-4d43-a8cc-fff462fd55bd.jpg,0.044362923618269094,0.27874046986183865,0.27874046986183865
66dc2771-0003-4f50-879a-e849596864bf.jpg,0.055730695634318234,0.35016628796844584,0.35016628796844584
f6fa09c8-622a-464b-bb3f-f1b662df16b8.jpg,0.044665336888751364,0.2806405884796289,0.2806405884796289
7fb39293-a4a8-4bc3-855f-8aeff5284677.jpg,0.04296052242419523,0.2699289232844626,0.2699289232844626
c23bd155-5396-4a41-aea4-881ecede0ab0.jpg,0.05222194821662787,0.32812017774700947,0.32812017774700947
3744a772-a34c-4aea-a563-140cfdc742aa.jpg,0.045145378930432536,0.2836567815827486,0.2836567815827486
e4a9f12d-a7fe-4ea4-9bf2-3a6017175274.jpg,0.04205961649021668,0.2642683643569377,0.2642683643569377
7a1691f3-37d2-4401-983e-eb24d735da64.jpg,0.0556860949435874,0.3498860535637558,0.3498860535637558
1f355c05-476d-4217-86ed-31afa225d3bb.jpg,0.0568843451691812,0.3574148817755314,0.3574148817755314
92249f4d-5c2f-4cae-8ad8-17de8cd7a90e.jpg,0.06516286078277551,0.409430329444124,0.409430329444124
cc7a5f58-2635-4697-af86-0bc2e420d934.jpg,0.07707019938286559,0.4842463443838223,0.4842463443838223
71ba827a-ae44-48e0-a88d-02fe3e5cd39c.jpg,0.09226681267692066,0.5797294817519191,0.5797294817519191
63a7dfc2-28f9-49ec-9889-e60a21ef6dd2.jpg,0.10259948780321584,0.644651594289317,0.644651594289317
dbaab2ca-0b9d-448b-84c5-6ba30b8ccc5d.jpg,0.09423624185523485,0.5921037702286336,0.5921037702286336
cd564d9b-1f92-435a-978a-2cc0f7b591af.jpg,0.09481166978113778,0.5957192905180076,0.5957192905180076
7aa68525-3009-4494-a0ae-c754d26bef7d.jpg,0.09944440146679759,0.6248276021774507,0.6248276021774507
b36f3a8d-8e26-4d6f-9796-1dba7cf28e22.jpg,0.1015841439738733,0.6382720008590564,0.6382720008590564
c6fc11bf-7d0a-4a5a-81cc-f3dd85fd8dae.jpg,0.09596025416424624,0.6029360590380106,0.6029360590380106
18386bfc-57ec-4011-9b92-af5b0677fd7e.jpg,0.10695754783432652,0.6720340930445982,0.6720340930445982
54ae22eb-a09b-4d10-b55c-00048c2bdf61.jpg,0.10878336016289272,0.6835060102411127,0.6835060102411127
8bb7a96b-2a5d-4594-9d02-d3c1250c6302.jpg,0.11557876091105551,0.7262027723783663,0.7262027723783663
ef680832-2af4-48bb-a52f-21c6692d6341.jpg,0.10797873046956469,0.6784503727742736,0.6784503727742736
6fbf4d72-2777-4505-b7b0-92b61d58fd8d.jpg,0.11467689447204664,0.7205361784197474,0.7205361784197474
0fe4e4e2-56d7-4b31-a550-7969d01de55f.jpg,0.11721057354871572,0.7364557535673829,0.7364557535673829
2c41caf4-fb61-47c1-b15e-7595d594b8b5.jpg,0.11814102989895157,0.7423019832361567,0.7423019832361567
40b42d22-80af-488e-a838-bab37666e8e1.jpg,0.10341911834369905,0.6498014848585967,0.6498014848585967
26f35e51-eec7-41eb-8290-a0552667d484.jpg,0.11165045202894831,0.7015204797282473,0.7015204797282473
0ad08cdc-e3d5-4987-b41b-45517003c579.jpg,0.12280327360837856,0.7715957244097188,0.7715957244097188
8be67d29-2ecf-48f4-ac2e-6e5ec8249f67.jpg,0.1388153547705891,0.8722025975054871,0.8722025975054871
94bc364d-e3b4-4296-abd1-d22bf62afb62.jpg,0.13043062879383632,0.8195198104436271,0.8195198104436271
9157178e-e640-42c8-9b54-afcfb67c3326.jpg,0.12531484146316457,0.7873763706528949,0.7873763706528949
78d6eced-8e22-4465-9452-33bdcac08ae4.jpg,0.1289188987224495,0.8100213302706678,0.8100213302706678
fe0e0060-a1de-4664-9144-92c132601a8d.jpg,0.13887517749302467,0.8725784747561297,0.8725784747561297
aa7fe22c-dc8c-45c2-9017-0fe8a22ac264.jpg,0.1304828925443859,0.8198481932731781,0.8198481932731781
39271117-e25a-40d6-90f6-dcebd38c0336.jpg,0.13487055973886605,0.8474167193223299,0.8474167193223299
75fc097e-b40f-45d4-9bf6-0bb34c26976f.jpg,0.136468269722918,0.8574554272192592,0.8574554272192592
6140baf2-1ced-4e24-9b36-a98e5916aeea.jpg,0.11952064931319208,0.7509703876692123,0.7509703876692123
37d454e2-82aa-485e-9d07-66a05c78902b.jpg,0.09821340957914332,0.6170930520356841,0.6170930520356841
bc3b2a19-2b71-47ba-9c39-7e6df0d552c6.jpg,0.09966181238496388,0.6261936352640936,0.6261936352640936
b8f3d49d-1e21-4fe0-bee7-8ddb35ea7430.jpg,0.10406820997838849,0.6538798478806905,0.6538798478806905
ce397918-0a33-4533-afdb-ba7f7fe9b807.jpg,0.09635958608157985,0.6054451354736891,0.6054451354736891
2b2dbf75-4842-4a65-a6ff-929425b581e2.jpg,0.09505109244709392,0.5972236274949491,0.5972236274949491
13a1de09-d7b3-4216-82d5-032936746aef.jpg,0.09621177228138247,0.6045163939760906,0.6045163939760906
cc4723ab-ae4b-479d-ad8f-ef89b986f12d.jpg,0.0892307284487348,0.5606532019380219,0.5606532019380219
190da7b1-e991-40ed-88ce-70c0d64b64ba.jpg,0.08397166466858969,0.5276095296650939,0.5276095296650939
b4dd0d64-5d3d-41d3-8f74-e5a900e4ec04.jpg,0.07399296232873794,0.46491149373861884,0.46491149373861884
027418df-02ac-4341-a012-7e625d37d48c.jpg,0.06803918516633052,0.4275028085495592,0.4275028085495592
25c0b869-574d-4767-82c9-b5b92619b239.jpg,0.06203675213029446,0.38978840949020804,0.38978840949020804
f4e8e827-8845-4b02-a2e0-2bd688ee8d0b.jpg,0.058811911721892325,0.36952613961813674,0.36952613961813674
1c1bd0c2-d199-41ff-acae-0cd2a50f0b1b.jpg,0.04801159108603828,0.3016657236861101,0.3016657236861101
ec3b3f4d-f2bc-4680-8dc3-1ad78670d1db.jpg,0.035493597461764094,0.22301285007070282,0.22301285007070282
f50a0fd4-8b4d-4355-979d-78a75cfe0baa.jpg,0.03397067190128629,0.21344402656518044,0.21344402656518044
d6a1a544-294e-4e31-9199-abd0ae4d6559.jpg,0.03905021019334764,0.24535970692911638,0.24535970692911638
4b88d247-bf61-4ce8-b23d-ff7dabfe7c3b.jpg,0.04189148182236553,0.2632119430822678,0.2632119430822678
f9aec613-1786-4bda-80f5-97343b853e6a.jpg,0.032089804065988374,0.2016261854176899,0.2016261854176899
dad4fa9d-7617-4a6f-b83e-22d5e5a34313.jpg,0.03511582064782322,0.2206392083439564,0.2206392083439564
bf01a521-6242-4396-9c31-682ec0bd0aea.jpg,0.030010391058650217,0.1885608481624247,0.1885608481624247
c396a5b5-1bc5-436c-abb7-dacba4987ce0.jpg,0.031239438325711036,0.19628317989265043,0.19628317989265043
df7ff092-6391-4d79-aa03-88fa9d8d3b6f.jpg,0.020093250016631384,0.12624961327798429,0.12624961327798429
c0020c1b-4f90-42df-bac7-8645af39126f.jpg,0.020486320482529515,0.12871934785400166,0.12871934785400166
e8c076e1-d067-4e64-8696-b54ecc129016.jpg,0.01710759803114007,0.10749020859039371,0.10749020859039371
0f985a74-387e-4bfd-b890-e9aa6a449c24.jpg,0.005302824447992644,0.03331862865818008,0.03331862865818008
c212ac8c-3936-4fcc-ac14-9b4a4e596268.jpg,0.019221337461028755,0.12077122511947644,0.12077122511947644
a26afd39-2065-4a03-9b26-857c8844b2d7.jpg,0.0194196070254643,0.12201698953359875,0.12201698953359875
d039becf-06c3-44b8-a141-d18cf8cc7144.jpg,0.021706195755631555,0.1363840502465481,0.1363840502465481
4c873590-97a6-4da0-97e9-e1210cb3eaf3.jpg,0.01558680624873983,0.09793479200793707,0.09793479200793707
41b981d1-902e-47fe-9576-2844d043c6d0.jpg,0.007707213320454023,0.048425849494375506,0.048425849494375506
1e3c40bb-7740-490b-bd0a-36359fc614b0.jpg,0.0,0.0,0.0
b313b210-978f-465d-a66f-43928c0aa02a.jpg,0.0,0.0,0.0
dc59a4d3-e358-4c08-a218-e2ca97b434e2.jpg,0.0,0.0,0.0
6de162ac-8433-4679-a800-f2cf1a6e0f73.jpg,0.0,0.0,0.0
3ad49134-dde9-4f9f-958d-902ec844ef77.jpg,0.0,0.0,0.0
4293bb25-31ef-4dbe-9cb7-471f0e5625f9.jpg,0.0,0.0,0.0
bf026646-d4da-4d2a-9c18-174e5c0cac5e.jpg,0.0,0.0,0.0
4d209c88-327f-4283-adaf-29721172fcae.jpg,0.0,0.0,0.0
b84e7b22-b0af-46e5-8090-14450ae4cfbe.jpg,0.0,0.0,0.0
97d3d315-a445-4065-86fc-936399deb4e6.jpg,0.0,0.0,0.0
af3507cc-baa1-4aa1-a0c8-6a9129e9a12c.jpg,0.0,0.0,0.0
0676a327-dec4-44d2-bba5-3413be58f978.jpg,0.0,0.0,0.0
c23b2d5c-b104-4303-9fa7-a8d2bc14af46.jpg,0.0,0.0,0.0
9c7b5df9-1234-4f03-b842-be364e8dda03.jpg,0.0,0.0,0.0
c7f3b304-09e0-4dc2-a268-2f930f428f32.jpg,0.0,0.0,0.0
80ea4118-d26c-4cd0-95b4-a433b1c5d215.jpg,0.0,0.0,0.0
957ffbae-3c3f-42cf-b9e0-92a1001fd5f7.jpg,0.0,0.0,0.0
76cf4abe-e752-42be-b2e2-30b5920a00b9.jpg,0.0,0.0,0.0
e1291ac4-0e15-47cf-8cdc-abc5af8dcc95.jpg,0.0,0.0,0.0
59bddaa8-925f-4df1-85e6-0a4e5eabd3e0.jpg,0.0,0.0,0.0
5cc5e307-f14a-464b-8516-2e867a154cb7.jpg,0.0,0.0,0.0
50de369d-844f-4cd3-bd06-f47f328ff92e.jpg,0.0,0.0,0.0
d2153ad8-1b6e-4796-a7e4-f3b3ea6e2769.jpg,0.0,0.0,0.0
81b94d69-969e-4bcc-bf06-678b228c58f7.jpg,0.0,0.0,0.0
3914c2bc-e3aa-44ff-a270-32f440caf51d.jpg,0.0,0.0,0.0
d2ac7d9f-b66d-44e8-9777-e698fceba3f8.jpg,0.0,0.0,0.0
41c9e80e-3323-4a3c-9756-ae98bf20fb8c.jpg,0.0,0.0,0.0
68f53917-d3ed-40a2-9fe5-c7b703ac042c.jpg,0.0,0.0,0.0
5a4b0d50-3d9a-4b62-9eb5-01d57b7f5746.jpg,0.0,0.0,0.0
00d15b80-7546-45bf-9fb6-0523183399e2.jpg,0.0,0.0,0.0
d369f015-d172-4866-acf6-5a57b0fb53aa.jpg,0.0,0.0,0.0
35122219-9446-4d58-9e11-19962a0cee7a.jpg,0.0,0.0,0.0
ba2e8c37-aa95-45f4-bb1e-6a4086f127b3.jpg,0.0,0.0,0.0
50b16af7-37cc-45e0-b0ae-8b51c58842b9.jpg,0.0,0.0,0.0
6d14b296-f570-46db-9bd0-8efa7877ec56.jpg,0.0,0.0,0.0
a7f43526-80c2-40ab-8e49-57763f24cddf.jpg,0.016105752615647725,0.10119542819570697,0.10119542819570697
9241e651-0528-41c2-b748-e6ed179e5eb2.jpg,0.026752526699121423,0.16809108268584932,0.16809108268584932
8547db4a-82be-4ff0-93e3-c13efafbc63f.jpg,0.041936144192772355,0.2634925650317918,0.2634925650317918
012bc697-5fab-49d7-b3af-8b17432eb19d.jpg,0.056192457777993005,0.3530676250849949,0.3530676250849949
23002454-8f55-4456-b42d-366ccc1273ce.jpg,0.06825730031550366,0.42887326645011714,0.42887326645011714
5d3dcbf9-2eab-4d4b-8c27-4ccb24072c28.jpg,0.05845953402622838,0.3673120852581632,0.3673120852581632
c285ee03-a2b6-43b4-bacc-91f16f6f2808.jpg,0.0730787611268339,0.4591673981790094,0.4591673981790094
aa574872-77ff-498f-831d-ea21266e709f.jpg,0.07621858407105256,0.4788954875692695,0.4788954875692695
84596117-e3ce-4c0c-9be3-0af4e758a7a4.jpg,0.07365877517298816,0.4628117339117637,0.4628117339117637
dc8758d7-08c8-4f1e-9ecc-7e69cb16160b.jpg,0.0836350284215348,0.5254943817437345,0.5254943817437345
dcf86698-b2be-4043-9b5d-c77d1bc55cc5.jpg,0.08443025665850848,0.5304909481181419,0.5304909481181419
25ee80e9-dddc-4188-aa49-4287472dc09f.jpg,0.08299463783426718,0.5214706890149585,0.5214706890149585
23780b67-e4df-4e97-9984-5ef71fb992cb.jpg,0.08672713245381564,0.5449226443676323,0.5449226443676323
78857a99-7d62-4bcd-9450-d454c311c1e5.jpg,0.0913963062406962,0.5742599285020282,0.5742599285020282
fc5495dc-a35d-4fd0-8ea3-2745fcdabe21.jpg,0.08318646283567635,0.5226759610453623,0.5226759610453623
faeae10f-e20e-4d2d-960f-85ab4840a089.jpg,0.09707043624398742,0.6099115387697346,0.6099115387697346
67f608de-5f85-4866-a207-6a314087455e.jpg,0.10550704522715391,0.6629203163751856,0.6629203163751856
3d026ea5-67a4-45d0-8b2a-6a1a420d17c2.jpg,0.11330123006236313,0.7118926240132141,0.7118926240132141
6dadae33-e1a1-4f3e-bd13-b2279697fb41.jpg,0.13203046518309705,0.8295718789385214,0.8295718789385214
69bbeb57-56b2-48ba-be78-3ba72959b58a.jpg,0.1317215757323305,0.8276310692799222,0.8276310692799222
da3b5211-4ce3-43b9-b482-77977c36ca43.jpg,0.13851968310015522,0.8703448376100678,0.8703448376100678
14b41add-e728-4d58-8fcb-2878d9aa449a.jpg,0.1469045545856377,0.9230285389302403,0.9230285389302403
71ff87a3-690a-4546-b062-c6f890e31440.jpg,0.15326257313156658,0.9629771476407959,0.9629771476407959
301fcbe3-0ff6-416b-9494-5a7fb3077fca.jpg,0.15376145270111402,0.9661117004222285,0.9661117004222285
437cfaca-cc89-424a-9197-843c89c442e9.jpg,0.1507817461732615,0.9473896521467186,0.9473896521467186
868b0e19-9f8d-4e0a-8236-4d1abbbc7213.jpg,0.1631632088485831,1.0251846765096915,1.0251846765096915
fd40c4a1-0a8f-406b-9e5a-6f95f1a09307.jpg,0.14945300711791673,0.9390409384371006,0.9390409384371006
86a2ad0f-1adf-4af3-9096-0f31dc1ffadc.jpg,0.1489101679210619,0.9356301791712611,0.9356301791712611
3f708ed0-f086-476e-8460-0090b367c71f.jpg,0.14550721900313254,0.9142488205290447,0.9142488205290447
516e1dc7-a789-4484-b0f8-f04f93e417ee.jpg,0.14421300423437086,0.9061170293096265,0.9061170293096265
eded43e0-3c51-43e9-bbb5-8e61094e31fc.jpg,0.1451785987982664,0.9121840388861873,0.9121840388861873
512222d1-bf73-4194-a89f-168d76b34578.jpg,0.14662687728896578,0.921283841019654,0.921283841019654
0571bb9a-a925-47bb-b5e2-138e88cfec3b.jpg,0.14285425844134705,0.8975797777067072,0.8975797777067072
d4bd860e-2e0e-4dfd-afa8-b26c3f7c2738.jpg,0.13239838581820132,0.8318835924672167,0.8318835924672167
e6aec548-80f1-4ef4-9e44-b7eb0fc64b04.jpg,0.13191841935074405,0.8288678742109502,0.8288678742109502
548ecccc-7345-4884-ac73-9e8a88d454c6.jpg,0.12187813775769087,0.7657829244255329,0.7657829244255329
4cff0863-7665-469e-b01e-a16e4827962e.jpg,0.12297320941717037,0.7726634625866832,0.7726634625866832
fec34f23-dad7-4ec1-a690-71f89ca2bf13.jpg,0.10919350345020301,0.686083016517779,0.686083016517779
71fff4d5-2d5d-4187-acd2-fe6e01283d95.jpg,0.10726015275248744,0.6739354158202672,0.6739354158202672
58b4010e-8cee-40c7-b2e8-6c436e376333.jpg,0.11122898444101449,0.698872320772289,0.698872320772289
ffc88e91-49b0-4da8-8cfb-2714ea4bfee3.jpg,0.10318586001139679,0.6483358795322979,0.6483358795322979
3b4a30f8-adac-4fbf-a5b1-43e227f24084.jpg,0.10759817285740786,0.6760592587770344,0.6760592587770344
f018ef97-2b30-432a-b901-d17686d00aff.jpg,0.10981353036674318,0.6899787605298401,0.6899787605298401
dc0ff015-6152-443f-872b-3cd28a2f3dcb.jpg,0.10474554301840538,0.658135656885792,0.658135656885792
f9157d0b-a9d6-407f-83cb-683174800970.jpg,0.09513177807711529,0.5977305902599999,0.5977305902599999
467b25c1-8cce-4ad7-9704-128db53bd05a.jpg,0.10010529857159739,0.6289801411558863,0.6289801411558863
7caab2fc-70bb-4ce1-be58-4acb074fa53c.jpg,0.10644934788557879,0.668840978593517,0.668840978593517
5e15de79-2bbc-4390-8f58-2dedefafb86c.jpg,0.1015157359626088,0.6378421806477859,0.6378421806477859
ace9a76f-f3dc-48d4-9307-62dca8ee3c17.jpg,0.10265818294753924,0.6450203867577325,0.6450203867577325
fba7e26c-f949-4001-9a96-5840750793bb.jpg,0.1058286386927722,0.6649409477132434,0.6649409477132434
b3d13e4c-41c2-453b-8f16-fa7786d55184.jpg,0.11773327476669739,0.7397399821802502,0.7397399821802502
19b319fc-a680-4c96-81e2-e89b81ea1d16.jpg,0.11435983741381567,0.718544050169933,0.718544050169933
ba67b236-321f-44a1-afe5-d8b70704cafb.jpg,0.11711084123625203,0.7358291169670599,0.7358291169670599
740573c4-c15c-4bc6-b642-fccd11586bc7.jpg,0.10894242376552657,0.6845054363320887,0.6845054363320887
a3db2f75-065e-4e23-918d-640d6b68b7f6.jpg,0.12127793902896568,0.7620117645918189,0.7620117645918189
14a9b5b7-fa3a-4bff-b957-0bc00cfb5d95.jpg,0.11930202780104054,0.7495967481962285,0.7495967481962285
92e8e6c4-22ba-435d-89ee-658af24eb641.jpg,0.12360861948972196,0.7766558618185733,0.7766558618185733
ff7ea38c-0a43-4cdb-941e-7518b82581f7.jpg,0.1316404817883247,0.8271215410024436,0.8271215410024436
d06a646a-34c5-44d1-92e6-11255c157f1e.jpg,0.13339022391531322,0.8381154950260911,0.8381154950260911
f3e28b7a-3c1a-48d4-bc9f-e87cf314e59e.jpg,0.1338934034325671,0.8412770651757743,0.8412770651757743
00381955-4c3e-4972-b20a-e6e1f404b9dc.jpg,0.13814861392600628,0.8680133412271078,0.8680133412271078
22657a10-dc09-497d-b83c-582c5c7aa74e.jpg,0.1430289025643124,0.8986770990941082,0.8986770990941082
8c483055-5422-4967-94b8-59d1e2b224f1.jpg,0.161175722564534,1.0126969318915333,1.0126969318915333
90467152-d9d4-4b69-8060-fefa2fac2729.jpg,0.14742881294858382,0.9263225513734693,0.9263225513734693
6c50abd2-70c4-4126-92aa-c7eb6e08970a.jpg,0.14962882761877958,0.9401456512248229,0.9401456512248229
83e347e4-d28b-4808-80e9-69341fb72022.jpg,0.15580134158979572,0.9789287003158723,0.9789287003158723
f0d79f48-c93c-4aca-8411-6315d1e93239.jpg,0.14615838579937476,0.918340222175717,0.918340222175717
4fe7abb6-1f65-4952-96ed-97182e3023a9.jpg,0.15817733254676908,0.9938574917867188,0.9938574917867188
7fa36ebe-dc6b-47be-a04e-ca1faffbfb4d.jpg,0.15803856307886643,0.9929855775049078,0.9929855775049078
7c89a615-d775-4cd1-b797-1e69bd34b3ac.jpg,0.16415041978283915,1.0313875057468962,1.0313875057468962
05b23635-daaa-4386-8a61-dbe393f9fac0.jpg,0.1540875539473278,0.9681606549810918,0.9681606549810918
9cee9842-477a-4f0f-9f42-46f331304a05.jpg,0.15484252764402054,0.9729042946194587,0.9729042946194587
5b98546d-a56f-48fa-9b65-5aff5714e770.jpg,0.15832356356998142,0.9947762884032205,0.9947762884032205
0f997fbb-e0cd-4ccd-8b5f-aeeddbe5f77f.jpg,0.17138248079029283,1.0768278852095556,1.0768278852095556
ef82136e-d3cb-4645-9936-3a19380e0935.jpg,0.1654500435647954,1.039553282798545,1.039553282798545
a4b814f3-9da3-44de-b3b5-6bc1a8e55f99.jpg,0.17627549559156425,1.1075716039167165,1.1075716039167165
2941ae5e-1f1e-4fc0-85a8-65cd45ae8704.jpg,0.1698188342165213,1.0670032040316126,1.0670032040316126
ca6f5558-3e68-4ab9-9fb4-3126d059def0.jpg,0.17301056960914585,1.0870574689549561,1.0870574689549561
209c59b9-eeea-47a3-a75a-9d6f12252c67.jpg,0.16690083687258825,1.0486688859938234,1.0486688859938234
e0dac756-4941-4c5b-9b0a-0e7f622bd871.jpg,0.1792765779145224,1.1264279602739635,1.1264279602739635
daa5fd91-78ed-4842-b281-6d18e4a528ec.jpg,0.17225806619436806,1.082329350555622,1.082329350555622
94dae20f-a663-4adb-af79-9b1d56d46eb7.jpg,0.18165994712904418,1.1414031107042308,1.1414031107042308
a6ee7d91-c40a-4b25-9540-b53c2767d4bb.jpg,0.1815762154263043,1.1408770088998306,1.1408770088998306
8935274d-69cc-4eda-b94b-83b6754d9e0b.jpg,0.17081272689348612,1.0732480158964313,1.0732480158964313
f6992514-c803-4aa3-8a8c-24c98c9239fe.jpg,0.17374623691034816,1.091679802932843,1.091679802932843
c1e39ea5-a91a-4125-93a0-20129b854ee4.jpg,0.17198445817147873,1.0806102206462773,1.0806102206462773
fe64dd37-93eb-4140-b984-38a1125cf4ad.jpg,0.166607398564804,1.0468251587297899,1.0468251587297899
10891242-dc00-4e26-a684-d9621c0f73e3.jpg,0.15831465081669527,0.9947202879227264,0.9947202879227264
593ba044-2a8a-4edc-b852-7612609de498.jpg,0.15223418858350674,0.9565156169582958,0.9565156169582958
33f282b6-931c-441f-bc4f-98a93b89d314.jpg,0.16297702278455428,1.0240148349677842,1.0240148349677842
7cebad2a-a688-4fb4-afeb-3dca7db7269c.jpg,0.1491765446381221,0.9373038734460685,0.9373038734460685
aab2ed12-2ab4-4c42-8110-c87cce3a0c24.jpg,0.13068751103948154,0.8211338491951403,0.8211338491951403
daa77028-323a-40ec-a7f0-c5209d60e9cd.jpg,0.11640869241240025,0.7314173857935811,0.7314173857935811
4159e504-4a74-4727-bbff-c5e2500f18b7.jpg,0.10813963292713538,0.6794613527315708,0.6794613527315708
ed980b2f-d573-47c4-a72a-d3c4d66e2e58.jpg,0.11372445135703825,0.7145518018336023,0.7145518018336023
66caf228-5575-46bf-80b0-84adab2200e3.jpg,0.10363050417058778,0.65112966118025,0.65112966118025
f46f4fcc-875d-400f-ad25-546b2d1d3c80.jpg,0.10284180145023672,0.6461740958360076,0.6461740958360076
506aec99-78b2-4266-a6a9-bdafd2a35cf3.jpg,0.10720837505747055,0.6736100869676974,0.6736100869676974
9adba7b0-9fdb-4b89-ae5f-a7efc7ebe484.jpg,0.10157611802294907,0.6382215723221332,0.6382215723221332
38c0049e-3a60-41b7-b454-6ca9951a6c58.jpg,0.1118709950308146,0.7029061922771748,0.7029061922771748
a39e075c-d3ab-4821-8ccf-7fbc374d4075.jpg,0.10658404591483205,0.6696873112718271,0.6696873112718271
13002268-97d8-4c79-824d-714adeabf320.jpg,0.09894738963451682,0.6217047847353698,0.6217047847353698
c505396c-c158-4b3f-9e88-5d3246cf1a19.jpg,0.09728684299742901,0.6112712625033332,0.6112712625033332
db069af3-adfc-45af-83cb-857d341d9633.jpg,0.10540872222798035,0.6623025347514204,0.6623025347514204
3e6b7ef7-3af2-47d0-b9b3-7154b55d4fd3.jpg,0.10193386139898507,0.6404693402461834,0.6404693402461834
410c9cd1-f517-4f03-83ea-a3b5af370bfb.jpg,0.10590996882323565,0.6654519599940023,0.6654519599940023
6d9b4412-06b9-45b7-a5b4-9de5bd84f252.jpg,0.1026286439335137,0.6448347876588186,0.6448347876588186
2bb00ca3-f258-4fb1-a5d2-9edf1e8fe867.jpg,0.10659342036722769,0.6697462126933823,0.6697462126933823
c72aa800-3d9a-4f4e-b1a5-51920e3d7016.jpg,0.10642781521680594,0.6687056848454591,0.6687056848454591
4ed0545c-8bc8-404b-81a8-2309a4e481a1.jpg,0.11233206972677211,0.7058032100323273,0.7058032100323273
1f43566d-7f16-4baf-ab07-d8e0bf1514ea.jpg,0.12143320533159102,0.7629873315431746,0.7629873315431746
c2dab8c2-1782-4b18-8aee-94e17eb05eec.jpg,0.11910881051637529,0.7483827281921266,0.7483827281921266
84b291be-cb1f-4960-966b-6ea93cbd0c4b.jpg,0.11425726224570311,0.7178995513807667,0.7178995513807667
69dcd0f6-16ec-4a82-9c22-292a7823c6bd.jpg,0.12202048761993987,0.7666773349884948,0.7666773349884948
df033df2-2faf-4f09-bf50-d78e7adc3b88.jpg,0.12153191281695987,0.7636075289649527,0.7636075289649527
40f08cae-6cfd-4474-8483-8712d6f83256.jpg,0.1319777564374099,0.8292407001220599,0.8292407001220599
10fdb99f-0bd1-42e6-b6bd-91c7ef889b79.jpg,0.13748512578955502,0.8638445223166693,0.8638445223166693
e373aa41-53d0-4b72-9ac6-3597e0759283.jpg,0.13314043526013172,0.8365460266179545,0.8365460266179545
ea8427f3-1cae-4596-b8f9-45f552977ea9.jpg,0.14287684007126303,0.8977216622720074,0.8977216622720074
7b17787b-b2d9-4f3b-81fb-7cde78b98486.jpg,0.1500756662055134,0.9429532208676699,0.9429532208676699
8d9c6404-b450-4687-acce-7608873c2e4d.jpg,0.184942282148852,1.1620266298739284,1.1620266298739284
e71ed9ae-7346-49ec-96f1-791fe2a3c962.jpg,0.18890943734983676,1.1869530011440568,1.1869530011440568
eebf462a-aa6f-4989-8fdb-1bb99fb056e0.jpg,0.2059483021212216,1.2940113459266418,1.2940113459266418
e22e4967-231d-4fd9-a081-b45f8adaaa6b.jpg,0.22122356730722323,1.3899886677065993,1.3899886677065993
edffeb25-eed4-4c0f-a909-edbfa54373eb.jpg,0.21806340023747295,1.3701327524057114,1.3701327524057114
85325eed-1396-440f-be5e-53dee857516d.jpg,0.22464387223196006,1.4114790773557797,1.4114790773557797
9d979fce-c903-43de-803a-a1c93d9c1e86.jpg,0.21413659344150437,1.345459897641149,1.345459897641149
704cb03e-8e1a-4486-983a-34ab4831fbe0.jpg,0.21776730345647105,1.3682723214618173,1.3682723214618173
f07eba4c-d2f3-4cf2-9be2-e0ed662b0306.jpg,0.22350886838942205,1.4043476378887525,1.4043476378887525
321fa256-4de4-43ed-840d-d128d1edeb5f.jpg,0.22531691377178564,1.4157079220699333,1.4157079220699333
10ac9f1d-706e-4ea6-927c-f914eeea44ca.jpg,0.22959999388246347,1.4426193080908174,1.4426193080908174
558b9876-1c09-4dce-945b-12e7caa868d7.jpg,0.24001483001377497,1.5080576534477568,1.5080576534477568
c7b7d2d5-08ba-449c-8b9d-e305925b0a70.jpg,0.23339664546732897,1.4664743735453243,1.4664743735453243
996122e8-b254-4aa0-a516-01e6059da35e.jpg,0.23979924891921556,1.5067031174819154,1.5067031174819154
1e94c592-18e8-4b3c-ba71-2c87240ab4b2.jpg,0.23933949227192272,1.503814381270767,1.503814381270767
5dc813ec-4fe7-414c-9747-cc8a32916a99.jpg,0.2397897471650804,1.506643416199941,1.506643416199941
653c4cc6-d574-496a-90ed-a7117ee982ec.jpg,0.2431534438187273,1.5277781455919444,1.5277781455919444
d879ade0-de06-4dd3-8cac-a1add9d49752.jpg,0.24255318235672282,1.5240065915934118,1.5240065915934118
2488acad-c7fd-4185-bf36-5f01f26c4033.jpg,0.24180672659861138,1.5193164717415863,1.5193164717415863
459b5a4e-773a-4d4a-b5da-e71cc314072d.jpg,0.23306736021217556,1.4644054132682736,1.4644054132682736
10bd5b66-a928-4132-be33-e5d7d8da37d8.jpg,0.23038302211935088,1.4475392196039352,1.4475392196039352
2a1ff701-483e-4e87-966a-e11fa8f7bd42.jpg,0.23750138198076268,1.4922651936963747,1.4922651936963747
8b08707b-f0cc-4d6a-84dd-ae8717da31e3.jpg,0.2330195298776845,1.464104886413362,1.464104886413362
5c6119c5-532d-4e3d-aed8-10c07200bb23.jpg,0.23591710252794584,1.4823108723159693,1.4823108723159693
1e3c66bf-a150-4e9c-b1ac-29198515748f.jpg,0.23570494574531806,1.480977851936544,1.480977851936544
0c99c798-1827-49c3-a6dd-5ec50e18b8b6.jpg,0.23486317496831755,1.4756888501584813,1.4756888501584813
1ca13464-6023-437d-acd0-c94f5d089b95.jpg,0.22404983151685096,1.4077466094627398,1.4077466094627398
4d06886b-8a7d-427c-9b4b-216e436ab044.jpg,0.20902352934770327,1.3133335684523102,1.3133335684523102
d961e45b-a994-4f7e-8a8c-5dcdee6b57ee.jpg,0.20076535236732637,1.2614459121851174,1.2614459121851174
15efb3a2-6a6c-4c58-8c02-5e2190c44695.jpg,0.17703967954989405,1.1123731133356767,1.1123731133356767
28e6de97-169b-4254-9780-b0facd842d5e.jpg,0.1859790299177157,1.1685407082225039,1.1685407082225039
ff595801-749b-4573-902c-d49105b4f692.jpg,0.1670865677499448,1.0498358675135195,1.0498358675135195
f99c0b25-201d-4bb5-a5f6-dcf2ecfa89d3.jpg,0.14612311243700565,0.9181185931035446,0.9181185931035446
16c48600-b5ab-4348-8b0b-7aa0245ffb08.jpg,0.1362374546890571,0.8560051735898282,0.8560051735898282
fca5c524-ca30-4044-bd41-c2ff076462d4.jpg,0.13926502865654886,0.8750279818587718,0.8750279818587718
615e226c-517f-40c0-ac1d-93a8c48f73a2.jpg,0.13287478217949028,0.8348768790848613,0.8348768790848613
52faaaae-4a73-45c2-9937-a94d7511856a.jpg,0.14808444005395363,0.9304419779689177,0.9304419779689177
78cd0f49-e269-4d83-a863-ccc78987aa8e.jpg,0.14686936522195418,0.922807437637375,0.922807437637375
ab9067c9-a36b-49e4-a5ee-90ead49dd0eb.jpg,0.16320065013010177,1.0254199270196116,1.0254199270196116
20690ee6-0522-4c96-ab5d-c93915046ba7.jpg,0.1475568533008283,0.927127052633418,0.927127052633418
227bdfb6-d73b-4513-b59e-f2fe846ff90e.jpg,0.15662530469548996,0.9841058131952284,0.9841058131952284
ab80fb77-aac1-4e74-a35e-4f2f73f7411e.jpg,0.14339300577164202,0.9009648270166988,0.9009648270166988
14f24483-30da-4184-bf80-97f0129fac63.jpg,0.15374555714280497,0.9660118256838116,0.9660118256838116
2dc21a0c-0234-45ce-968f-70ff84bd9d3c.jpg,0.1509727905900465,0.9485900196192807,0.9485900196192807
ddc9eea4-5e1a-4aed-95b9-18f479c505aa.jpg,0.1379284271177548,0.8666298667086674,0.8666298667086674
ca164408-6ee6-47d0-be1b-0f58b9d112eb.jpg,0.15565482230790498,0.9780080925166779,0.9780080925166779
87f947d0-744c-454a-b993-a8f6cdf16a6a.jpg,0.15553058330172545,0.977227475818472,0.977227475818472
990fe356-cdf2-400d-9827-c04ffbd3b73f.jpg,0.15318628647593643,0.9624978244470067,0.9624978244470067
8ebcd8fd-36a9-4963-9282-a02451c2d245.jpg,0.13403430713926393,0.842162389275419,0.842162389275419
1f93d09c-a690-445a-8e4d-281de3983e25.jpg,0.14063151892066303,0.8836138934086579,0.8836138934086579
cf8cf98d-e51b-44f1-830a-d93bcddfe76d.jpg,0.13775327213680483,0.8655293355058832,0.8655293355058832
e6eda2b7-aae0-4a02-a298-38da266750b0.jpg,0.1379105727552343,0.8665176844404096,0.8665176844404096
a8d0db86-6e02-428c-aa34-177a38e7f200.jpg,0.1346669255349538,0.8461372478842691,0.8461372478842691
2d931698-2112-417a-85c0-3a176640c699.jpg,0.14796372559508328,0.9296835066545793,0.9296835066545793
0732a9ea-3132-4333-86c6-444d9f2900c4.jpg,0.12560556755893995,0.7892030565862844,0.7892030565862844
ae5c71b1-9f1f-4f7c-9f18-6e2633801ea8.jpg,0.12840192393742214,0.8067730818972016,0.8067730818972016
f684fd3c-9cc1-4ac6-be3b-e8453f5855c0.jpg,0.11902510386001187,0.7478567837587509,0.7478567837587509
b5b172b1-f7f8-4b7b-a56a-9c1fd5cd934e.jpg,0.11978312854630725,0.7526195933301614,0.7526195933301614
05417059-f914-4537-8564-5daa8bc47528.jpg,0.10776437416972778,0.6771035324206369,0.6771035324206369
bddbc322-2007-4617-9607-a2d84de8e1ff.jpg,0.1110319810283496,0.6976345118243688,0.6976345118243688
07c4261a-2773-4e98-abac-19725b5e2388.jpg,0.10874081221365423,0.6832386735916067,0.6832386735916067
f2190446-30ba-4431-bcb3-66487aa03448.jpg,0.1123662264090247,0.7060178227963988,0.7060178227963988
8d7c1259-e2a1-47f2-ac2e-42aa5c940d55.jpg,0.13717300780987965,0.8618834272126664,0.8618834272126664
6e05ec0c-7140-410a-a923-db6ee14453eb.jpg,0.1545588907218474,0.9711221512774868,0.9711221512774868
01879d1d-46d5-4367-abdd-1a25437c4942.jpg,0.17683278446792755,1.111073153196537,1.111073153196537
53745355-5276-4209-b220-887df551cc0c.jpg,0.1919260477855842,1.2059069235114297,1.2059069235114297
39b6e234-d17f-4fcd-934a-fcf2bad8cb4e.jpg,0.20492334374524057,1.2875713425182074,1.2875713425182074
629763db-bf43-468d-a4be-814398b77b3f.jpg,0.2021226734689757,1.2699742121881252,1.2699742121881252
0b4e313c-2241-4fbc-a191-08d08082c751.jpg,0.2110450453414871,1.3260351280426814,1.3260351280426814
3ab0133b-7f1b-48fc-a258-6ce3465e557f.jpg,0.22701679354360327,1.4263885816761896,1.4263885816761896
c1fa6adf-aba9-43be-81ee-d6c898397ba3.jpg,0.22445219807770345,1.4102747531259885,1.4102747531259885
ab4415a2-3061-499b-822c-13c70808ae7b.jpg,0.23674041139501442,1.4874838744928054,1.4874838744928054
8859e682-7d1d-4b36-812c-96576f3cf568.jpg,0.2411750071104268,1.515347261135166,1.515347261135166
eeb9006d-bed8-473a-939e-4c439af83029.jpg,0.24575047474276926,1.5440957721361759,1.5440957721361759
d0566305-6ffa-4240-88df-c276e5a5fa69.jpg,0.24276537413639143,1.5253398318657299,1.5253398318657299
80f77ce8-2ce2-48dc-b9f7-4bbc08f3ddc4.jpg,0.24630915287861652,1.5476060503907738,1.5476060503907738
ed9c4bed-9dc6-4081-a6eb-88e89ac303cc.jpg,0.24753094061638148,1.5552827691531907,1.5552827691531907
d8180e5f-6a5c-43eb-a58b-36ea00aed4b7.jpg,0.2521862939342611,1.5845332167198218,1.5845332167198218
be207f1f-5589-4e20-9b2c-b59edcc79b65.jpg,0.2534464877989752,1.5924512482947915,1.5924512482947915
fd70649f-8d50-4582-8c6f-99ee674dad69.jpg,0.2596500425882636,1.6314293325991316,1.6314293325991316
710fc667-d25f-4dfc-8beb-ac1f6d08dea0.jpg,0.25779745020244454,1.6197891513403606,1.6197891513403606
377db16b-9deb-4ea3-a785-97a28cf8d696.jpg,0.27703538539148803,1.7406646630606317,1.7406646630606317
ba85ff57-df6d-4440-bb78-4c7f832dfa31.jpg,0.265611411600282,1.6688857187861215,1.6688857187861215
4c7fd22e-4b19-48ac-83fe-893610e861ac.jpg,0.2706048036299918,1.7002601262201815,1.7002601262201815
2d172fe7-6038-4c2a-9ba7-e3663b51154c.jpg,0.27985841736596345,1.758402296084354,1.758402296084354
5988898c-2025-4a98-ad8c-2f97b558df79.jpg,0.27056466991856704,1.700007958674235,1.700007958674235
cfc3097f-9016-498a-b963-fcc91f051526.jpg,0.27709046233150864,1.7410107216809336,1.7410107216809336
2c7d56f0-490b-4327-a0d8-da407f5f9540.jpg,0.27237532696970984,1.7113846524543166,1.7113846524543166
383bc0a8-27b5-4a5d-bed7-45225051de9d.jpg,0.26576654662351407,1.669860460884722,1.669860460884722
50fbde9b-d7cf-4b98-acbf-6310d9073aae.jpg,0.27815453438004417,1.7476964835420725,1.7476964835420725
9fc4db7c-93fc-4975-957e-6e9b77d26d5f.jpg,0.2599634620817089,1.6333986053553309,1.6333986053553309
20084f41-7a7b-47a2-8da5-db2c0001027a.jpg,0.2788158472336462,1.751851634747274,1.751851634747274
c27a0262-53fd-4a08-a73c-660e50b5b9f0.jpg,0.27712625070284286,1.7412355866498688,1.7412355866498688
a9f28c07-2dbc-4909-ae36-1c41433bda53.jpg,0.27341818208069796,1.7179371043651943,1.7179371043651943
9cdc49ef-dd89-415f-9cec-ea68be75604c.jpg,0.26490082283212607,1.6644209578785971,1.6644209578785971
32cef9be-f502-40c6-b2b9-69f5f7976413.jpg,0.2602109273589092,1.634953475549073,1.634953475549073
4d64cc60-0986-4add-94ec-7bf50826efff.jpg,0.26157923445652703,1.6435508026005348,1.6435508026005348
1745ee30-8fce-4dec-bd08-e798025913e3.jpg,0.2364368865428018,1.485576771601019,1.485576771601019
90488869-4fdd-420c-ae4f-1240372fd551.jpg,0.21980177791675082,1.3810553014984792,1.3810553014984792
54128457-003f-4f34-b974-bda53c34417c.jpg,0.21286488024708633,1.3374694879830349,1.3374694879830349
dc908fee-35dc-422c-ad36-6f652fe1eb1b.jpg,0.21708046222836525,1.3639567707490177,1.3639567707490177
43d982f6-3434-42c9-bf55-412e8be4663b.jpg,0.21759784492384876,1.3672075820994687,1.3672075820994687
61eac10f-ca4b-4a46-b493-8979e0e07523.jpg,0.22400587639511357,1.407470431287664,1.407470431287664
c7fa8af6-fac1-406d-b52c-8e84408b6730.jpg,0.21405316526462212,1.3449357029459574,1.3449357029459574
dfbfb909-859a-4154-bf1d-6d13c7ee109f.jpg,0.23394538883299118,1.4699222297978654,1.4699222297978654
1f5b6a46-e808-4f54-a3f7-dbf6f13f8169.jpg,0.2375235764790458,1.4924046458418874,1.4924046458418874
3f745648-5794-4893-ae1d-df6954c973df.jpg,0.2456536366437541,1.5434873204152684,1.5434873204152684
f4216853-d46f-4a0f-954c-8bf70a73847c.jpg,0.25737926515964177,1.61716161722374,1.61716161722374
a6d13e89-8305-44d6-8126-9b85940a4a8c.jpg,0.25952235415039565,1.630627042482423,1.630627042482423
11fe8e2b-2565-44eb-88ac-8da1704fb865.jpg,0.27533171132809725,1.7299601632173118,1.7299601632173118
517207b3-6585-4318-b65b-01c764a5ae9a.jpg,0.28167824139796066,1.769836587703851,1.769836587703851
d324e5ea-5947-466d-b46f-1d8ba67fe535.jpg,0.2725797901710763,1.7126693326370013,1.7126693326370013
e77d9495-64dc-4540-9658-795f5c515734.jpg,0.27283994742093326,1.7143039488468588,1.7143039488468588
d4cd5aeb-5a60-431d-9ba1-713a9918f3c6.jpg,0.2631734138912086,1.6535673274015337,1.6535673274015337
8e18c3ea-2571-4181-bb0a-ba657e4426d3.jpg,0.24883041255205293,1.5634475921264939,1.5634475921264939
5ace11e1-d572-4db7-bc28-f50372fa166d.jpg,0.25711178670527207,1.6154810005292572,1.6154810005292572
b01c6ef3-bddf-4af1-a395-681ad9f13ba5.jpg,0.23275505189315182,1.4624431222268737,1.4624431222268737
90145fdf-b94a-4d9e-a712-c74f86fdd2c3.jpg,0.22043291984160565,1.3850208831674722,1.3850208831674722
0330b1a7-5799-4ebf-88a3-3b8a06493aa1.jpg,0.21293103809417102,1.337885169995792,1.337885169995792
549d86de-1b69-47e6-a6d0-8b11bec24ff7.jpg,0.20740098366855897,1.303138813280883,1.303138813280883
aae86989-08f9-4f95-9bda-a782ceab5135.jpg,0.19044012163303534,1.1965705741421808,1.1965705741421808
d0e4f1bf-3a22-4656-8f82-b8331df09b8c.jpg,0.18508917391348984,1.1629495780512464,1.1629495780512464
2b43ee13-7ad8-4fb1-9eca-ce1e63c3e70a.jpg,0.18488543872791008,1.1616694721266563,1.1616694721266563
2371c3e1-2f42-4512-9cba-2670e723760f.jpg,0.18792587254385149,1.1807730812064312,1.1807730812064312
4ed0fbf8-7ff6-4b04-a736-740284d4d07c.jpg,0.18043298150572296,1.1336938583273646,1.1336938583273646
1984e951-07cc-4cc0-9212-aea7548cd45a.jpg,0.18502747480594714,1.162561911125268,1.162561911125268
d850774e-eef8-4676-bf9d-5523135dba4e.jpg,0.18063341370058436,1.1349532109492035,1.1349532109492035
20d46fc4-8d80-491b-b6e5-9d5c541542c4.jpg,0.17480411918882477,1.098326673321693,1.098326673321693
d6c9722a-a3a7-4fdd-abb1-8b7dc74eab4c.jpg,0.16689627904804788,1.0486402483376387,1.0486402483376387
e5c52a00-a015-470c-b565-1c0d1f954cba.jpg,0.1742066060651929,1.0945723876424422,1.0945723876424422
6529bf07-a9cc-4b5e-849a-7b7141292246.jpg,0.16056999259820215,1.0088910182669586,1.0088910182669586
286e48f6-1c57-4309-b6b7-2f168fe3bec0.jpg,0.15101942514838723,0.9488830331910539,0.9488830331910539
e02a47cb-3724-4aaa-8bff-c7228feb0966.jpg,0.15454791526111694,0.9710531904238857,0.9710531904238857
00640009-8f2a-4231-b158-d9084dd0a3e7.jpg,0.15467612014928428,0.9718587254935274,0.9718587254935274
6b8eaf50-5656-4787-8b50-61f98fb99de9.jpg,0.15261921262436157,0.9589347943547059,0.9589347943547059
87dcf831-c9a0-4aa1-bdc0-5c78f9314094.jpg,0.15719305861406663,0.9876731162745229,0.9876731162745229
79109399-a073-4c15-84fb-476001043772.jpg,0.15050542678198256,0.9456534862073458,0.9456534862073458
321455e4-3512-486a-9727-708e3447f256.jpg,0.15881153419081193,0.997842298238358,0.997842298238358
1963b44d-da36-4048-9c6e-83e153cbdd7c.jpg,0.16028369879661475,1.0070921812592881,1.0070921812592881
f5584966-1708-4b8f-b641-f02db212e4c9.jpg,0.1534755281161946,0.9643151832713015,0.9643151832713015
fcc7cb2a-0a3a-45c4-9741-ee666012c079.jpg,0.1487426748288689,0.9345777890353401,0.9345777890353401
02c55db1-b029-4cfa-98a7-7ba03e749808.jpg,0.14834206784561615,0.9320607011242128,0.9320607011242128
9a803b75-1f60-4b6a-9d19-4bd20bbbf916.jpg,0.1498094427161885,0.9412804893511175,0.9412804893511175
f03a5231-5796-44e2-92f8-1430ca3d7f66.jpg,0.1480761993749413,0.9303902002556261,0.9303902002556261
f419a551-84e4-4fac-8960-09bc97d16a27.jpg,0.16369064189053037,1.0284986360493757,1.0284986360493757
f810d559-4a6f-4e9d-ae58-ca44d1f8e783.jpg,0.18502202578470645,1.16252767391507,1.16252767391507
d4b40141-fa81-4c66-86ac-0b9564a92dfb.jpg,0.1973441228694191,1.2399496932713772,1.2399496932713772
421a258b-4c9c-424d-9861-20d56edda7b5.jpg,0.20662173130140365,1.298242626256988,1.298242626256988
b2575a2f-a463-4797-9c52-892e14adf011.jpg,0.19905855287109325,1.2507217746680839,1.2507217746680839
fd006dc3-55e8-4636-8987-da21a9c1e120.jpg,0.20422758988373588,1.2831997920781875,1.2831997920781875
1923e1e7-3804-4744-8186-5ee019b0f59a.jpg,0.20005735443779812,1.2569974299967919,1.2569974299967919
e002c4db-02ae-4c72-8e76-aeae7314b74b.jpg,0.20707385391462196,1.3010833964174047,1.3010833964174047
82695c0a-9eb0-400b-a954-c6caa6e77998.jpg,0.20307458552785906,1.2759552520502284,1.2759552520502284
8594e1a7-1c0c-45bb-92fe-11e89d8312db.jpg,0.2123757598198089,1.3343962537009242,1.3343962537009242
3276318b-9990-480d-a0c1-c6f078ea56d8.jpg,0.2059479230852475,1.2940089643733788,1.2940089643733788
2a5ae8dd-cd0c-4d84-b735-5e38cbe64642.jpg,0.2141656947166126,1.3456427463453289,1.3456427463453289
5cfc705d-9293-4162-a0d6-fdd9d382966f.jpg,0.20948501432108557,1.31623316405655,1.31623316405655
0b655e89-ef52-4d96-8257-47a29066bd26.jpg,0.21257593724988605,1.3356540055884136,1.3356540055884136
f9269b00-704f-4fee-bc98-7328fc3d70bf.jpg,0.22322810563202322,1.4025835534566609,1.4025835534566609
7f587c67-7fff-44e0-9395-dccf6b14a45a.jpg,0.22318484337334518,1.4023117286685798,1.4023117286685798
531342c7-dddf-43b5-a074-9a408787a96e.jpg,0.20974426565189772,1.3178620882091756,1.3178620882091756
1d1cd3a5-cf5e-4908-91d7-a3fd302a6122.jpg,0.22812981232893878,1.4333818849548245,1.4333818849548245
f74f870d-4ea5-4d41-8b96-b6a6f527e97f.jpg,0.2140350204462108,1.344821695689514,1.344821695689514
bf3aa60e-c3eb-4abb-8602-db494f80a0c8.jpg,0.21468704397720284,1.3489184803593786,1.3489184803593786
3a8c1d74-051b-4f50-a087-0af6c89214fc.jpg,0.21519981813097144,1.3521403353882389,1.3521403353882389
d21646e7-0876-4fa3-9674-cf239cd1e9f6.jpg,0.22111316424098817,1.3892949847829636,1.3892949847829636
2f68119f-f6eb-4de2-b34c-360c166d53d6.jpg,0.22174166442987508,1.3932439679353374,1.3932439679353374
39eae219-1c22-47c6-8142-77dd1161094f.jpg,0.21786084373407694,1.3688600523597,1.3688600523597
532c52d8-0b0a-4789-b301-0b4a90e3dc32.jpg,0.2259102284594403,1.419435828197939,1.419435828197939
8ab6283f-56b7-45fb-8347-1275c4124f59.jpg,0.21882309279657078,1.3749060415310086,1.3749060415310086
103d498b-8433-4cc0-8999-1778185e1df6.jpg,0.23013765577625853,1.4459975374021408,1.4459975374021408
61882c1f-a593-4ee0-89f2-b58342fd6c7e.jpg,0.21645470810551642,1.360025041638427,1.360025041638427
e0ae2dd4-8055-4ee9-bdf6-30c9656220e3.jpg,0.2261425504101179,1.4208955500649718,1.4208955500649718
307894ea-16e7-4a0a-93bb-0c2f4c665368.jpg,0.21405727111744707,1.3449615007801006,1.3449615007801006
673746ec-81e1-45ad-a70e-c7c061f7ef6d.jpg,0.21833068710375803,1.371812165316756,1.371812165316756
b5b641a5-7162-4be8-b41b-3732e646f904.jpg,0.21224413551793994,1.3335692338213532,1.3335692338213532
2af58be1-84d9-4c47-97d6-1d5392b56c93.jpg,0.2218208166106296,1.3937412957544855,1.3937412957544855
ce191995-2538-40ea-918d-6c8c2278b8dd.jpg,0.20976735482683415,1.318007161773891,1.318007161773891
8f7bde40-29d5-4057-84bc-b54743991d52.jpg,0.2169881724649273,1.3633768970633813,1.3633768970633813
0ee693d0-6b22-4310-a03e-63d199138ec0.jpg,0.22459504928183951,1.411172313712929,1.411172313712929
03a36672-e9e1-4bfa-8699-8d53857b42e3.jpg,0.21903345866134807,1.3762278092417095,1.3762278092417095
8d514027-57e5-47e8-b63b-4c3aeb8e4726.jpg,0.20992014657220834,1.3189671806234846,1.3189671806234846
07e1772b-5e40-4083-a3c0-7f35820487c7.jpg,0.19539233856777283,1.2276862708244893,1.2276862708244893
ddfc48aa-4c50-4418-afc6-013692636bed.jpg,0.2091841945262592,1.3143430575415882,1.3143430575415882
b1bfaacd-741d-4da8-a8fb-d9d8585123b9.jpg,0.19160357803267578,1.2038807862979457,1.2038807862979457
bbb471e1-dd2e-458f-856a-77d1072ae95f.jpg,0.1654133698410892,1.0393228549965945,1.0393228549965945
5da82c20-15f2-4337-a51b-7ac225b62fcd.jpg,0.16140180459244755,1.0141174471675372,1.0141174471675372
d53b68e2-da40-45d8-a93a-3befb1e6fdf9.jpg,0.13891861308525782,0.8728513886310578,0.8728513886310578
1f14ff63-e9de-4d87-afb1-3a63f802b33e.jpg,0.12203197490070222,0.7667495117022003,0.7667495117022003
a1063579-a4d6-47dd-83e2-25a5ebb81384.jpg,0.12890023096614392,0.8099040372985306,0.8099040372985306
68cd4c78-b848-461f-8131-a5baf5544c86.jpg,0.11982776330824746,0.7529000418105736,0.7529000418105736
ec8a27ec-1eac-42ea-9612-7eb536400bec.jpg,0.12049337004641113,0.7570821722881632,0.7570821722881632
728eb25f-e7c1-4b20-8e74-d04787d68027.jpg,0.13017925863439064,0.8179404051511345,0.8179404051511345
09c14656-8f38-45af-a785-528516f0b56e.jpg,0.13093393339147089,0.8226821664965205,0.8226821664965205
83c1c7b1-4256-47b0-a67c-ecd86a9fee5b.jpg,0.1441679827176336,0.9058341507771559,0.9058341507771559
e4ac8e93-7c7a-432b-9351-55d5a1772061.jpg,0.140328624313956,0.8817107504661724,0.8817107504661724
6ff1ca6a-d448-46ca-904b-c109371e9db1.jpg,0.1432402270768244,0.9000048901661707,0.9000048901661707
c3e4c741-6dbc-4be0-a923-ce93f24aa456.jpg,0.14288862386931092,0.8977957020587647,0.8977957020587647
ba29d4df-e5da-495d-8062-3e993e68432a.jpg,0.15130979769738723,0.950707497724539,0.950707497724539
9f29ad46-49b4-4a39-9ef0-0c339b12d126.jpg,0.15391329885696098,0.9670657779575978,0.9670657779575978
d422dcc0-4967-4a1a-9109-3195572e8cd8.jpg,0.15275697649761497,0.9598003902989917,0.9598003902989917
6b461d67-bb24-45b2-af84-a8e1d7f3374b.jpg,0.14754302053233728,0.9270401387856776,0.9270401387856776
1522845e-13fd-4ea0-9387-e8b9b6c38713.jpg,0.1533015101374054,0.963221796063788,0.963221796063788
8a1b6d2b-2f90-402a-afcc-23aee1009e2d.jpg,0.1517099399910086,0.9532216659046019,0.9532216659046019
2772287f-d9c5-49dd-b60e-b90945970d3b.jpg,0.1531755771392527,0.9624305357001058,0.9624305357001058
c8e8e821-ae5a-4ae6-a240-0c4cf526e735.jpg,0.13846251372875798,0.8699856318556839,0.8699856318556839
f56c1d73-ac8f-495a-ac26-87b52dbc01cf.jpg,0.14143775529048366,0.8886796259216287,0.8886796259216287
a541c7cd-8b8a-4490-b6e8-0376e9fc0dc8.jpg,0.13166278747591278,0.8272616917709636,0.8272616917709636
51fa2e45-fe51-46d3-b188-b9b97a7b5fa1.jpg,0.13824039225170465,0.8685900014546534,0.8685900014546534
ffa7850f-f91f-414f-bf38-716819ca30f0.jpg,0.18553448982286203,1.1657475804300672,1.1657475804300672
82320806-12e2-4ca7-b594-2f0c91416bd6.jpg,0.21108755865769135,1.3263022470864154,1.3263022470864154
2c29a272-305e-4fea-8a89-55a7c9c803f6.jpg,0.22670433186775044,1.4244253270654144,1.4244253270654144
ce7232ad-09cd-4394-b6a4-e6f3c665aa76.jpg,0.23785065418794527,1.4944597356967504,1.4944597356967504
8bcb4a29-510f-44f3-b841-3199e8f2c59b.jpg,0.2516487407771924,1.5811556706214998,1.5811556706214998
0c47a22e-2e34-48de-a261-8e56cddb1312.jpg,0.25727263448026666,1.6164916369057958,1.6164916369057958
5416760a-c5d8-4b2c-be8d-7ca72aff7640.jpg,0.2453828163290994,1.5417857061933444,1.5417857061933444
9a96e068-cd29-4275-8032-4e5452de69f6.jpg,0.2473933237397992,1.5544180968162291,1.5544180968162291
46c227e2-3562-41f5-a8a9-339e07e9bca2.jpg,0.24754259189626535,1.555355976303767,1.555355976303767
27593162-207f-4c7b-9c35-0dc361cd4cdd.jpg,0.2440836790246799,1.5336229857702068,1.5336229857702068
caacf9a5-e8ef-4ab4-a841-86f09d934653.jpg,0.2579604759712426,1.6208134724555643,1.6208134724555643
691af135-375b-4a50-a173-d1e674b6cc18.jpg,0.24740323837142675,1.5544803922839974,1.5544803922839974
36f9f186-d466-48ae-a580-0ee09dd88d9a.jpg,0.26057849126247107,1.6372629476673823,1.6372629476673823
a8f3e0a2-ce30-4627-8de0-cd4c14702886.jpg,0.2596919109887783,1.6316923995180808,1.6316923995180808
e439d38c-10bf-4df6-b3c5-69b2cd7e624b.jpg,0.2553819307406476,1.6046119949487916,1.6046119949487916
84572a69-e6e6-4ad6-8d7d-09bccd94ac72.jpg,0.25542898026965055,1.6049076158581328,1.6049076158581328
f50b2e9e-a510-49e3-bc85-4811f87265cb.jpg,0.251780884558293,1.581985954485346,1.581985954485346
1f2a0617-c118-4572-acf5-70a7e2dc0ff1.jpg,0.2564196755652292,1.6111323379832045,1.6111323379832045
d173d2ee-8bff-459e-9b10-3ef20003b193.jpg,0.24557342890098047,1.5429833603043512,1.5429833603043512
ffa4beaa-b5ed-4d42-97b0-44f3e25e379e.jpg,0.25292055118206774,1.5891466910709307,1.5891466910709307
bc2d0cf5-c21f-497c-aec5-fc1da2f71f21.jpg,0.26161097980726683,1.6437502645218744,1.6437502645218744
2f174c8f-d4fc-46dd-8b30-562e8d91e7a6.jpg,0.25736299325613626,1.6170593778387143,1.6170593778387143
4288bda9-37d4-49ca-b4ba-d6c86e783d4e.jpg,0.25646409216592814,1.6114114157161108,1.6114114157161108
625ecd30-4fa9-4e11-b636-defb9105dbd0.jpg,0.24813659311733974,1.5590881960484684,1.5590881960484684
09fb3ca9-1e4b-49d5-a13b-7c030c69c1ca.jpg,0.2561165799429454,1.6092279320226004,1.6092279320226004
2b5166e0-d4d7-4a27-8601-df033c34441a.jpg,0.25577710100880297,1.6070949229714997,1.6070949229714997
22ce488f-9614-4a7b-8fd1-e804a14791ff.jpg,0.2533148693775718,1.5916242653632753,1.5916242653632753
ba1bb353-4629-49cd-80fb-f7b256a9f725.jpg,0.23311517171688165,1.464705821812157,1.464705821812157
b838cd14-d453-4c61-97ef-aea02cb14e37.jpg,0.20839579267561392,1.3093893826174607,1.3093893826174607
f6dd65ca-de80-44e7-9ab3-785d8a0fddb4.jpg,0.19201158800346246,1.2064443885515754,1.2064443885515754
d887e56e-244f-4d9b-9760-f7d866f8eae5.jpg,0.2005351730922137,1.2599996531457123,1.2599996531457123
ce5ac40c-3ab2-41ae-897d-e1eb34932cf5.jpg,0.1899771212713776,1.1936614570725943,1.1936614570725943
bef336fa-cbef-4182-a27e-3e0a8d27d098.jpg,0.19151742365325997,1.2033394623670512,1.2033394623670512
46dbfc87-824c-450a-9077-72395d8cc01b.jpg,0.17875869902440553,1.1231740312406826,1.1231740312406826
92f119d4-f94f-4e43-af71-9443e66395b5.jpg,0.19506059614676327,1.225601871719034,1.225601871719034
71e0978f-5e6a-46a7-be96-d912e3448013.jpg,0.18632669978687877,1.1707251824361784,1.1707251824361784
04f42667-519c-4db0-ae2d-218ead43ffc6.jpg,0.19001091088344596,1.1938737634666774,1.1938737634666774
5aae95e8-901a-4492-a181-94c3700d9145.jpg,0.18869871217588982,1.1856289758272607,1.1856289758272607
d5c4e877-282c-48b3-b7d4-203ed2797626.jpg,0.19014410283365052,1.1947106331712374,1.1947106331712374
fd41a7be-a3b9-4b98-82c1-e72a8429ecc7.jpg,0.17914762530756131,1.125617727148583,1.125617727148583
b8b32b2b-8b52-4d77-a10a-06bd09c90ce6.jpg,0.1778330840334182,1.1173582207292059,1.1173582207292059
b40d4560-765d-43e6-8461-60f55fe6ff1a.jpg,0.1696769491646956,1.066111713958673,1.066111713958673
b00e8a1a-0127-434d-bf22-cb969fc51add.jpg,0.1721115509495894,1.081408768122351,1.081408768122351
538a9f8b-594d-4554-a077-44288b61655d.jpg,0.1560824694580731,0.9806950788072715,0.9806950788072715
962e6aba-4ab2-4357-b82f-65d003f7c1af.jpg,0.15594451391754802,0.9798282785820002,0.9798282785820002
1b698908-98aa-4221-b8bf-e62aed12d6e6.jpg,0.1651776065548166,1.037841510580314,1.037841510580314
fa3decd6-04f4-42c1-a219-6e1bff2063e1.jpg,0.14312735295330908,0.8992956811317384,0.8992956811317384
7dcd3bf7-c31d-4c2f-a5d6-360d0606c828.jpg,0.13675106066742862,0.8592322551268117,0.8592322551268117
38a12a30-78c9-4a7c-8aff-81108ebafbe5.jpg,0.1401467119771493,0.8805677615443539,0.8805677615443539
5ce7a18a-c11b-43d2-b19d-e463f650fd33.jpg,0.1510284729445523,0.9489398821709807,0.9489398821709807
cdcfa14b-863c-44fc-9ab9-343ab391b5ab.jpg,0.1737786523156953,1.0918834749314466,1.0918834749314466
c7b796cb-8f1c-48ca-9cdf-ca389b9e5bbf.jpg,0.18663116415634357,1.1726381884889594,1.1726381884889594
ff0608b0-3e95-43f6-bf69-2a4fd7d7a31b.jpg,0.18063703504870537,1.1349759645505095,1.1349759645505095
14b651cb-a6c0-48e9-849d-74eb414b8538.jpg,0.1931978360809231,1.2138978050425462,1.2138978050425462
712bc296-02de-4efc-8aaf-d1da43541f1b.jpg,0.2068799652182501,1.299865157809133,1.299865157809133
89adbfe5-1121-458a-9d3a-14d4b28f99db.jpg,0.21832209127392843,1.3717581561250676,1.3717581561250676
41615532-5f75-47c1-a1b6-3fe1ede7fc83.jpg,0.21355852211708676,1.3418277683890663,1.3418277683890663
1550d649-ae9c-4185-91da-55476bcfdedc.jpg,0.22846385661368018,1.435480747096659,1.435480747096659
2e61d119-0431-4da6-98a7-c9561f0a55b1.jpg,0.2388781175225714,1.500915478224539,1.500915478224539
371dcfe2-ddbc-42e0-a1ae-9c0ed1be330a.jpg,0.2591810840505657,1.628482779205392,1.628482779205392
2f87942b-1016-4a37-b351-67b4004e6350.jpg,0.27712554964246716,1.7412311817576167,1.7412311817576167
ff293221-9dc4-4cf5-9a29-89ea00f18395.jpg,0.3034189844057216,1.9064377047373822,1.9064377047373822
a8fbcd6f-b311-4d1c-8d8d-39a96cd4d8c8.jpg,0.32942737418648055,2.0698532372712464,2.0698532372712464
d3a4027f-1b3f-468a-a071-6567dc08d8b1.jpg,0.3380404667055823,2.1239708936366446,2.1239708936366446
3693e81d-f4d0-45c2-88e1-efb262c6a537.jpg,0.3429225999710259,2.154646241637773,2.154646241637773
d55fac74-0768-4911-8349-f5848b3fc4d5.jpg,0.3529397637546362,2.2175859379425646,2.2175859379425646
e66da4c9-cfd2-4d41-aeac-76999f79afe4.jpg,0.3625747556557094,2.278124377490182,2.278124377490182
c94eb18b-5837-41d1-bef5-16f5c2f9c2d8.jpg,0.36349853547627997,2.28392865728586,2.28392865728586
31319923-52f1-4500-a5d2-242bbf9ff09e.jpg,0.3710751200290231,2.3315337420262594,2.3315337420262594
039ac332-1177-43ec-88d3-c811957a0e65.jpg,0.36380775991436404,2.2858715717318505,2.2858715717318505
c8f521c3-f232-4a03-9bcf-97e810ba8947.jpg,0.3767105341289321,2.36694209309868,2.36694209309868
884b712b-6deb-47ad-8d2b-c85a3e4cf8a3.jpg,0.3655399876517419,2.2967554796000322,2.2967554796000322
e817bba8-886f-4e1f-bca5-8948a72e07f3.jpg,0.3674801838815587,2.308946092044262,2.308946092044262
102efc52-bf2a-4c29-9fc3-9f3a4ebde9f5.jpg,0.3628022205137841,2.2795535813443366,2.2795535813443366
dfe681a5-1181-48da-91da-5edd1889a2b9.jpg,0.37662631292406723,2.36641291566172,2.36641291566172
c22db879-61cc-4bb4-a3dc-84fd9f5eda57.jpg,0.36112410888539775,2.2690096950170524,2.2690096950170524
529158b3-b99b-4204-9658-2c5aec183426.jpg,0.33739450079744693,2.1199121701337096,2.1199121701337096
262833f3-5e20-4512-a122-b2bcea0ae5d7.jpg,0.32578560094536335,2.046971301150579,2.046971301150579
9b7d65bd-3422-47a8-bdb2-753fffb08f6f.jpg,0.2951859227473213,1.8547078526922176,1.8547078526922176
7733a4a1-f432-4c54-be8b-de005c11459d.jpg,0.2783346349929788,1.7488280890670773,1.7488280890670773
540ec992-e7af-4a14-b73b-0376940fa8cf.jpg,0.2465560696795667,1.5491574744065997,1.5491574744065997
4243d4c8-2925-463d-8e01-f6d3006333da.jpg,0.22917992437042267,1.4399799335047685,1.4399799335047685
a14e1a30-b100-4c61-b817-524c633c4a33.jpg,0.2070763202309709,1.3010988927400513,1.3010988927400513
b497d622-03bf-44a7-ac57-5d331d501a1a.jpg,0.198323180217013,1.2461012920126653,1.2461012920126653
42e21e81-bc75-499d-8a76-dee2ca738dd6.jpg,0.1834266454363357,1.1525036035508238,1.1525036035508238
1275068e-8c34-49a6-b911-78d45e7843d2.jpg,0.18666906428406735,1.1728763220146137,1.1728763220146137
7bc892f2-5f90-435e-9285-2ab73875a7e0.jpg,0.18246809244687112,1.1464808374912672,1.1464808374912672
b0edbe44-4a1f-4656-8705-edaf515849be.jpg,0.17600052542169264,1.1058439153854664,1.1058439153854664
56803c7a-6d54-4cb1-97c4-8c22416da5c5.jpg,0.17250098881223602,1.0838556783789917,1.0838556783789917
a179aedc-04d8-4e70-b507-413f11028ae2.jpg,0.169382741519987,1.06426315280818,1.06426315280818
ace01e08-269b-4e22-8c7d-9204f10d12d0.jpg,0.15607021505950575,0.9806180821502447,0.9806180821502447
3adef64c-ae8a-4522-8312-113e97013fce.jpg,0.15195743536973688,0.9547767252318223,0.9547767252318223
0c36355e-c57c-49d1-aa9b-0e7eb5c0fc1e.jpg,0.1394135231374956,0.8759610001996537,0.8759610001996537
c7b2d104-eefd-4a62-b38c-1adfbeee1242.jpg,0.1181417803440865,0.7423066984220024,0.7423066984220024
519b5ed4-fd8d-4428-960b-e8b4f278f474.jpg,0.12219429208588445,0.7677693806552399,0.7677693806552399
b92a35c7-00d7-4300-83cd-8fd16767358e.jpg,0.10904612576465206,0.6851570152093192,0.6851570152093192
016ac6d1-9ada-4b35-82fe-e19d2da85e69.jpg,0.06770604243324595,0.42540961102384856,0.42540961102384856
877e31d5-563b-460c-a8cc-a99d835e6ff4.jpg,0.05647708088238352,0.35485596479258524,0.35485596479258524
2e789497-47e6-418f-8236-ff11bb960b8d.jpg,0.03308240723733128,0.20786289507973152,0.20786289507973152
077f1270-d499-46a7-962e-6906b0b85cbe.jpg,0.03117873116569099,0.1959017455567719,0.1959017455567719
1dfe5fa2-fceb-43ff-917c-fe9897f3e2e3.jpg,0.012721505523943612,0.07993157659324644,0.07993157659324644
69da48b9-2157-44da-92e6-4da4695deda4.jpg,0.010458584063711324,0.06571322172301357,0.06571322172301357
20d1ecd5-626e-426c-82eb-f028b8f69019.jpg,0.013012377457978229,0.08175917885544366,0.08175917885544366
272d43e2-5e18-400f-91a7-caedaf8dc86e.jpg,0.03195291425257688,0.20076608135336024,0.20076608135336024
dbf4a982-20a9-4513-8b8d-a6aa4779791a.jpg,0.035824762216167996,0.22509361958982915,0.22509361958982915
a5d03c3d-be1d-418c-b6e5-f4016ef2cfa8.jpg,0.03395541440621337,0.21334816089631392,0.21334816089631392
4d3483a5-4cae-4676-b466-724de6cd149b.jpg,0.039070794974440465,0.24548904492323034,0.24548904492323034
7a4a1f94-def8-46b4-a5b0-3d0ecb680c28.jpg,0.04937777314323173,0.3102496987148004,0.3102496987148004
76d85cc9-35de-4874-9a49-05cab0ff2175.jpg,0.05600835847675622,0.3519108950604019,0.3519108950604019
1fc25715-a79d-413a-91fb-1e42192f5772.jpg,0.05483213045457402,0.3445204364335338,0.3445204364335338
e3382a42-b7ec-489f-9096-a36408d256cd.jpg,0.06701569387924487,0.4210720231325163,0.4210720231325163
a005c2ce-c303-4362-a21f-421458b1105a.jpg,0.09562245355516417,0.6008135952142699,0.6008135952142699
b16d39e1-3678-4b92-9ada-3ab47fb0710b.jpg,0.08221140760354831,0.5165495083371668,0.5165495083371668
892fdca8-7bb6-4f72-a8bb-fbd2867fad59.jpg,0.12552898702203033,0.788721886881958,0.788721886881958
ec81221d-a5a6-4293-a9ed-d4638a1f7945.jpg,0.14398113768471996,0.9046601688116335,0.9046601688116335
f652614f-681c-4724-bfae-2f87b28d5535.jpg,0.14299240873350974,0.8984478015926064,0.8984478015926064
5a1238a4-a1e7-4ba1-81da-7e80686e7449.jpg,0.14701490450771476,0.9237218879392833,0.9237218879392833
da33ffc2-7df5-4f78-8650-fdd7f1ba4f78.jpg,0.16450386934067657,1.0336082948155294,1.0336082948155294
1cb870a4-f99d-46ff-9b6b-f65b3a0cf9bd.jpg,0.17303529067837753,1.0872127960139306,1.0872127960139306
cdb0503d-29e5-4bbc-aa4f-32ecec0b1150.jpg,0.16495217221778655,1.0364250648661533,1.0364250648661533
ca4fbe36-baa4-4c66-be3b-b23c91d1c182.jpg,0.16803813103946424,1.0558147159930797,1.0558147159930797
e925e48e-0ca4-4f5c-89eb-50770cb26933.jpg,0.16466076433517252,1.0345940951397163,1.0345940951397163
9bec3924-1944-4cfa-8bac-b805163893c1.jpg,0.1691487283230939,1.0627928045277752,1.0627928045277752
abe7872a-2299-4eb5-b1bb-17e0b307bedb.jpg,0.17127322184780763,1.0761413910274547,1.0761413910274547
f6d5b23f-cdda-4d9e-8310-acb87b91203c.jpg,0.16260999771613602,1.0217087484505318,1.0217087484505318
31451a07-5c09-47f8-9f6e-8685d432f61a.jpg,0.15944707372888609,1.0018355109261172,1.0018355109261172
5b122a3d-51ad-456d-ba99-b2bbe07583d6.jpg,0.15504224927313107,0.974159182625012,0.974159182625012
94a0c44a-8b43-4c62-9d3b-6400a4ec328a.jpg,0.13538595491520514,0.8506550427216948,0.8506550427216948
fecef61e-f984-4555-b25d-7def397b965d.jpg,0.1276267490759129,0.8019025145968718,0.8019025145968718
68deb4b5-5cbb-4620-90ba-e7be9031f6bd.jpg,0.10949208339620392,0.6879590496475104,0.6879590496475104
a87ee63d-d2f9-44c2-b2f0-e69e380ec693.jpg,0.105482310433924,0.6627649030857873,0.6627649030857873
83540d12-5176-497d-bfdc-b45c88d6e7ff.jpg,0.09694685844065148,0.6091350765315207,0.6091350765315207
72cc6116-6075-4839-a528-f2833f7cf664.jpg,0.09279508149473979,0.5830486926262813,0.5830486926262813
dbe72533-2b2c-4dd9-b61b-4db3b412c90a.jpg,0.07802975742432881,0.49027542537133,0.49027542537133
0d4fef81-a45d-4fc8-a16d-e90dc980cd7c.jpg,0.08126139097883232,0.510580377839175,0.510580377839175
2aa95e56-3ada-459b-b9a8-d374cd84804b.jpg,0.06127487064705764,0.3850013669489223,0.3850013669489223
4809029a-0626-4684-aece-d5c1c3453a0c.jpg,0.05405211592093542,0.33961946057638925,0.33961946057638925
668016ac-6275-452b-ae68-20af102cb889.jpg,0.07614700879592538,0.47844576685223306,0.47844576685223306
d8e2e726-cd48-4dbd-abe3-ab37643c9025.jpg,0.08270133012374095,0.5196277823176977,0.5196277823176977
bad1fb35-e2f0-4d0f-8c7c-6ac1ef002668.jpg,0.09590943097776156,0.6026167275394261,0.6026167275394261
553301c6-3e8f-4628-9e1e-a03721430586.jpg,0.10313066984929192,0.6479891095166598,0.6479891095166598
4c0d0a25-601b-4fc7-a744-204205591fa6.jpg,0.1311342338121185,0.8239406911565554,0.8239406911565554
f0537a2a-a167-4d6f-b304-16a1e6335398.jpg,0.13665102242449653,0.8586036963086647,0.8586036963086647
02912fee-0306-46d1-a311-8c4e635bd5a0.jpg,0.1725916954789284,1.0844256051744163,1.0844256051744163
2f511115-6268-4bbb-9886-ebcd57499e51.jpg,0.17449074767931466,1.0963577020574504,1.0963577020574504
711f6744-0839-43f9-93c0-282ecdfba47b.jpg,0.19268193769216843,1.2106563198663252,1.2106563198663252
3f71786a-35d3-4e7a-98c3-701c665b2637.jpg,0.21222757540060677,1.3334651835354403,1.3334651835354403
ab1577ed-eca0-4911-b310-389655a57f22.jpg,0.2329142917297751,1.4634436556286627,1.4634436556286627
f009aa3c-58eb-4ea2-b920-4001357dbfd1.jpg,0.26095929288489855,1.639655594826369,1.639655594826369
3d026882-dfa5-4112-a2bb-3ad8b9a69b38.jpg,0.2754845614097865,1.730920548604783,1.730920548604783
263e8ddf-28d9-4658-b4e9-33360c7d3217.jpg,0.27404460133222375,1.7218730126025155,1.7218730126025155
c77fa2c5-f314-404b-b7e6-182c3d904a81.jpg,0.25554950818728767,1.6056649150993352,1.6056649150993352
4991246b-67b6-4526-bf1d-76fa56a0c2da.jpg,0.26315189657546234,1.653432130119387,1.653432130119387
e51050b8-d8d1-42ec-9295-fe26b8719bef.jpg,0.27520072913655397,1.729137177835905,1.729137177835905
750f8a0b-c55e-4091-aa99-9d78208a111d.jpg,0.28587869664604576,1.7962288264020847,1.7962288264020847
fe0e0f83-f5ce-44fd-89ce-e0b41ccef84a.jpg,0.27231283544354645,1.7109920066153035,1.7109920066153035
f678ec70-cefb-49f5-ad28-ee860ea9a782.jpg,0.27521068219580574,1.7291997147515572,1.7291997147515572
428013be-8182-409c-a8dc-30d06d81a7c0.jpg,0.2784882656581427,1.7497933790051676,1.7497933790051676
4e5aa457-7333-482f-9014-9803820f65ef.jpg,0.26680497035698764,1.6763850696295097,1.6763850696295097
d0c39d54-a1cf-48b7-864e-4dea0ad0c5e6.jpg,0.2816362063500862,1.7695724737086596,1.7695724737086596
a62ce5a4-9c35-4f0c-af92-6f5ac8ba8fee.jpg,0.2593388537753632,1.6294740756221573,1.6294740756221573
feafb9f3-2137-4477-9c69-98a0fdab0be0.jpg,0.2679926714144768,1.6838476154632473,1.6838476154632473
4db7f721-c2e3-40f4-bf94-2c6ffa6ffee8.jpg,0.27525163622067134,1.7294570364788626,1.7294570364788626
efd8fd2a-c92d-414b-9330-39a93d39e5bb.jpg,0.2784065626322318,1.749280023753212,1.749280023753212
b597092e-513d-483c-8e95-cb8f231e4860.jpg,0.2798258856641694,1.758197893373624,1.758197893373624
80ff6272-463e-4604-80f8-e27ad0734126.jpg,0.27939870998375876,1.7555138694148835,1.7555138694148835
76002ec7-e018-446c-b238-d385549678d1.jpg,0.272503958538264,1.7121928684358954,1.7121928684358954
877b1a81-c74f-4c40-bebc-770a2da750f4.jpg,0.2705266321063698,1.69976896005152,1.69976896005152
55425027-f9cf-468b-b892-34d1e42e5794.jpg,0.2699262215920737,1.6959964695298186,1.6959964695298186
8afaadd8-8aab-4de7-aaa1-095019ddc7c4.jpg,0.27851276824569315,1.7499473333032525,1.7499473333032525
38223449-5d81-4317-ae8c-7cedd10d03f9.jpg,0.28761757123228476,1.8071544976533698,1.8071544976533698
7e9709f7-35f3-499c-b351-f19abe66b602.jpg,0.27814488873711996,1.7476358781801729,1.7476358781801729
983b0ed7-9af0-4cd8-89c4-792827cbf9b0.jpg,0.280622482020151,1.7632030558932803,1.7632030558932803
2ffc4f18-3ed2-40b8-a8e3-0873167856d1.jpg,0.2716515361339868,1.7068369405098303,1.7068369405098303
bc5c742b-a585-4e87-9a55-b9e59e883eb4.jpg,0.27408214931529556,1.7221089335380666,1.7221089335380666
2402b880-8e64-4cc9-9211-76cba7b9e9a5.jpg,0.2702548675239522,1.6980614128202622,1.6980614128202622
ab9b2c03-5324-44f7-a1f4-af853f12f07a.jpg,0.2741105126133295,1.7222871453955366,1.7222871453955366
2da8bcc4-d8bd-47bd-87bf-11c57c55ab13.jpg,0.27467886467607744,1.7258582067254997,1.7258582067254997
1c98f5c5-5bc6-4e59-80eb-fa5be169844b.jpg,0.26272139385827264,1.6507272017720398,1.6507272017720398
4af91548-859a-4b09-95ce-3d9a192fa8e3.jpg,0.26908942941900066,1.6907387492428032,1.6907387492428032
6031ad8c-18e2-4fb4-90fd-b4e868dc801b.jpg,0.27535307039604434,1.730094366199212,1.730094366199212
04165719-d79f-4483-811b-a9e141635e5b.jpg,0.27085876921098756,1.7018558390272236,1.7018558390272236
87b1886a-a9e1-4350-8777-3ceb2d75608f.jpg,0.28169801903362396,1.7699608542536616,1.7699608542536616
b53e37e3-6c23-4080-bd2b-7a59b07b27d6.jpg,0.2693743679286375,1.6925290707000031,1.6925290707000031
c5f9d4ac-c4f6-4b1d-bc1c-35c489762c20.jpg,0.27666104104332284,1.7383125881524146,1.7383125881524146
dd54e592-379f-47ae-ae61-5c5f703172ac.jpg,0.27550680112641607,1.7310602848655456,1.7310602848655456
5c35c3ba-c345-4864-9e45-79a44f80ab24.jpg,0.2779738102536871,1.7465609603666932,1.7465609603666932
8a215164-0cf7-4e15-807d-9a3ed6e91567.jpg,0.27044670325256126,1.6992667522516505,1.6992667522516505
f884bbdb-0b37-4a66-a92b-a38cb91e82c7.jpg,0.2628873562907598,1.651769974489387,1.651769974489387
267039ba-c462-4c13-bb76-6dcb7c33ddc7.jpg,0.24830133481463343,1.560123298660384,1.560123298660384
9f63937a-fc2f-41c3-b415-8cc852c4760b.jpg,0.20044967572767208,1.2594624573610218,1.2594624573610218
b3fcc32f-7a1a-4195-b654-237db76aaeb8.jpg,0.19798697022740652,1.2439888223458428,1.2439888223458428
b1f58c8f-ca26-42f8-9297-cf127a2437d0.jpg,0.199840984947404,1.2556379403938256,1.2556379403938256
cb85e046-bc7d-49e3-87ba-8cc57ce6fc03.jpg,0.19443701398492882,1.2216837894419765,1.2216837894419765
3a146cd7-6b0a-4370-8aa0-ed7e2eccf903.jpg,0.19590954710731964,1.2309359879209179,1.2309359879209179
9e313cbc-8067-4911-98b0-12baa0c5fbe4.jpg,0.17368556020669054,1.0912985599599334,1.0912985599599334
8cbad4b5-5c27-44d6-a075-e5fe3521d793.jpg,0.17080404459166398,1.07319346338519,1.07319346338519
eeb3cdbd-834e-4ec0-babd-73f817faf0bc.jpg,0.1636413399726455,1.0281888629633056,1.0281888629633056
1dad53e9-8fff-4f13-8cc2-0348abde9448.jpg,0.158668845096744,0.9969457562190157,0.9969457562190157
4240a416-8494-437d-86cd-4fbe08a89610.jpg,0.15963388749751134,1.0030092964523223,1.0030092964523223
5f477bfe-c599-493c-ba14-1314f66a9bb8.jpg,0.1619801683976716,1.0177514141307253,1.0177514141307253
ccadbda7-aea6-424d-a960-96fdc9118785.jpg,0.1573877738120995,0.9888965479458877,0.9888965479458877
10c18ca1-cdd4-4b3b-a4da-74f40cd2f3c5.jpg,0.19040752793535487,1.1963657818998084,1.1963657818998084
649021eb-0b18-4128-94c5-10cbd3d63acc.jpg,0.19877863866785545,1.2489630218590293,1.2489630218590293
1ed3be20-fee0-4327-bb6e-4872d1b30e96.jpg,0.20472331884143025,1.2863145489815162,1.2863145489815162
b95274ca-4223-43e4-a56f-646940cf800c.jpg,0.2167664583988643,1.3619838265010993,1.3619838265010993
73720d92-c5d1-4cc9-acb1-f08463a99ed8.jpg,0.22411664193571987,1.4081663917049434,1.4081663917049434
0646cc29-b33f-4a33-90d0-ab7e5b1b38ab.jpg,0.19620287893850152,1.232779046172728,1.232779046172728
8f64de2e-503e-488a-86b7-2a8c534505a5.jpg,0.21570812124163985,1.3553340980247843,1.3553340980247843
61f0194a-220e-450d-b239-1f133644f053.jpg,0.23245334053638558,1.4605474138630308,1.4605474138630308
ae8d4781-c699-46e4-baac-de3b7f064c61.jpg,0.2367413414930136,1.487489718470888,1.487489718470888
b8c0160d-f77c-4d48-ba9c-b98a7f736b62.jpg,0.2566188058909378,1.6123835107199105,1.6123835107199105
45d8dc38-d334-4255-821b-cd05bb0ebb71.jpg,0.2467011485010865,1.550069031526356,1.550069031526356
aecb05b0-e83a-42d2-a2a4-9f4b39ace6d4.jpg,0.2841597457262523,1.7854283392390757,1.7854283392390757
10dfcba1-82ce-4376-88b7-8ec7fdf5adc0.jpg,0.26118768121947167,1.64109060105449,1.64109060105449
71fb2aa5-5b2a-460e-b212-0af950dd3cf4.jpg,0.270389375974358,1.6989065543395434,1.6989065543395434
57b65a53-c304-4330-99f5-fb1844c8f6ae.jpg,0.2431401464392868,1.5276945956928198,1.5276945956928198
b94987d9-5bab-4434-922e-3b0b418bc6a1.jpg,0.25532351579204876,1.604244963002036,1.604244963002036
cb87716e-9cf4-48c4-a7d4-78e91df112a0.jpg,0.23073093700228342,1.4497252332845258,1.4497252332845258
5631574d-d54a-4cdf-b406-eb3dd0935ac5.jpg,0.25159445295198163,1.5808145701557768,1.5808145701557768
2c317e1c-78a6-428d-ad01-87a397ac2da6.jpg,0.26629976897128754,1.673210795705712,1.673210795705712
fed61e3b-8a97-449d-b0fd-0ac828956aa9.jpg,0.256049942619523,1.608809237371163,1.608809237371163
e60f21d7-0e7b-4f65-bd07-14d597ea4e4c.jpg,0.2640046984125704,1.6587904420922401,1.6587904420922401
60fdcd2a-1749-41b0-b268-7a922fd90739.jpg,0.275553876652424,1.7313560691188863,1.7313560691188863
94a64be8-19d5-4354-b381-ad31f6d5db81.jpg,0.2635442119213704,1.6558971201365775,1.6558971201365775
083b7286-2bbb-4016-8fc0-3312ff07c4d3.jpg,0.2595114194294721,1.630558337604578,1.630558337604578
df3fb46f-0a95-4c6c-ab90-fe26af9cb514.jpg,0.263673675068369,1.6567105610796202,1.6567105610796202
a41e7140-e28e-42b0-beec-bfea23d6cc08.jpg,0.2703830892433454,1.6988670536436148,1.6988670536436148
bf9e7f99-7dce-4af9-8d5a-591bee25ab50.jpg,0.2778965771246629,1.7460756903051808,1.7460756903051808
60378295-bc7d-4746-a64a-733830b73e9d.jpg,0.28439708955786547,1.7869196145146173,1.7869196145146173
e08a3189-39d5-451b-b0e9-3ad5852595cc.jpg,0.2769796861703934,1.7403146945330288,1.7403146945330288
15bc8edf-3f7b-4bba-a3ba-68b8b1cb86d7.jpg,0.3038804115534902,1.9093369370125755,1.9093369370125755
d25fa42a-1b0d-4b4b-80e1-c2bba76cedf0.jpg,0.27343836338325483,1.7180639072288995,1.7180639072288995
3354bacf-e2d5-4d36-b912-56823b1d44de.jpg,0.26570012468182963,1.6694431195166561,1.6694431195166561
2d940dfc-a104-4a5b-b8e3-29f17128d2c7.jpg,0.285213505952863,1.7920493100122061,1.7920493100122061
991e0120-7e3a-4fa8-809a-c80ce2fd6c15.jpg,0.26159138653353725,1.643627156352257,1.643627156352257
1180b742-dd40-420f-88cb-c9667a58b540.jpg,0.25617353014630617,1.6095857607035977,1.6095857607035977
5844039c-9958-4484-a7d0-36a8f2afb251.jpg,0.26328003083118495,1.6542372213922898,1.6542372213922898
bf900c12-0ac4-4c72-afe0-16537fa997f5.jpg,0.2508530714559868,1.576156332833127,1.576156332833127
fb123ec2-20ea-4393-a5d0-624743b0bb88.jpg,0.22246953831870342,1.3978173344591032,1.3978173344591032
bcdf1c0e-ef08-424b-820c-37624d1dce9b.jpg,0.21540711454035463,1.3534428171419064,1.3534428171419064
06439e4a-7a31-42ef-b4ca-d7efb152d2d6.jpg,0.21532903904712147,1.352952254349973,1.352952254349973
9750cab2-9fdc-4921-bbe9-db9d86607027.jpg,0.19647439506944714,1.2344850323373475,1.2344850323373475
45078fee-9204-4c3d-9a48-1d1d4262ec4f.jpg,0.18935801795609236,1.1897715162183677,1.1897715162183677
f03206c7-7f9f-406a-ba75-a1fbec73fa56.jpg,0.18492513496398333,1.161918890933902,1.161918890933902
e09ef7e9-a401-4637-8ca2-95a536eccb33.jpg,0.1985960049279304,1.247815500227737,1.247815500227737
ae86b1f7-94f6-430e-a840-610beffafed2.jpg,0.19638625108264193,1.233931207334537,1.233931207334537
9fadb947-c484-4e48-afc9-005d047063e1.jpg,0.1756174273958797,1.103436839498469,1.103436839498469
d5b21d23-8fb8-4a7d-b540-9682a6f2201d.jpg,0.20436650673693432,1.2840726324091236,1.2840726324091236
c42c7dc5-616a-44b4-9844-d205f84298d8.jpg,0.18407134739889028,1.1565543854494567,1.1565543854494567
6435f4c8-bb09-47b9-be15-f0dfdc600afc.jpg,0.2016123545083024,1.2667677835924476,1.2667677835924476
e4f1497c-2da9-4cca-9f24-60fdf2008ea0.jpg,0.20895039064493154,1.3128740244296686,1.3128740244296686
ab8bc167-0be9-45bc-ad07-e6e260db5ef0.jpg,0.20303022690075628,1.2756765385761695,1.2756765385761695
2b2ab815-1df0-4f35-8a7b-e79072fb8c97.jpg,0.18764259666306976,1.1789932063544253,1.1789932063544253
0d210393-ab6b-4c6e-ae76-846279377942.jpg,0.21138038145539972,1.3281421069865837,1.3281421069865837
b88628f5-cb9d-4838-826e-b490512ae63d.jpg,0.19825106514044138,1.2456481796231245,1.2456481796231245
7be95d3b-e120-425c-8238-abc60fac703d.jpg,0.215528648828255,1.3542064395939606,1.3542064395939606
bc88368a-6287-4948-a379-33314dd33036.jpg,0.20203248221556075,1.2694075238298324,1.2694075238298324
e63458a5-684f-48f3-83dd-d59335234be7.jpg,0.1960105373915438,1.2315705285909229,1.2315705285909229
9305e6d5-41fe-48c9-966c-0eae3dfe40ca.jpg,0.20190947793120284,1.2686346651176346,1.2686346651176346
f95b9765-1819-40a4-98c6-41fbd184a238.jpg,0.18713976410120214,1.175833816189727,1.175833816189727
ff36d9ed-f340-458b-8ccc-d7f0b064f27e.jpg,0.18848891366072834,1.1843107728793298,1.1843107728793298
ec22c399-9f58-4195-aa04-5e59a5833492.jpg,0.19462489868123653,1.222864303805261,1.222864303805261
3c8c5ceb-291b-4ae9-b2b8-1cf82ace5d2b.jpg,0.1904346853309622,1.1965364168488695,1.1965364168488695
78d4a567-9660-4976-9a7f-707a30036ef7.jpg,0.2012735148676725,1.2646387913409518,1.2646387913409518
cc75c78e-4888-4276-af59-ab492204c293.jpg,0.1884983761816794,1.1843702276519383,1.1843702276519383
4c90df9a-53f7-43a9-8ecf-1950872b4dcc.jpg,0.20856976544506797,1.3104824857663437,1.3104824857663437
2fd51b17-13b7-4866-81fa-2dc59d0333b8.jpg,0.22018241739784464,1.3834469298934204,1.3834469298934204
060b8702-fc74-494c-85be-da386adb893c.jpg,0.20626926637381024,1.2960280238026367,1.2960280238026367
2559dbcf-6a5f-4a5f-a824-232f470478b3.jpg,0.20506830040596313,1.2884821320790372,1.2884821320790372
c06bc516-7052-4812-85d0-fb8077af9a6b.jpg,0.20017753617382725,1.2577525541148016,1.2577525541148016
0fa0d2da-d859-40b3-9a69-0c84fd1c56eb.jpg,0.194982031829628,1.225108237555941,1.225108237555941
25c7e09a-6ccb-4971-a379-f9f6cb7b5a13.jpg,0.19047936226246542,1.1968171302884605,1.1968171302884605
49f360d6-ee36-4342-aca1-c625d8e2e9a3.jpg,0.17756576859715986,1.1156786283077251,1.1156786283077251
291f9636-4309-47dd-9e5b-7f847b566811.jpg,0.15959026138313548,1.0027351854914666,1.0027351854914666
f2f59145-2c51-41e9-b03b-c9bf80563060.jpg,0.18712397511686127,1.1757346110753013,1.1757346110753013
0423e3ec-4c2c-4ca4-acd7-25a07c233195.jpg,0.20447907343820476,1.2847799098526238,1.2847799098526238
674a994b-3ce4-470c-b63a-51d95da7d8a2.jpg,0.18748120392061027,1.1779791458463182,1.1779791458463182
00ea951c-0204-4c2c-8155-6ce4c9b7e093.jpg,0.15621287586387253,0.9815144464201525,0.9815144464201525
ad6cbf7b-69e5-4146-b677-ff0a2b81635c.jpg,0.1639101158156497,1.0298776313909945,1.0298776313909945
c41bd87d-9bd6-4bfb-a323-ca9d0a285a70.jpg,0.15965319971193748,1.0031306386742538,1.0031306386742538
a2684b60-8022-4f2c-bfb6-d725cab6a100.jpg,0.1787894278178888,1.1233671059444041,1.1233671059444041
6414fb98-b00f-4a0c-b16a-22a1aeb6d892.jpg,0.17612862979148433,1.1066488188795272,1.1066488188795272
4b6d72a6-ec6f-4696-9e9b-ad64bbd93271.jpg,0.15213396761604545,0.9558859100480718,0.9558859100480718
7dc7b14a-9223-4eb8-91e3-997f862ee8ea.jpg,0.15234758001435625,0.9572280763305696,0.9572280763305696
4a009b53-6631-4325-9b86-19f7d6ef4b3b.jpg,0.1518729652634974,0.9542459839014025,0.9542459839014025
06731ce2-e448-4365-8bf4-4faeb9a2aaf2.jpg,0.14647656950461588,0.9203394293574719,0.9203394293574719
ad381209-5219-4609-add0-9fa4424e5662.jpg,0.12387530694026962,0.7783315084894635,0.7783315084894635
5317c728-adc9-47ae-9b31-44143ed147b0.jpg,0.13125513746561732,0.8247003512158035,0.8247003512158035
ce64e8ee-2eed-4e0d-8635-367c1bd65ea2.jpg,0.1226248429645136,0.770474611609836,0.770474611609836
8ee8b346-5d2d-42c2-8e76-60404d775af1.jpg,0.11728526377124181,0.7369250460761487,0.7369250460761487
7bf8d771-ad57-4ecb-850e-a7b56ed3575d.jpg,0.10953206137164141,0.68821023867539,0.68821023867539
05434e4c-e559-4726-9f09-79aaa8ef4e35.jpg,0.06546245384819367,0.41131272819089226,0.41131272819089226
77407a6a-7e49-4020-8129-add1a71fc26d.jpg,0.055791497657589055,0.35054831834770783,0.35054831834770783
1e8f438c-0d7c-4488-b227-45ee8324bf2b.jpg,0.04226525019278596,0.2655603990155819,0.2655603990155819
e77e225b-0043-4bbf-868a-b5271faed238.jpg,0.0257722030624737,0.1619315276157835,0.1619315276157835
37ef3165-7bd0-4470-9e38-6718c18255db.jpg,0.03362477816558943,0.21127071212720447,0.21127071212720447
d541868a-4f56-4727-9817-025671c84ece.jpg,0.03844146111026865,0.24153482363455545,0.24153482363455545
6eeea83b-de28-4d7b-882c-b6e280b1e48e.jpg,0.029508980268536836,0.18541039125312297,0.18541039125312297
a835c043-1ad4-464b-8a5e-a571d5976b9d.jpg,0.015060262833885283,0.09462642216013081,0.09462642216013081
b4de628a-0c13-486f-bd1f-9b3e85cf9944.jpg,0.021347555884147676,0.1341306494754718,0.1341306494754718
12c02433-9713-4eed-9a50-ccc79e525d87.jpg,0.010687654006035958,0.06715251061894417,0.06715251061894417
1762076a-0af2-4343-a0e0-9a35f06f28d0.jpg,0.019687732921541502,0.12370167422430539,0.12370167422430539
2d5ba28a-ca9c-4e91-b16d-d39160878382.jpg,0.023116799125425892,0.14524713261389788,0.14524713261389788
be03836c-6315-4934-ae12-0adc983a192d.jpg,0.010583896155738438,0.06650058081845026,0.06650058081845026
3929c6c7-6531-42d4-910e-f33c5ccbf46c.jpg,0.01730547642042094,0.10873351517853164,0.10873351517853164
a3a19a8e-a224-4787-b950-a47c24f2d4a3.jpg,0.008228147290457176,0.05169897416071005,0.05169897416071005
c189c837-33f2-4a68-8820-18241e9d2a47.jpg,0.0004554467741472537,0.002861656479524364,0.002861656479524364
08266115-0bb3-424f-9cf1-25fb53de8892.jpg,0.0,0.0,0.0
b092a0d8-e0b4-4cf2-8f87-355e74ae7dba.jpg,0.0,0.0,0.0
ccb40c44-a0a0-487c-b9c6-dd03d3fa0b86.jpg,0.0,0.0,0.0
00fe5399-43e8-4a5e-bfe8-3bea9e6e19c1.jpg,0.0,0.0,0.0
239623d3-21b7-4d2b-92a9-536a9ecf4525.jpg,0.0,0.0,0.0
0a203364-cb1b-4d62-a8d2-ba89503e9a71.jpg,0.0,0.0,0.0
7ab9f145-ddfb-4a7e-a7ca-c0c4389d37b0.jpg,0.0,0.0,0.0
31b71025-46e3-4b1d-8053-a65a32b10324.jpg,0.0,0.0,0.0
4f20ebcc-4c88-4526-9951-d73314b49c4d.jpg,0.0,0.0,0.0
06dfce86-0138-4d03-9096-fd0149e1339d.jpg,0.0,0.0,0.0
8e5b9e18-e8a5-4eae-9ca9-f562a2e8a390.jpg,0.0,0.0,0.0
fb1c4ab6-753e-4511-93f1-6c7855475351.jpg,0.0,0.0,0.0
2d4faf78-e238-4847-9bca-e1b57810f907.jpg,0.0,0.0,0.0
8eb82898-d20a-4b3d-8714-2cfe3e701417.jpg,0.0,0.0,0.0
f937ee10-a3b5-40d9-95fb-8910e1765f64.jpg,0.0,0.0,0.0
b83e9374-173b-4bf3-97e0-b6c0a7a5d7be.jpg,0.0,0.0,0.0
d351c80c-4f62-4cf7-9475-320e75e220cd.jpg,0.0,0.0,0.0
776fd6aa-d208-47a7-9f1b-91e0aa318b5f.jpg,0.0,0.0,0.0
f2aefb68-2eac-46a0-a40c-1f3d3f9b16e4.jpg,0.0,0.0,0.0
2ed79cb2-6fce-432b-ab61-4a4d474e1b07.jpg,0.0,0.0,0.0
d3737c28-d2be-473a-9905-6a978d92f38c.jpg,0.0,0.0,0.0
a888b57f-319e-431b-8fe4-74137aab1ae8.jpg,0.0,0.0,0.0
90cee533-5bc9-4030-b400-45bba1c979a5.jpg,0.0,0.0,0.0
41a7498f-89b6-4b93-8d08-0b29e5215fdc.jpg,0.0,0.0,0.0
6d10f39c-2543-4411-9f56-6e16021cf913.jpg,0.0,0.0,0.0
8ec7e743-c7cf-470f-8a3f-d86aa4bc2dd8.jpg,0.0,0.0,0.0
28d1ca9d-eb4c-4570-9948-c4cfa535c0de.jpg,0.0,0.0,0.0
0dae2357-16e4-425e-ae82-d2cc0d49ec5c.jpg,0.0,0.0,0.0
31ac0873-4712-4381-954b-7ca74d0815f3.jpg,0.0,0.0,0.0
a4a81560-9dd7-4e2c-aaa0-46a0d91384cb.jpg,0.0,0.0,0.0
e5820ebe-9077-486d-b58b-0d2f64c94485.jpg,0.0,0.0,0.0
5049975a-4aaa-4c0f-906c-d2f4c24cb401.jpg,0.0,0.0,0.0
6ef85ae0-72a1-45da-b7c7-f3b945f4d27c.jpg,0.0,0.0,0.0
c79ef69b-64ea-466c-a575-1ddc9b21c898.jpg,0.0,0.0,0.0
f129e7b6-f976-4385-a533-f21371bfac23.jpg,0.0,0.0,0.0
2b0bb33e-3629-4621-8e57-b2d8b6f9c373.jpg,0.0,0.0,0.0
6a412c8d-cf6b-4fb5-848e-03a3fa4344cb.jpg,0.0,0.0,0.0
84949da5-003c-43fd-a3f3-8a15f72f2c17.jpg,0.030578316430315087,0.19212922851324388,0.19212922851324388
fac2574e-e31a-4c78-9854-7e8a9137ef07.jpg,0.09017943969624463,0.5666141305091318,0.5666141305091318
5469679e-c712-4131-862a-979bebc1273d.jpg,0.11235353072129083,0.7059380534377647,0.7059380534377647
bf89737e-ba04-4882-bd0d-2527bc4d2b18.jpg,0.16339135337895028,1.026618150870808,1.026618150870808
0a8d0ce2-9322-4f27-98ae-ee01d014555a.jpg,0.1704773329666729,1.0711406737033613,1.0711406737033613
cad513bc-17a4-4c5e-9a3b-a83739fb0387.jpg,0.21181099405093234,1.330847725719921,1.330847725719921
f41d49b5-9782-4c70-a5b0-6739c2ebf042.jpg,0.23486790523430368,1.4757185712962242,1.4757185712962242
fa58b72a-422d-4453-9faf-43587d66f4e7.jpg,0.2545931190154406,1.5996557447068402,1.5996557447068402
6e377228-6dd3-4d12-9a25-fb351aafa515.jpg,0.26985396704580217,1.6955424808263084,1.6955424808263084
96a622d3-1f21-452a-aefd-cee584ab96ec.jpg,0.3112919594870964,1.9559050660924673,1.9559050660924673
e560e825-ce16-4d45-965d-645199ae3682.jpg,0.3242864708890898,2.0375519892074494,2.0375519892074494
c03fdd85-fe1c-48bf-8804-bcbdd6862b5c.jpg,0.3366774180546838,2.1154066063803487,2.1154066063803487
e8873d0e-be0e-435f-b6cb-ebcbd1a9b5f1.jpg,0.32555747934377743,2.045537970855244,2.045537970855244
044b2ea1-2a6c-45e7-b8be-d8b18c2e6bd2.jpg,0.3022297501241655,1.8989655253727142,1.8989655253727142
a82358c8-5f0c-4dc6-adaf-1ae2a698db90.jpg,0.3069000032284589,1.9283095910584205,1.9283095910584205
7a22ffb2-f3d8-4327-8adc-35354b6708e0.jpg,0.30158473925892454,1.8949128025812612,1.8949128025812612
8c75444c-4736-4db7-a313-f211a5f3c13d.jpg,0.2947423321356179,1.85192069067836,1.85192069067836
25ce5708-1ad1-4425-a854-53f00a53d641.jpg,0.26603668580849704,1.6715577954427006,1.6715577954427006
603d22da-936f-4ab1-9f97-c414a0dec359.jpg,0.2641278881943008,1.6595644663188032,1.6595644663188032
f2df9923-e6c5-4634-a1de-168b8876d842.jpg,0.2615740129415746,1.6435179948545047,1.6435179948545047
26bc04b2-977a-41d4-a34e-2af9960080b5.jpg,0.28068683394899796,1.7636073909871002,1.7636073909871002
67640bc3-1f65-4a2d-9ae6-f6134a7e0bc3.jpg,0.2586871179745886,1.6253790988145673,1.6253790988145673
bb0e14c2-ceaf-4c47-8244-8b710f089eb2.jpg,0.25922235314849545,1.6287420805951447,1.6287420805951447
406c9b2a-5d05-4f3d-af52-1064cf42a736.jpg,0.2542919289906662,1.5977633119685086,1.5977633119685086
518faf2d-495d-417b-9518-ca55d6072413.jpg,0.22741526243869636,1.4288922355832065,1.4288922355832065
55370854-41ee-45e1-bde4-2a925fa5a7a1.jpg,0.22685599974405887,1.4253782844374068,1.4253782844374068
24b7d2b2-5ea7-4c13-93d3-25d9025b316b.jpg,0.2351938315614693,1.4777664268062944,1.4777664268062944
afab9579-53a4-4f14-ad4c-95ce8f6efe32.jpg,0.24093065158534133,1.5138119300902206,1.5138119300902206
16bf82dd-ac62-4241-8ef0-5046b8261b44.jpg,0.21750599201437865,1.3666304532482643,1.3666304532482643
c784c229-c543-4574-b99c-7d24f45b98b8.jpg,0.2197557401178936,1.3807660374771245,1.3807660374771245
555a4c64-427e-4377-a8d2-4906d973ba7f.jpg,0.2264310312346919,1.4227081285433383,1.4227081285433383
a25321d9-97c2-437e-8087-e437d134e90b.jpg,0.2245020925694313,1.4105882494633222,1.4105882494633222
ee4a1142-2103-4b28-aea9-1c67bb3cb810.jpg,0.22671347541622677,1.4244827776748563,1.4244827776748563
4f638624-978a-405a-ae36-7564ff404250.jpg,0.21191944760169534,1.3315291594765863,1.3315291594765863
4a622cdd-a813-4d36-945e-40da5b7f2be0.jpg,0.22748720044934886,1.429344235434766,1.429344235434766
f8dd749f-272b-44ee-9483-1ea54712987e.jpg,0.22967274916135738,1.4430764429901832,1.4430764429901832
40095b3f-be37-4790-94c2-217139cc082d.jpg,0.23318517112013934,1.4651456410342172,1.4651456410342172
c4efb993-5e3d-4db7-ac22-7fa287ab24ef.jpg,0.22334759767113796,1.4033343440811517,1.4033343440811517
0563b745-df19-4a71-a83d-a1ea4041e34b.jpg,0.23324696647188758,1.4655339126803737,1.4655339126803737
75ce4148-a4ff-4359-8585-f06f34130354.jpg,0.23528763959999824,1.4783558400956747,1.4783558400956747
766eeae7-107c-469f-bdc8-5e5407f62298.jpg,0.2258662552919867,1.4191595366382843,1.4191595366382843
021f8b36-68e8-4e00-928b-0c1342877773.jpg,0.2331064131677777,1.464650790225115,1.464650790225115
b8830dc5-5e66-43a7-8bed-bd65aa02584f.jpg,0.23840843555293123,1.4979643793738489,1.4979643793738489
96cb75bf-f564-4b65-bf4f-a1f5b32b9416.jpg,0.21140260522804466,1.3282817430683367,1.3282817430683367
7a11241d-6a80-4908-9a9d-b35ea22a9203.jpg,0.2135469419369279,1.3417550079712375,1.3417550079712375
94678086-8121-420a-9c77-1f511d86cd4b.jpg,0.17670848054884297,1.11029212863852,1.11029212863852
e05122ce-3e55-459a-9620-928b2e87b9fe.jpg,0.19507317998626683,1.2256809383145106,1.2256809383145106
6d81a792-be1e-447a-825a-4d486ecfde8c.jpg,0.17220812866984492,1.0820155838352612,1.0820155838352612
725da3c3-d7f0-417b-8259-951d296eec3b.jpg,0.12146926318434742,0.763213889713822,0.763213889713822
5608f8bc-f32d-4508-8b66-ae5187feffd2.jpg,0.08447801578385353,0.5307910275527936,0.5307910275527936
b303780a-32a5-4037-90af-837afaf8c28e.jpg,0.06268863642659697,0.3938843193227171,0.3938843193227171
b01019e6-3284-4d0b-bc6a-9a3b1712dfdd.jpg,0.06929450531760527,0.43539021767985514,0.43539021767985514
e740a37b-dc80-4d0c-ba0f-dc33e6cf23f3.jpg,0.06814895365822969,0.4281925043250513,0.4281925043250513
1a137ca4-4484-4dad-92c3-fd8dc421cbeb.jpg,0.05482850240556058,0.34449764072927885,0.34449764072927885
290710bd-1956-4e04-bc4a-0ccc1b8f451d.jpg,0.06332939270577467,0.39791030976152947,0.39791030976152947
e4e570b7-6404-4271-968e-25c62e10ce46.jpg,0.05706464368583241,0.35854773076626056,0.35854773076626056
9ea046c6-ccf5-4c44-bae2-262f20bf871a.jpg,0.055313166892946845,0.34754287751533597,0.34754287751533597
df9a981a-acee-4714-a7de-32b711b2e90d.jpg,0.0646022053243946,0.405907627305635,0.405907627305635
0f2fbc3c-f834-4007-9479-9af032d757c5.jpg,0.05523587597551485,0.34705724435854884,0.34705724435854884
86cd169c-90ab-474a-95b5-fa32db5f8ecc.jpg,0.07255262974173207,0.4558616171904916,0.4558616171904916
9ca5e5ff-b34a-4948-898d-075a45510417.jpg,0.06392056499383124,0.40162475479585824,0.40162475479585824
e77cfbcb-58c3-4be5-b88a-5a17ce1eef27.jpg,0.06348443085795648,0.39888444320137045,0.39888444320137045
77499c20-a90f-4101-a079-5b7360f80fee.jpg,0.08082534010262653,0.5078405893806159,0.5078405893806159
37c0e2ab-6edb-4a90-b093-21a20d8c3b23.jpg,0.06627802021724674,0.41643708281795627,0.41643708281795627
5ffab13c-e3c0-4185-98a0-2dd28293856b.jpg,0.06665974211158053,0.4188355122158631,0.4188355122158631
dd2b3378-7621-4a41-96bb-909c249e237e.jpg,0.06868594536531028,0.4315665227290574,0.4315665227290574
bea78d26-43ed-49c6-a707-0ff87b1277aa.jpg,0.07208187757098304,0.4529037940679184,0.4529037940679184
f9b5c63d-351e-4df6-91d8-19e48966582c.jpg,0.08476093723851755,0.5325686754798246,0.5325686754798246
18dc383e-e248-41ce-8fab-75e0ccc13033.jpg,0.09493262207717271,0.596479256207324,0.596479256207324
39b15465-02af-41c1-8188-75461e9757be.jpg,0.08326182005080135,0.5231494443922257,0.5231494443922257
1bd43c44-b22c-41db-8ff5-201df0a7ed30.jpg,0.09198762124904261,0.5779752702743852,0.5779752702743852
e6339d57-637a-44f9-b55a-08b9496c6926.jpg,0.08467962494503821,0.532057775272142,0.532057775272142
79439528-266e-4a75-8290-e3360fb23940.jpg,0.09498737043689623,0.596823250296731,0.596823250296731
977d4372-4f62-415b-ad16-f2a6562f633f.jpg,0.08721348821743412,0.547978507755662,0.547978507755662
acbcaa5e-99c8-4cae-842f-1a6604eda80a.jpg,0.09136852628373066,0.5740853818845884,0.5740853818845884
ec7a5a98-70f5-40a2-8001-94b5aebe8188.jpg,0.09195515291844109,0.5777712657366011,0.5777712657366011
a8462d88-b85f-49e2-b340-d1cb71a4fa83.jpg,0.09338972750777662,0.5867849637183673,0.5867849637183673
714eeed7-b372-452e-9e20-d7548b9dbb2f.jpg,0.08657644033370065,0.5439758178526181,0.5439758178526181
77143cef-3da9-45cf-9f80-7deef3d77d63.jpg,0.07837315172250502,0.4924330353802,0.4924330353802
c242be34-710f-4e6c-8d5f-2acf1cafd828.jpg,0.07989572097138889,0.5019996201139506,0.5019996201139506
54ee9e34-b175-4394-9428-2447e7d8500a.jpg,0.061995507482924435,0.3895292617278529,0.3895292617278529
83e7787c-ad65-49ec-b348-2989304af15e.jpg,0.06336731375914524,0.3981485747669002,0.3981485747669002
8f1ac41b-cce4-420f-9480-03209243d88d.jpg,0.06518948755275143,0.4095976303740143,0.4095976303740143
f4c0651b-10d0-4e01-80a5-43be00bdc69d.jpg,0.0651232114886339,0.4091812055817333,0.4091812055817333
f262df50-bb90-4094-963a-7d5a644fc593.jpg,0.07182611483321054,0.4512967893918222,0.4512967893918222
bc6fc867-ef4d-4eb1-ad4b-17a6b558211d.jpg,0.06325689912461999,0.39745481915755354,0.39745481915755354
c9ce2dc9-84dd-460d-b28d-949da11556b9.jpg,0.05925174986647463,0.3722897241857134,0.3722897241857134
600a6e8d-4390-42ea-a5c3-1b67a3af6492.jpg,0.05143554135707495,0.3231790377216013,0.3231790377216013
8883e258-4b4a-468b-9802-822e95c8ca9d.jpg,0.03561652454773744,0.22378522373114496,0.22378522373114496
334b352e-bb17-4ab3-b81c-41d59badeaa8.jpg,0.02971001146534905,0.1866735075152182,0.1866735075152182
85762128-3a81-47ee-8925-691caf442ff3.jpg,0.03173997820780964,0.19942816472550978,0.19942816472550978
1a70eed6-2347-489f-a626-16cb395b8378.jpg,0.008973764021033928,0.05638382224705718,0.05638382224705718
10227da5-daab-4de7-be85-801a22f6fafa.jpg,0.012604569405101164,0.07919684528945697,0.07919684528945697
b27b4a8c-dc9f-413b-b87e-2533e514e033.jpg,0.01309770631257275,0.08229531586091042,0.08229531586091042
f38cfdc6-ce35-454c-83ff-9b35c14167a0.jpg,0.009631665084323114,0.06051753654149362,0.06051753654149362
585008ba-8873-4c3c-b97e-bfc57c1eac0e.jpg,0.0012269219524400445,0.007708977984627379,0.007708977984627379
6d827d60-49a5-4b29-a6c2-c1cb38701b07.jpg,0.011356531749323974,0.07135519342787087,0.07135519342787087
5914ae5e-57c2-41ac-bd61-f3c27ba1e2fb.jpg,0.003024017853340462,0.019000464544757543,0.019000464544757543
09ee053b-5fab-48ae-ba21-ce52079d90a5.jpg,0.0026586541536982584,0.016704816715388874,0.016704816715388874
08a0998f-4827-4d00-9e29-868ce1c54c14.jpg,0.0,0.0,0.0
c7e4fe4e-d16a-467d-b0ab-5c6f4db5bdae.jpg,0.0038633809964683237,0.0242743387130466,0.0242743387130466
625e253c-606c-4553-8b7e-59ae3e7996ed.jpg,0.004101177445970568,0.025768457870658575,0.025768457870658575
17fce9d0-9cf7-450e-94b4-5bb1a74ba7d8.jpg,0.006199027474805458,0.03894963834850023,0.03894963834850023
4eb98a45-1d5e-4cd0-85f7-70213349f428.jpg,0.009711511843650081,0.06101922852652272,0.06101922852652272
73743ec2-6264-4a64-9067-87af5d8b2536.jpg,0.012678502937761292,0.07966138337557496,0.07966138337557496
e9fa8221-b839-4d63-bd88-ac6f4a5a3248.jpg,0.011081924584693443,0.06962978572581807,0.06962978572581807
e3c452d9-a90e-410a-ab74-7ca59ed07e28.jpg,0.016410645326647707,0.10311112559772821,0.10311112559772821
845f4831-421c-48ac-9c18-32cb315acc5c.jpg,0.007448189403533125,0.04679835422537002,0.04679835422537002
b1ebc14d-5633-4405-9723-8d8ce4064859.jpg,0.01873384651974119,0.11770822919979528,0.11770822919979528
5256a6cd-019a-44a2-8083-668d4a7acd35.jpg,0.018146399145245736,0.11401718848762421,0.11401718848762421
07c88248-e6f6-4f92-b1b7-0ea308575654.jpg,0.02582311184309793,0.16225139691820809,0.16225139691820809
cdd96783-819c-4ef5-8da0-f7067de5648b.jpg,0.03276110784343866,0.20584411144881967,0.20584411144881967
27328498-239f-4c8d-a8f0-d2f6ded781f4.jpg,0.04012830956820719,0.2521336050809134,0.2521336050809134
01707ce1-8ae3-4940-8759-5568dde032ba.jpg,0.042996806864456866,0.27015690514639373,0.27015690514639373
367f636f-7b96-46b8-81d6-3d8d2d18189a.jpg,0.03983091415415751,0.2502650145849339,0.2502650145849339
c025a47f-8d7d-4e26-8a51-50152eaeb0ed.jpg,0.037427252145052485,0.23516236076589941,0.23516236076589941
12fce3de-5927-4620-8ac2-5502aeadf777.jpg,0.09443337362595633,0.5933423856740091,0.5933423856740091
23d47ee7-bbea-4dc6-9a0c-4eb51da5bd3f.jpg,0.12278898119599108,0.7715059225342016,0.7715059225342016
0e9216a9-695d-412d-8832-3c99abed87e8.jpg,0.1391379489978972,0.8742295168146903,0.8742295168146903
fdc62319-34c6-47b4-a009-9bd1bd8d8a85.jpg,0.16452530548943853,1.033742982110473,1.033742982110473
c017566e-2f78-4116-a638-b25c2a46336c.jpg,0.1777286408899677,1.116701985104842,1.116701985104842
eab8831e-2b18-4104-bb8a-47b07e375224.jpg,0.1962176337266689,1.2328717532409517,1.2328717532409517
c00d39d2-a301-4466-b026-2466086f0412.jpg,0.21242687497741883,1.3347174197081928,1.3347174197081928
4d71c285-15a9-4930-a7f0-77c539c7289c.jpg,0.20016102817088632,1.257648831273272,1.257648831273272
738116f3-a6c0-48f8-8840-fd3102314d3c.jpg,0.2086431352149309,1.3109434816263377,1.3109434816263377
1890bb2c-904d-4942-9794-e7ac2c0698eb.jpg,0.19781423601322656,1.2429035012692602,1.2429035012692602
18926fbc-7432-489b-ace1-8f96db4f0f8c.jpg,0.21416125366418992,1.3456148423899985,1.3456148423899985
c6e6877c-fd7f-40f0-a36a-17baef476bd1.jpg,0.2114758903543756,1.328742207097334,1.328742207097334
357a289d-14d0-49bb-92b0-6df6781bd886.jpg,0.22021777154929512,1.3836690665783618,1.3836690665783618
1692ff6d-5a81-42ca-81b0-e9c81962babe.jpg,0.21074914718962887,1.3241759451225041,1.3241759451225041
db84f70c-201a-4d95-bcd8-10836d274f2e.jpg,0.20221799234731308,1.2705731183639914,1.2705731183639914
fb83968e-7541-4747-a694-26f3fa66730b.jpg,0.2014060287965293,1.2654714009117416,1.2654714009117416
698ae94a-9469-4efc-b5f9-ed4827ff6303.jpg,0.20532807208650192,1.2901143256854197,1.2901143256854197
4ff9484a-857b-4921-98e9-dd567de3278f.jpg,0.20163947457204862,1.2669381839785077,1.2669381839785077
76368ff4-40d3-4afe-966d-a09c784da886.jpg,0.19257456273881773,1.209981663137073,1.209981663137073
29977175-6083-4cb1-a1f2-103e60da8977.jpg,0.19551054788076133,1.2284290018430306,1.2284290018430306
c862292b-e21e-4731-98ad-1158676af651.jpg,0.19002057351664803,1.1939344755816412,1.1939344755816412
bc782b89-733d-487d-a49e-6f6d84e115db.jpg,0.18966782937153848,1.1917181187518953,1.1917181187518953
de52d3e1-1dd6-4b01-8212-66f4057375b6.jpg,0.18012386162200741,1.131751600815846,1.131751600815846
5a7dc5f7-63ae-4692-99a1-0d300866aae5.jpg,0.20378699414229112,1.280431447389136,1.280431447389136
63c7865a-bb49-4c38-9b5e-792d91c5e25d.jpg,0.20164898464607095,1.2669979375358749,1.2669979375358749
3cdc18e0-354a-42e7-b252-f9b3d5364392.jpg,0.18739832860090952,1.1774584248552467,1.1774584248552467
b39d8851-deaf-431f-8aec-7462c1c72e5a.jpg,0.21423831493986964,1.3460990326651017,1.3460990326651017
94b8dcaf-6949-409c-9c6c-1354c74e9aa9.jpg,0.2106330423504371,1.3234464369028018,1.3234464369028018
2955b79b-6909-42e0-bffc-87628a8a2d99.jpg,0.20391575505414017,1.281240476058605,1.281240476058605
0d2a1e26-4a91-4dba-a759-0caae8d550ac.jpg,0.20758085664019837,1.3042689884934464,1.3042689884934464
e1156ed7-c722-44db-b8ec-486c30f5214c.jpg,0.19530338224611438,1.2271273417712643,1.2271273417712643
f212fea3-c7ae-443a-9365-2252af7120ee.jpg,0.1995891040305094,1.2540553259176346,1.2540553259176346
2a86938e-e1f5-42e5-92a2-eb0cbe17b191.jpg,0.19694369021871955,1.2374337007239866,1.2374337007239866
a85ccb32-f510-4645-bd5c-39d076b37096.jpg,0.1785483642058292,1.1218524585990155,1.1218524585990155
7ef1ed49-0bba-4e87-957c-1750af2f0cbb.jpg,0.21003092598203688,1.3196632281836573,1.3196632281836573
239212bc-585d-4fd4-9a73-95d9538bd4af.jpg,0.20779577736727428,1.305619375248018,1.305619375248018
b6510ce5-3f97-4775-9f61-165b5f01e410.jpg,0.19640018132186574,1.2340187336089534,1.2340187336089534
8cb549d8-ff71-4a07-8d86-7b6cbafff62f.jpg,0.2135657290951411,1.3418730511676864,1.3418730511676864
b8c78e24-0a07-4a1d-b79e-ae4afa0e18af.jpg,0.23341674134847626,1.4666006396904838,1.4666006396904838
6b88d413-c809-46ea-a9b5-dcf8fa695f11.jpg,0.21422974705912884,1.3460451990827176,1.3460451990827176
82e96687-32f2-4ae0-a2a1-917c388b4252.jpg,0.23380268152432174,1.4690255733328064,1.4690255733328064
be614f5d-224c-48e3-8a3f-400e4552c50d.jpg,0.21703643569595438,1.3636801438874475,1.3636801438874475
cd924979-1ca7-4748-8ba3-30ec0fd376cb.jpg,0.1987559240089894,1.2488203014481845,1.2488203014481845
28f93227-3caa-48b9-9748-65e17d7d58b9.jpg,0.20025703327195182,1.2582520491137013,1.2582520491137013
87413487-8d7d-44f0-94b5-e69b65120e79.jpg,0.2293666994041804,1.441153475652623,1.441153475652623
c1e22485-9b61-47fb-939e-994144a780a3.jpg,0.23530835112667678,1.4784859744557906,1.4784859744557906
04331688-6883-4ce8-af73-bc784ceb3459.jpg,0.21972472849554406,1.3805711857072263,1.3805711857072263
640610ea-d44f-4b37-9237-5747cd3eb74d.jpg,0.21880451989534475,1.3747893445509136,1.3747893445509136
dcf136cb-f2e7-4029-89b9-26206d14b5dd.jpg,0.24142438102434194,1.5169141236470713,1.5169141236470713
610cecc9-5ece-45d1-923a-9a4c1b0c55af.jpg,0.23678547750224355,1.4877670331955992,1.4877670331955992
a748d7e6-bda8-4689-a797-e9ca510e56a1.jpg,0.2267897931389928,1.4249622960692174,1.4249622960692174
21c9f961-3ea7-4a8a-8415-ef1b7d0467bb.jpg,0.21949207760246056,1.3791093970341017,1.3791093970341017
60082629-2864-48d0-9adc-14f5e13ffdf1.jpg,0.23584284003368924,1.4818442673031818,1.4818442673031818
9e9ec681-db48-40be-b004-c8018e523627.jpg,0.2337888356021498,1.4689385768380514,1.4689385768380514
0f66fe9d-3f45-45a1-9361-d0212e96b988.jpg,0.21771427601934473,1.3679391402479877,1.3679391402479877
ea7ca40f-a3e5-49d0-8cd2-a2c273c1aa75.jpg,0.20175152766844762,1.2676422343474258,1.2676422343474258
92a8a8a4-0964-4545-8d7e-906869fbcb94.jpg,0.19789864460452405,1.2434338560899003,1.2434338560899003
1116245d-88a8-48b0-b328-bd873de711a0.jpg,0.16128301518326704,1.0133710712971256,1.0133710712971256
4608fa09-30b1-44a0-bfb1-65a45d961ee0.jpg,0.17384405151454302,1.092294390216748,1.092294390216748
b454294c-a2c2-44e1-b841-e567f8f9c2ae.jpg,0.14197490456328896,0.8920546343402812,0.8920546343402812
03200fae-0e8c-487b-8939-1a96cfbfde5d.jpg,0.14950547018369006,0.9393705736011372,0.9393705736011372
1af733a2-5d46-4290-93dd-7669a90614b0.jpg,0.13546746283169633,0.8511671720650111,0.8511671720650111
313b8129-073d-4079-9839-76a74a9f5c2a.jpg,0.1420678507532606,0.8926386324754693,0.8926386324754693
fff40737-5ab6-4463-8498-fa605344bbb7.jpg,0.14457923688969918,0.9084181369485946,0.9084181369485946
714a6101-aaa2-46ba-9417-cc63efd3e6aa.jpg,0.13355138650873769,0.8391281094651626,0.8391281094651626
6d2bc847-f4bc-4c35-a243-f51dfa7a96cf.jpg,0.1372226713779819,0.8621954726140685,0.8621954726140685
34e1f277-a8f9-4e5e-b08f-733516b29b62.jpg,0.1299712249172528,0.8166332907562162,0.8166332907562162
3275c62a-1d54-408a-8650-1bfc273b1360.jpg,0.1326862136407558,0.8336920680128885,0.8336920680128885
c72e71a3-504d-4c39-9331-3f3915c7241f.jpg,0.14452440476907172,0.9080736165739067,0.9080736165739067
32e10b08-6186-4544-a108-4d727e437204.jpg,0.14391688362346997,0.9042564486380609,0.9042564486380609
06312c59-c453-4657-a44b-be0af768441a.jpg,0.13036883585426778,0.8191315539536426,0.8191315539536426
3617f8d7-ba61-47ae-aac8-0681b0835b01.jpg,0.13506459196973647,0.8486358597844541,0.8486358597844541
b9f04976-ac4e-4ba9-85cc-29d0773e8470.jpg,0.1350895424899116,0.848792628526225,0.848792628526225
be86a626-eff6-417d-aed8-d1ef1e27a1ed.jpg,0.12685813482844807,0.7970731688503119,0.7970731688503119
1e7ceaa9-e3f0-4026-9bc0-83c8a99d534c.jpg,0.13074946437082438,0.8215231134563645,0.8215231134563645
862b46df-2bb6-44f8-9917-a0c465ed8afd.jpg,0.1330832048966479,0.8361864376389885,0.8361864376389885
dd9d58dd-89be-48f7-9b23-e0e73a9da0cf.jpg,0.1460342765295865,0.9175604206352986,0.9175604206352986
e4c4828b-00f2-419e-b37d-6091a94c41c0.jpg,0.13245834689059374,0.8322603389962754,0.8322603389962754
4e27f87f-c47d-424e-8c7a-0769812dcfee.jpg,0.12250909166230615,0.7697473247285191,0.7697473247285191
bfd6ed1b-280d-4341-978f-decdc2b3c1a8.jpg,0.11330815915456628,0.7119361607835369,0.7119361607835369
fedc1043-8f3e-4d04-85db-5cbc4c7776f6.jpg,0.1340194897992706,0.8420692891824816,0.8420692891824816
866d3795-063a-4604-8d74-c34e84818322.jpg,0.1300259108284024,0.816976892469661,0.816976892469661
f2b774dc-8c60-48ec-8219-e428e2c0e69f.jpg,0.11699291682484826,0.73508817603797,0.73508817603797
b158e86a-89ab-4667-b786-7c39db8fc1b4.jpg,0.11109158540187235,0.6980090171483305,0.6980090171483305
c4e662a9-2b6e-4cf8-acb2-05278c9bf9ee.jpg,0.10958065700292506,0.6885155740318646,0.6885155740318646
88f318cc-595c-47f6-b209-1d3c0c06630e.jpg,0.09256009505185217,0.5815722292609434,0.5815722292609434
ca6328d7-8f6e-410c-b546-5286f06d279e.jpg,0.09099977250416649,0.5717684335548638,0.5717684335548638
7094f28b-486d-46a0-8d02-88e23b84509a.jpg,0.08551869490327656,0.537329807305441,0.537329807305441
7dde35c6-5a6a-48e0-94c0-0bdf3827cf79.jpg,0.07844400418769935,0.4928782145484865,0.4928782145484865
faf8c13d-ac67-4998-93ea-80c1b047ef04.jpg,0.06775963845953024,0.42574636478872124,0.42574636478872124
584eb663-265f-4b77-b5d3-1c919df59d56.jpg,0.049482016935894484,0.31090468178122366,0.31090468178122366
24549c2d-4b4a-455f-82ce-526726bf7aca.jpg,0.043145008582988746,0.27108808400677203,0.27108808400677203
49448e84-e4e3-490b-aee7-7a181bb4af53.jpg,0.047497909559072175,0.2984381674633071,0.2984381674633071
dcc264c0-1008-4dc3-8663-7e923d26812b.jpg,0.04590722337785235,0.2884435914211331,0.2884435914211331
9f978616-faaf-4e6a-89a1-a46f9de0d98f.jpg,0.043394294754762,0.2726543952185408,0.2726543952185408
63d19f74-b5f9-4c68-b099-f28b4914d0f2.jpg,0.02986537434128855,0.18764968125460244,0.18764968125460244
b020c29b-ac82-401d-9f49-7644af30080f.jpg,0.03250880141168532,0.2042588233839202,0.2042588233839202
50c4587d-83ac-4ef9-9165-de1b1ffed9f2.jpg,0.036546430285343726,0.22962799379873475,0.22962799379873475
f56e83fa-1a55-422c-b5e2-d30ed75664a0.jpg,0.04201983889319712,0.26401843434378947,0.26401843434378947
129b90e0-133a-4147-84b1-d6e8438c5c0e.jpg,0.022587515794718068,0.1419215473670594,0.1419215473670594
690b3f15-7bd5-404c-85b6-0c63d4ea0dcd.jpg,0.028293515686964768,0.17777340205279216,0.17777340205279216
162afd7f-169d-4042-ae39-02c90f2bc726.jpg,0.014919456309934,0.09374170867768507,0.09374170867768507
4f500cbf-0c06-4e4b-8f79-63834870022a.jpg,0.015111546144655853,0.09494864470486798,0.09494864470486798
377f36c9-27b1-49b0-a75e-891ce0734e3f.jpg,0.01449270941594638,0.09106037886349753,0.09106037886349753
3cc08159-e9b7-4ee7-ac8a-3aa5fc9b5bf8.jpg,0.018865441340582913,0.1185350638446089,0.1185350638446089
8502de29-fa1b-4346-8715-57490c426432.jpg,0.0058187479212928874,0.03656027144524923,0.03656027144524923
05603841-64f3-4a2d-82e3-51175136c454.jpg,0.010576937640115653,0.0664568591753294,0.0664568591753294
0d54fea1-6482-4fb5-9f18-a1f24c420c49.jpg,0.0,0.0,0.0
6756f099-4897-4d71-98af-a62d29c00f54.jpg,0.0,0.0,0.0
4a18da34-94cd-4fed-9601-7454c707e628.jpg,0.0,0.0,0.0
ae67b317-eb8e-49fc-ab65-f4d89a2bfe0a.jpg,0.0,0.0,0.0
97e85bed-829c-4fd2-a631-5c1e0c7af23b.jpg,0.0,0.0,0.0
7e034bed-6834-4448-b32a-21e5c9c04433.jpg,0.0,0.0,0.0
228a6b79-1d89-4934-8fa3-6010109ed005.jpg,0.0,0.0,0.0
705fd069-7e43-4663-ab2b-8b2410d4f7e4.jpg,0.0,0.0,0.0
b8661e94-89a3-4ac9-848c-070ad4b53b0e.jpg,0.0,0.0,0.0
fd293a7e-17ae-41b1-94a8-b455bb515454.jpg,0.0,0.0,0.0
2d8dcbf5-5a4b-403b-b607-df9cc519bf3e.jpg,0.0,0.0,0.0
fc1d5568-1eb5-4312-8c27-22dd3144c880.jpg,0.0,0.0,0.0
6cdf5ff6-4e60-446b-be2c-12bd46d402e0.jpg,0.0,0.0,0.0
63c5eb9d-cb54-459c-badf-ea182ee712ad.jpg,0.0055751116990215835,0.035029459913177435,0.035029459913177435
a75c9b06-6324-494b-8530-c35d1076efe9.jpg,0.016325775265252546,0.10257787127495072,0.10257787127495072
a0b96e82-7fce-4dc2-bb7f-3693a3b9ffce.jpg,0.021642417654817073,0.1359833206205907,0.1359833206205907
04641b17-5306-401a-96fd-eb6a85fba652.jpg,0.034245234079280366,0.21516915160786004,0.21516915160786004
29dd9f33-8074-4ff2-b61b-fdef6a916598.jpg,0.04538817506389217,0.2851823146811422,0.2851823146811422
67c99c5a-0cb5-48b1-91d2-da9d8ccb793d.jpg,0.07599174564369666,0.4774702196954032,0.4774702196954032
5bcc575e-dc44-4c17-8901-ddb56b98cb80.jpg,0.07592600774352845,0.47705717628694144,0.47705717628694144
25c9f6fb-1d98-4679-9b6f-d6828295b729.jpg,0.07952671249331872,0.4996810714663154,0.4996810714663154
8b8ff34e-2c66-429f-85a6-b804f84fbb76.jpg,0.09269790306890216,0.5824381025688835,0.5824381025688835
fe08ed1a-6501-4542-8fbf-2eba21e28c68.jpg,0.09268674941287006,0.5823680220811813,0.5823680220811813
588378ef-76e5-4c33-95ba-ad4649600a70.jpg,0.09124281451899584,0.5732955115714669,0.5732955115714669
f3b8da85-cb60-4c9f-8cc1-a12a6b06c775.jpg,0.10497783484331019,0.6595951894670118,0.6595951894670118
3668ce79-10f8-4a12-bbef-b07f99d3911d.jpg,0.10258132286989462,0.6445374606471671,0.6445374606471671
751394aa-c3c3-4494-b63d-0b1d904bc352.jpg,0.10956590810436241,0.6884229039691186,0.6884229039691186
d055e9db-eab4-4677-9ac1-d97e01a83c05.jpg,0.08071859533999913,0.5071698922564571,0.5071698922564571
f271f618-2faa-4da8-b761-f5a7b5ec0437.jpg,0.09494090955061502,0.5965313279386903,0.5965313279386903
a8911014-a48c-44db-9f35-0c9e867ddd4e.jpg,0.0855397490956211,0.5374620946974349,0.5374620946974349
f6831db7-4f5d-43b9-987b-788f2aed1eb1.jpg,0.09095054991129076,0.5714591588825257,0.5714591588825257
0b2b7833-1832-46a3-a53b-7630d9b52075.jpg,0.09016670028563858,0.5665340864315898,0.5665340864315898
fd2e110d-6dd1-477d-9cf7-62eda0b2f650.jpg,0.08728208836063325,0.5484095351674813,0.5484095351674813
b466c11e-c9b2-4925-a86e-e4ed4e972fbd.jpg,0.07848625761139111,0.4931437006394046,0.4931437006394046
78f02743-fbb7-40d6-9f87-4805bed0c60d.jpg,0.10013233207883313,0.6291499976913515,0.6291499976913515
0f61a656-8fc2-4299-b0a7-ed5a6e36d029.jpg,0.09361456375881666,0.5881976515474234,0.5881976515474234
196cdd0e-0dd1-4f74-9fe2-cbaf3f94e55f.jpg,0.0877304253505127,0.5512265195549569,0.5512265195549569
1fedfcfd-2082-40e5-a232-7ea3831870a6.jpg,0.09012864407344981,0.5662949721983184,0.5662949721983184
1b8e724b-76fd-42da-a4da-c379f547dd3f.jpg,0.09023959600240919,0.5669921037281591,0.5669921037281591
f625602c-82cb-48f9-b15e-5e2385fea274.jpg,0.0827443596300024,0.5198981446792148,0.5198981446792148
cd5684cd-7be4-496d-9ec0-126678ceb76f.jpg,0.09038055565538011,0.5678777793486112,0.5678777793486112
b95ac6ce-824e-40c6-8d7e-c28d2885ab3f.jpg,0.09085103849596893,0.570833910219879,0.570833910219879
fedc19b4-34d3-40eb-8fe6-7c4f1f566888.jpg,0.07958119484974822,0.5000233942077338,0.5000233942077338
a9877042-f749-4a1e-a5ab-1fe7c837babf.jpg,0.09801656279149823,0.615856227191787,0.615856227191787
1385e14d-c228-4eaa-b7b1-ea989b880ad4.jpg,0.08419090245788795,0.5289870413215912,0.5289870413215912
a4a01744-8287-46cb-b2b5-8c500a8cf6dd.jpg,0.09143233891392727,0.5744863284650521,0.5744863284650521
d9d611e2-9c1b-45d5-b21a-6e2e1a388376.jpg,0.09267043549989176,0.5822655187428535,0.5822655187428535
4a5709bb-95c4-43b7-bd30-4b2e5234c9d7.jpg,0.10046109508901593,0.6312156766064762,0.6312156766064762
8cafaf5b-a2cc-4987-8542-64631f3d075b.jpg,0.09280565858471515,0.5831151504426073,0.5831151504426073
6fde9eee-7b42-4f45-865b-880ffa8c5035.jpg,0.10437885881323641,0.6558317120754995,0.6558317120754995
a67e6978-813b-47fe-8b19-6133db287e45.jpg,0.10873616631514592,0.6832094825503607,0.6832094825503607
7288df6c-2d38-4ad9-b53a-9b5561292e14.jpg,0.09774256326104716,0.6141346373678828,0.6141346373678828
14ce259d-dc69-4642-b8d1-4d0799e1b79f.jpg,0.07499700461170784,0.4712200774587624,0.4712200774587624
e172a3e7-262a-4e12-b51c-b7dbb2a77628.jpg,0.0664966256231214,0.417810621092218,0.417810621092218
01f740dd-4ae5-4d0b-adca-f123c07c58d1.jpg,0.03974572724710708,0.24972976946219055,0.24972976946219055
c5d7d6e8-642d-4d9c-80c1-302504f0aae9.jpg,0.012925259192999212,0.08121179865294052,0.08121179865294052
b3a158eb-fbd4-4bf0-8a5f-8806d80795c5.jpg,0.0,0.0,0.0
bfc1cb34-1a39-4e2f-9b91-0880b6f71bc5.jpg,0.0,0.0,0.0
a9f639bd-a4c5-4745-a749-dca3773a4641.jpg,0.0,0.0,0.0
479eead1-3744-4b56-84e4-d4517562d96a.jpg,0.0,0.0,0.0
81407c39-8655-4204-bef6-344d6fedfb4d.jpg,0.0031883613896210856,0.020033065437245895,0.020033065437245895
b1f73ab8-72f1-48ec-9750-69931ae0b265.jpg,0.012413537766350345,0.07799655810365139,0.07799655810365139
0cb08050-7929-42cd-853b-6861ad6f3760.jpg,0.0,0.0,0.0
37f298e7-b622-4286-bb93-93ad4acb3985.jpg,0.0,0.0,0.0
343cc371-d76e-4684-a85d-3753a76f4c15.jpg,0.0,0.0,0.0
0ce1f331-7571-41ff-8d21-9043a9a1c086.jpg,0.0,0.0,0.0
9a14980a-c546-4dc2-a8e1-4bf2f7c650be.jpg,0.0,0.0,0.0
1e20a7f5-357e-42cc-ab66-4d56599b96c7.jpg,0.0,0.0,0.0
33e2c5ac-991a-428e-911a-0a0460ca5c90.jpg,0.0,0.0,0.0
f3965586-840a-4dde-926e-03ca381f4fb4.jpg,0.0,0.0,0.0
11a927ed-d967-44f5-bc52-c7d62385be56.jpg,0.0,0.0,0.0
ba4ad57b-6c31-4373-a6b6-a74e8c9f8fd7.jpg,0.0,0.0,0.0
41e3bca5-200a-48c4-b9ee-3ac1da3e7816.jpg,0.0,0.0,0.0
4121819a-6dfd-4ed9-b9eb-7ad0888583de.jpg,0.0,0.0,0.0
aebf19d9-c6ac-43a2-8a15-9a3f86ad4751.jpg,0.0,0.0,0.0
873b5bbe-d19f-4927-802b-bb6e4e329bf1.jpg,0.0011878562375257824,0.007463520858663621,0.007463520858663621
cd71add3-0d18-4750-ac3f-91a7f21e77c6.jpg,0.0,0.0,0.0
9751be5f-0f25-4645-a7cb-1800493b0dd4.jpg,0.0043458980828590486,0.027306082980719907,0.027306082980719907
234b7815-b35e-46d7-b65b-a35f625687c2.jpg,0.003356725891267934,0.021090930800243986,0.021090930800243986
b9b26be1-125c-4818-90a5-fb24f8ba6ec7.jpg,0.0020983696479533647,0.013184445341052183,0.013184445341052183
91f2c41c-ba6c-4369-9962-bdffc00e1254.jpg,0.001184926463489074,0.007445112545482818,0.007445112545482818
47cb8bc6-652a-440c-93eb-d65be2d3eefc.jpg,0.0013557643548380476,0.008518518674316232,0.008518518674316232
8202f3e5-af69-4ef8-9efd-e37f4e8ac1eb.jpg,0.003968988650083956,0.02493789117057005,0.02493789117057005
f16cb907-2db0-48ae-853e-2b64afe2987c.jpg,0.005932156918003194,0.03727284118708141,0.03727284118708141
26c87527-6499-46d7-b5e6-70a18e6b8ac8.jpg,0.013801681024452893,0.08671851942722171,0.08671851942722171
88b00344-1b8b-4278-a473-a9b8eae816cb.jpg,0.0,0.0,0.0
dfbd1f3a-64d5-41a5-b9b1-70cea506c998.jpg,0.0022484500004802768,0.014127428006945608,0.014127428006945608
b2bd1797-4590-42bd-9e77-60625047f9bf.jpg,0.005187969017912037,0.03259697070744782,0.03259697070744782
34dd44d7-ea56-4f00-91b5-72135bb3a6b3.jpg,0.0,0.0,0.0
770b05f9-7de9-424a-a291-8fd09a72ea02.jpg,0.008083705841463635,0.050791421770646106,0.050791421770646106
de1e3a48-756b-417c-b507-e4f2ca89898c.jpg,0.0026227705245877395,0.01647935322419338,0.01647935322419338
4e77c2e3-7440-4531-8896-29e364b4847d.jpg,0.0,0.0,0.0
53c769ad-f286-40f4-8a87-6a062007889d.jpg,0.01959795873821279,0.12313760639465039,0.12313760639465039
b4dc318f-3822-4c4e-9ca7-ba57431d9902.jpg,0.01240012621191074,0.07791229082185003,0.07791229082185003
3cc1dce4-45d7-4c79-a5b2-df5142934396.jpg,0.019703155828369453,0.12379857920588078,0.12379857920588078
1cf202d6-56b5-435d-9c7a-f7ab87efc882.jpg,0.04288412613858057,0.2694489112651655,0.2694489112651655
99ed4073-14e4-4b61-a861-eabd4dd1ecac.jpg,0.06371732437015108,0.40034775629532904,0.40034775629532904
971d1f50-a84a-4d0e-ab9b-1f751c8d6b7c.jpg,0.07373867672179253,0.4633137701492322,0.4633137701492322
5b34272d-0e54-450b-9bc0-bacdd3d56100.jpg,0.0882644165097331,0.5545816849607343,0.5545816849607343
943ae13d-d799-4f05-9bad-9e24f1b7a14b.jpg,0.08703468111934101,0.546855029624104,0.546855029624104
6d5d987b-484a-467b-9217-7b62bb584511.jpg,0.09186445076732884,0.577201367313403,0.577201367313403
6f31767d-bc0e-49bb-b062-8f3debb523e0.jpg,0.09163280438338767,0.5757458901573625,0.5757458901573625
e904a077-1d39-46cf-85b6-1574fe644df2.jpg,0.09141974383359266,0.574407191241351,0.574407191241351
d6528678-f887-4a8c-9567-06b686998b3b.jpg,0.09677884645288014,0.6080794260785257,0.6080794260785257
e434a6ab-802b-42cc-b02f-5d09c629d64f.jpg,0.08799620359832837,0.5528964535366002,0.5528964535366002
b0c83110-ebed-4807-be89-f93d3679fa1e.jpg,0.08893186099156919,0.5587753623223649,0.5587753623223649
77a32248-3185-4826-adc5-4e0265fb4840.jpg,0.07475299802462641,0.4696869388559573,0.4696869388559573
9012a60a-daaf-4f66-8886-2c88fc06d969.jpg,0.09228352508302154,0.5798344888963798,0.5798344888963798
75b93092-8e3f-4348-a4a3-4aa98726b7aa.jpg,0.08629628304033686,0.5422155376632555,0.5422155376632555
39b5cc26-c850-4d46-baf7-9df8d212f52c.jpg,0.10519718479733392,0.6609734058752642,0.6609734058752642
c0e5e8e1-02b0-4667-bad9-13aebd551f9f.jpg,0.08742371822466509,0.5492994218482239,0.5492994218482239
9e9b2c54-6d84-4d32-a807-17ae087cba65.jpg,0.10375927997398725,0.6519387834160898,0.6519387834160898
df0ce9d2-b164-474c-934a-b408c5d32d98.jpg,0.10408448025480815,0.6539820770424344,0.6539820770424344
1da6fe93-397e-4b91-af9b-2c2704971f72.jpg,0.09140870148905299,0.5743378101443825,0.5743378101443825
10148e0d-0371-4b92-a22c-efa185f6c3f1.jpg,0.07055994738394447,0.44334122467816456,0.44334122467816456
46332bd8-6c36-4efa-abc7-ea867b2397ad.jpg,0.06256000613725146,0.3930761113786431,0.3930761113786431
f417eb78-089e-43df-9509-c23d2de3083a.jpg,0.06817408643238468,0.4283504182023506,0.4283504182023506
111c2505-efb2-4bdc-9f35-eb7da7d52f17.jpg,0.06267976091120618,0.39382855281482004,0.39382855281482004
a3343a75-1341-47d0-9f1e-a028b3f33e0f.jpg,0.06705027459563176,0.42128930018163013,0.42128930018163013
3af2f0b2-627f-43e3-b092-04208048122a.jpg,0.05653672119792396,0.3552306959469045,0.3552306959469045
4ba54e9a-9977-4443-886a-d8828efcbc45.jpg,0.06450231603094843,0.40528000436470946,0.40528000436470946
d46cc431-d229-40a5-bfab-bdae4b956922.jpg,0.06963883635368372,0.43755371338654914,0.43755371338654914
c541e297-3ebf-40a9-b730-ef7263ed67f2.jpg,0.062004638401093964,0.38958663297873675,0.38958663297873675
41532919-c5c0-457e-b19d-1363949adcc4.jpg,0.059964292532641565,0.3767667617965121,0.3767667617965121
8a693339-0eb7-4d75-b8a7-c8c85182f786.jpg,0.06166067906317536,0.38742547272045935,0.38742547272045935
f43e07fe-9ae3-43fb-a414-b0d987f6d596.jpg,0.05756533404253656,0.36169366105895057,0.36169366105895057
b549f117-8e75-47bf-96f7-95a97f1f520c.jpg,0.04790018021721742,0.3009657085520748,0.3009657085520748
dc29db0a-6d28-4cf9-9ec9-b00cec7c2a21.jpg,0.065426062737677,0.41108407609998193,0.41108407609998193
d19d175e-960c-4f38-bd0b-3ab65ef7ec0c.jpg,0.07276226884770105,0.4571788185409262,0.4571788185409262
8d92c220-29e5-4d21-92b8-5c1cdb10193f.jpg,0.07002597059773184,0.4399861495806584,0.4399861495806584
5b0d7647-0c9f-4f44-8be7-66a5213a315d.jpg,0.06232663710287633,0.3916098104907066,0.3916098104907066
be77639d-0b09-4f1d-a88d-9fd56342ac53.jpg,0.06772290416990548,0.42551555643988126,0.42551555643988126
d42633c0-532d-41bd-ae74-a14abee5bea1.jpg,0.06717044950479976,0.42204438140520617,0.42204438140520617
4b2fb0fa-f1f8-49af-a6f6-c4cea1a8f1e6.jpg,0.06803905743511658,0.4275020059906725,0.4275020059906725
712a2faf-0615-4293-9e28-02ebc163792a.jpg,0.06030723830935705,0.3789215536619301,0.3789215536619301
d248f100-60d0-4a73-a029-c7e1b3e7eca3.jpg,0.0400270762058491,0.2514975371059487,0.2514975371059487
2de57436-bd1c-4169-bdd8-467efd3104c7.jpg,0.042360479276559164,0.26615874099556186,0.26615874099556186
5a0f7795-6426-4445-825d-a132a6b9380e.jpg,0.018741657636887805,0.11775730789628354,0.11775730789628354
4fa87ece-006d-4f7d-9442-2ab568a10c50.jpg,0.03095635609072925,0.19450452175308933,0.19450452175308933
caadde98-2008-4087-8816-91145e5891df.jpg,0.01068895182905797,0.06716066508148741,0.06716066508148741
f3410d82-8e06-4023-8df3-02734ea4a217.jpg,0.011259440119523362,0.07074514872605756,0.07074514872605756
82a001e6-e49f-4446-b680-e2cf09576f2e.jpg,0.009724991264023855,0.06110392222256452,0.06110392222256452
eec0fe18-2032-4f7b-849a-4cbfe11b14a5.jpg,0.010100940115462621,0.06346607852217562,0.06346607852217562
48cd92e0-19c8-48e1-93fe-e7084a5dd93f.jpg,0.00831295609130737,0.05223184357213151,0.05223184357213151
19673170-6c1f-4941-aa80-d468ee4f2805.jpg,0.0026644029514660823,0.016740937477057613,0.016740937477057613
123d9e97-a176-4b2a-aa76-3dfdeb0396dd.jpg,0.001138049592640707,0.007150576479321804,0.007150576479321804
9c155c03-a3db-43bc-9d44-799a185fef7a.jpg,0.0,0.0,0.0
dccce725-087f-480d-bff5-153671f2ab3f.jpg,0.0,0.0,0.0
1f8e6a59-4a95-4316-bbbe-f491caaa20f6.jpg,0.0,0.0,0.0
dff9de78-0105-4622-8ccd-7394cf22d5cb.jpg,0.0,0.0,0.0
4419a52e-74f8-4fde-b5a1-c7fdbddd80a3.jpg,0.0,0.0,0.0
dcb3c4fd-376d-4e1f-a2dc-0a7db8da5462.jpg,0.00022194180512635772,0.0013945014890188458,0.0013945014890188458
d77f11c4-de68-442c-a9c8-c778f1f4102d.jpg,0.0,0.0,0.0
0e84c64c-8cb4-4c6e-a5a7-0678b5177544.jpg,0.0,0.0,0.0
f36beb8f-07d3-4e55-9785-9eceb262071d.jpg,0.0,0.0,0.0
53f2b199-f602-4a51-8a8f-2ed835979eed.jpg,0.0,0.0,0.0
779e657a-7814-4ec0-b8c0-4f81d02adcbd.jpg,0.0,0.0,0.0
5aeec11f-52e4-4aff-91d7-541908e3fc97.jpg,0.0,0.0,0.0
61728dd8-3423-4932-aca8-a58a399bb449.jpg,0.0,0.0,0.0
ee8929b5-c8be-43cb-a892-29e7c7013fb3.jpg,0.0,0.0,0.0
cbc50267-def9-43f5-a2b0-0ae8b42a862d.jpg,0.0,0.0,0.0
0baf311b-e5c2-4d5e-9938-1e1da72dbfff.jpg,0.0,0.0,0.0
8dad5a0b-ade7-44a4-bdf3-7f3898a56ebe.jpg,0.0,0.0,0.0
370783d0-6cb9-4b53-8346-f36cd776e1ec.jpg,0.0,0.0,0.0
b92032d3-c0d3-44ef-a627-51b75f4a45d4.jpg,0.0,0.0,0.0
edeb6d4c-3cdb-4156-aca9-50470afa7a49.jpg,0.0027119699848784,0.017039809962500006,0.017039809962500006
b265e5dc-70ea-4307-aad5-f358d234ba6a.jpg,0.0027935265331017565,0.017552244868001284,0.017552244868001284
4edacd88-7025-450e-8a88-3feff4cdf121.jpg,0.0005758519995887241,0.0036181848229258568,0.0036181848229258568
d0f590f2-c843-4f2e-acaf-ed7ca1c98a47.jpg,0.0,0.0,0.0
a882e3e9-469d-49f3-992f-3f96cc3d64c9.jpg,0.0,0.0,0.0
15bd892e-7db8-4798-9dbd-f6606f212c0e.jpg,0.0,0.0,0.0
d0acce45-29ab-4e58-be2a-a844f56c1576.jpg,0.010183845395041281,0.06398698775671187,0.06398698775671187
91f2c085-a96f-43d6-8ecc-ba7b4fbefa80.jpg,0.02653765968278339,0.16674103340579668,0.16674103340579668
f37eee09-f6d3-4c91-b054-03dab8c254d9.jpg,0.04771267631507869,0.2997875867891179,0.2997875867891179
209fad87-2100-43cd-8804-53effaab104d.jpg,0.07232720580886363,0.454445236847606,0.454445236847606
b43ac10b-6aec-4e36-b6b0-994059c121f9.jpg,0.09277729801853021,0.5829369557498508,0.5829369557498508
75ef7cc5-e7c2-49ea-9911-a343f9a12f2b.jpg,0.10947664160686967,0.6878620260236489,0.6878620260236489
341a94fd-3ed2-42ff-a529-c8b02c7b1fe7.jpg,0.12362640829088277,0.7767676321526592,0.7767676321526592
dd484826-b893-4a23-ae3e-ffea8cbc0a13.jpg,0.1441641269407164,0.905809924216282,0.905809924216282
018f0380-fcfb-4e31-a9b7-ec0f2067d2a9.jpg,0.14820086231023413,0.9311734805790081,0.9311734805790081
98caaeae-8308-4891-9ae1-de34b810329a.jpg,0.15315896746378785,0.9623261740312681,0.9623261740312681
b7347dc1-0ba4-4299-9ae6-1f69b4cd6ccc.jpg,0.1443423978003085,0.9069300330619694,0.9069300330619694
50e08dab-a392-4dda-9a08-d3391bb8a511.jpg,0.14373022755352458,0.9030836539618842,0.9030836539618842
2d1065e9-3ae2-4523-ab6f-71f114665609.jpg,0.13716771169750877,0.8618501507572326,0.8618501507572326
ea3ddb05-48b3-4a83-b605-86d750d8f9e7.jpg,0.1302392530635186,0.818317361266744,0.818317361266744
1ddd87e9-46b4-47bd-9158-9dab18369c85.jpg,0.13787692539671362,0.8663062718517269,0.8663062718517269
a868a4f9-4a2e-4ccf-96dd-cbb87c2d44da.jpg,0.12657013815189225,0.7952636323636597,0.7952636323636597
423382fa-40c5-4250-bf12-91b3786ac4b1.jpg,0.13768379970869565,0.8650928273663335,0.8650928273663335
0c51e46e-08aa-4446-af81-e86a34421805.jpg,0.12426560014410816,0.7807837930133139,0.7807837930133139
90915e54-03b1-48bc-9d80-2b416af59d34.jpg,0.12005883160258318,0.7543518867224989,0.7543518867224989
956fb285-4545-4e77-981a-da5b4cdd9b0f.jpg,0.12024113376448392,0.7554973249876206,0.7554973249876206
10f0c656-2ce5-41a2-911f-377aa263905d.jpg,0.1190650286708398,0.7481076387435368,0.7481076387435368
d8a79149-09c5-43db-8590-1ca224e7a0e8.jpg,0.11962490453495621,0.7516254425467975,0.7516254425467975
345b23c8-d7d4-430a-8778-cd87f9470427.jpg,0.12037085244319584,0.7563123714837701,0.7563123714837701
50265b69-1b94-4b61-8107-c0cd55b526aa.jpg,0.1205739265407718,0.7575883236699281,0.7575883236699281
fa839a44-68cc-4c81-9b40-c45c2127e02f.jpg,0.11403194020313495,0.7164838112335187,0.7164838112335187
86bf781a-8d32-40cd-97f3-15d2d5ddf8a2.jpg,0.1199714737181088,0.7538030009463031,0.7538030009463031
3fbb8b65-8d94-409a-b186-83abf10369f8.jpg,0.11625045893471259,0.73042317553147,0.73042317553147
55fc45ed-422a-4b96-a823-74e08740f21a.jpg,0.11970859776148014,0.7521513025980031,0.7521513025980031
9fcc6d25-2350-4567-b0d7-d5e7c28a7166.jpg,0.11697075902253197,0.7349489544600168,0.7349489544600168
29b76245-cdfe-4584-915a-2d30975192a1.jpg,0.1228024466946544,0.7715905287575568,0.7715905287575568
084049d0-a34a-496e-a7ec-672426368183.jpg,0.11748788814838224,0.7381981725854739,0.7381981725854739
a240c291-bf79-447f-9b2b-0e64d84604aa.jpg,0.12140749010651132,0.7628257580187829,0.7628257580187829
ba0a42b7-72ff-41d1-a804-76711ce0661f.jpg,0.11844068915925171,0.7441847978976348,0.7441847978976348
6fc0983b-f12c-478a-a8ba-0c8231495359.jpg,0.11479577927610042,0.721283153673825,0.721283153673825
4c651463-ad96-46fd-9d7c-e7a14299a9f0.jpg,0.11328627093573201,0.7117986330485572,0.7117986330485572
2b95a667-9664-4c9c-bf14-49fffcda3215.jpg,0.10754596064386593,0.6757311997640525,0.6757311997640525
2d87a94f-545e-4673-95b9-67f283b08131.jpg,0.08261673501962088,0.5190962556024311,0.5190962556024311
8bc3b9a6-3e0c-453d-a673-b2f3cf5a18f0.jpg,0.0728094630761981,0.45747534862400246,0.45747534862400246
7e87825e-da1f-47d1-9f38-3a9bf78c6f14.jpg,0.0679345513902163,0.4268453751448436,0.4268453751448436
360ee8dd-94a0-4ed0-8351-6645ab7f69cb.jpg,0.06451961798830914,0.4053887157689837,0.4053887157689837
1450b2dc-dbbf-4953-bfef-7f7f20576e40.jpg,0.06644471100714329,0.41748443193987644,0.41748443193987644
df1a8391-18b5-4a5e-aacf-125b2790a6df.jpg,0.07423599378851045,0.4664385054358439,0.4664385054358439
8fae02bd-6871-4e3e-b18b-3688616bd996.jpg,0.07194538894098211,0.4520462107132995,0.4520462107132995
0598ea37-db13-42d4-8b68-3819391894f0.jpg,0.07508081033072452,0.47174664432114555,0.47174664432114555
31ac7670-9335-4484-a47e-0668200c1808.jpg,0.0717049924938288,0.4505357552886477,0.4505357552886477
8a371a90-2967-44c1-af5c-3befd8940456.jpg,0.07222866771047441,0.45382610371560944,0.45382610371560944
9418c00b-4321-44cc-89ef-4ff33df3b3a2.jpg,0.07468509868926441,0.4692603147496435,0.4692603147496435
a667bd7e-5d4a-4d0c-bce8-b40b3ce95e14.jpg,0.07887354034184223,0.49557706980109945,0.49557706980109945
39db755e-99e1-49e4-befa-6a5cf25bac8f.jpg,0.09360902392230991,0.58816284372808,0.58816284372808
285ff3a9-da3f-4f08-8508-b9ae441bd707.jpg,0.08821932947225958,0.5542983947493364,0.5542983947493364
594d6e11-a758-485d-b659-3a8633bbc664.jpg,0.10983336028088891,0.6901033555550432,0.6901033555550432
a7430756-619d-4042-87a9-3149b3805def.jpg,0.12114961312812365,0.7612054691771176,0.7612054691771176
22fb1c8b-7af6-4788-9ec2-4d9eea2121dd.jpg,0.1274088780561298,0.8005335906065103,0.8005335906065103
48c5c549-4b7c-4ad6-819f-7104f973dc12.jpg,0.1564010377311625,0.9826967023000804,0.9826967023000804
c22ccd3b-c25d-4bb6-b046-1dab3d7a73c1.jpg,0.16905044206117786,1.0621752537310067,1.0621752537310067
a79d310b-601d-4223-b3e4-ba13ccf9e81a.jpg,0.16733264036765114,1.0513819873695913,1.0513819873695913
8f62a270-07df-4baf-8c3a-c7d490c9e003.jpg,0.18079170419390442,1.1359477794510981,1.1359477794510981
1d51a3bc-7d9c-466b-9952-6469f7d359c2.jpg,0.17550621773809502,1.10273808861066,1.10273808861066
9d601cd6-4115-45d9-ab17-fa3b5537876a.jpg,0.18191113388959418,1.1429813636674766,1.1429813636674766
31466c1e-43ff-4935-9417-6baa42fa6566.jpg,0.16713892361504906,1.0501648291158874,1.0501648291158874
77ee5138-eb30-4108-a22f-d1da400e7df6.jpg,0.18040606146461466,1.1335247147206042,1.1335247147206042
6eaed443-19fa-4468-baf4-99bc052995bf.jpg,0.16651678993630548,1.046255847926504,1.046255847926504
897718af-4c01-4bc1-b602-d709c2072b83.jpg,0.16849232331845004,1.0586684902470378,1.0586684902470378
a65a0769-6f05-4889-9b6e-277b30ca655f.jpg,0.1698791864331563,1.0673824081924295,1.0673824081924295
c7516a56-cc0d-4f22-ac9c-a2a434edd610.jpg,0.16583969170745522,1.0420015142834749,1.0420015142834749
0a0411b1-dd9f-4c2b-a0e0-b36ca1ffc290.jpg,0.16693233885822073,1.0488668188070964,1.0488668188070964
5ba64f18-a351-4e6c-84ab-a2098228bc95.jpg,0.16507196115794262,1.0371777209749045,1.0371777209749045
439e2110-ee33-4b24-831a-5d859bb392ab.jpg,0.16523425924888033,1.0381974699552676,1.0381974699552676
93221e5d-ebb7-4a8a-be38-d8bdee7e5748.jpg,0.1653517057950828,1.0389354083687459,1.0389354083687459
2d9eb6dd-bd3b-45d2-aa8c-46aace501f40.jpg,0.16981267681956047,1.066964515965498,1.066964515965498
e37a1f34-74a7-43c7-a9c8-ac0d1e0ed53a.jpg,0.16410126666260533,1.031078667584041,1.031078667584041
23adb965-c281-4345-9de0-7f20e662f099.jpg,0.15295317063844902,0.961033114442035,0.961033114442035
099ff9a8-431a-4f63-9f3b-c07016a2b7c6.jpg,0.16030641784618344,1.0072349292577312,1.0072349292577312
c480508e-bd77-4944-a4d0-3fbe2645e220.jpg,0.15487505214550537,0.9731086520893116,0.9731086520893116
8fa57ec4-0963-46a7-901c-392a91b005c2.jpg,0.14967078160157019,0.9404092558730706,0.9404092558730706
23d27280-4dd6-4c2a-b182-acffe0ab7bbf.jpg,0.16811599474641353,1.056303948092546,1.056303948092546
d946e992-93e6-4c88-a73d-8e3fd670182d.jpg,0.17315150306069593,1.087942979947026,1.087942979947026
6947ccc5-b645-4dd2-a5d0-9fb323b234a9.jpg,0.15802507582469202,0.992900834587645,0.992900834587645
2306decb-cd61-451e-ae5f-2446a60d0e60.jpg,0.16339049753251028,1.0266127734290311,1.0266127734290311
c4527576-a16f-4e3d-85f2-1e08e76476ce.jpg,0.1598152199624708,1.0041486419318704,1.0041486419318704
6ec4708a-a100-4385-bbf0-692a596e144f.jpg,0.15085430989055254,0.9478455834290359,0.9478455834290359
84befbf3-81f1-4f89-9999-8b8a54a288d5.jpg,0.15610688030303113,0.9808484566696476,0.9808484566696476
42c33148-17f6-4be5-a47c-abea65a1ffe0.jpg,0.13843679086883182,0.8698240103601371,0.8698240103601371
b517c8c3-10de-41a3-aa5d-a2a268a05dbf.jpg,0.1399608060392952,0.8793996800871114,0.8793996800871114
a532036f-f4b6-46fc-b356-93e3d8bafe46.jpg,0.14668587673109632,0.9216545454475803,0.9216545454475803
aa454f8c-8767-41bd-bc97-59c9f25e3c92.jpg,0.1562415316886778,0.981694496277534,0.981694496277534
540e1b25-fb06-4b7f-9933-6baeea9b12a7.jpg,0.136282148092795,0.8562859905275221,0.8562859905275221
5da877b0-f34b-4020-9889-48b8e55a95eb.jpg,0.15633589480682697,0.9822873972350286,0.9822873972350286
ff41260c-37b7-45ac-94bb-1f2d4e66f361.jpg,0.15238360532702663,0.9574544300458266,0.9574544300458266
bb0e9fec-eb7a-45b4-83d3-d9c1c38eab29.jpg,0.16101160899031092,1.0116657758932661,1.0116657758932661
206769df-0d10-4e62-9c4b-56ba4f6a91c2.jpg,0.1530934776418034,0.9619146893440056,0.9619146893440056
68ee177c-4d3f-4e49-a823-39cc1eb2e26c.jpg,0.14920078546021637,0.9374561830232852,0.9374561830232852
f7f4cece-5158-42a5-9f33-7dc090e7fe15.jpg,0.13920923507773128,0.8746774204641102,0.8746774204641102
60c92192-74d9-46b4-af42-ff05b9686315.jpg,0.14554626571238033,0.914494158238884,0.914494158238884
f8fb60f5-88c9-410e-9f24-8d72eeb26978.jpg,0.14487884667915488,0.9103006407755899,0.9103006407755899
1697c186-c553-4a63-b60d-4a511ca3efa6.jpg,0.16998416576419426,1.0680420127827646,1.0680420127827646
ef63511e-4ccf-4ec8-9fba-5e6062c71397.jpg,0.16486887249470966,1.0359016772700245,1.0359016772700245
6f1975b9-1a10-4a18-a82c-e0b066149f11.jpg,0.17462367109658722,1.0971928845198373,1.0971928845198373
93b76730-6498-4370-b1b9-1ecf2c069ceb.jpg,0.1620238587265706,1.0180259285633293,1.0180259285633293
201d6eb6-2a30-475c-92e6-62189983c3a6.jpg,0.16609721194566401,1.0436195616604897,1.0436195616604897
df41202b-985d-46c5-a19b-51d92dd4a4a7.jpg,0.17419096042208554,1.0944740831675486,1.0944740831675486
0b83ae01-e1df-4f0d-a6e7-a30fd2bf5ace.jpg,0.20182661215867403,1.2681140041132135,1.2681140041132135
cb0097d0-8c64-44c2-b8e2-34a300e22d32.jpg,0.21858474693331997,1.3734084703050042,1.3734084703050042
d8a38aea-2fc1-42d0-8fb5-f7da8656bac5.jpg,0.2364231394725191,1.4854903962110022,1.4854903962110022
90abc5ce-01b6-4b15-8670-d515e55e2172.jpg,0.23559020746213075,1.4802569300414503,1.4802569300414503
ed9f9cc2-18b5-4335-8b26-5fe4703acc34.jpg,0.23926257819142552,1.5033311158502718,1.5033311158502718
c2779d85-05b1-4b66-b775-b3a4aad7f6dd.jpg,0.24414831699601733,1.534029118122,1.534029118122
104cef29-05c8-42b2-b0d9-0d69a930d13b.jpg,0.23735102622963464,1.4913204806500369,1.4913204806500369
af7777db-a7c1-4f4c-ab35-9007256b3eb9.jpg,0.23287974010878507,1.463226561391319,1.463226561391319
7eb484b0-ff80-4568-b0bb-988c21105189.jpg,0.21800748206286374,1.3697814081526027,1.3697814081526027
54b3e5bd-0692-432a-af29-a340acf9a2df.jpg,0.22145734115611546,1.3914575121191617,1.3914575121191617
f31ef398-ff9b-4c7f-858b-ad423289eafd.jpg,0.21386265881684052,1.3437387156323333,1.3437387156323333
bc39d77c-c293-4234-b8e3-5865dd284a5f.jpg,0.22385097273431256,1.406497142882091,1.406497142882091
11640c6d-f8ea-48ec-bedb-418801923135.jpg,0.21661863713522445,1.3610550381093085,1.3610550381093085
f2b163d6-adf7-4b61-8daa-5ad8ed2422b6.jpg,0.22600823714603105,1.4200516349375019,1.4200516349375019
fe8029a1-2a0f-4a49-8621-de8b084c2171.jpg,0.2167739903157826,1.3620311509308152,1.3620311509308152
67a9348e-b530-4d8f-ac61-844ecaa4176b.jpg,0.2182894946672157,1.3715533456047064,1.3715533456047064
5a26d8e5-03ff-480c-aa3e-328c34a1fe01.jpg,0.2179164635458199,1.3692095219436315,1.3692095219436315
40248632-4dcc-4d84-8246-c8e549202ee8.jpg,0.21873950064190847,1.374380816533039,1.374380816533039
4179d093-7925-423f-9176-4bbee136ccc2.jpg,0.21700364747699502,1.3634741294318335,1.3634741294318335
9b07d27f-13f5-45c0-9165-c35c8f3e135d.jpg,0.21966103723077332,1.380171001688223,1.380171001688223
c9624e78-69d6-4785-8246-e56d33a016f7.jpg,0.21650479312668722,1.360339735107557,1.360339735107557
1bd2438c-6e56-4e1a-abbc-31aa4167ed88.jpg,0.2058418495083038,1.293342484433246,1.293342484433246
b517ebeb-38be-4fb4-a870-eb8c3045b265.jpg,0.17731026502163458,1.114073251996053,1.114073251996053
2698ad09-4976-4819-86e6-9682b0cf47a3.jpg,0.14590555000608332,0.9167516080341791,0.9167516080341791
61b62e01-ffc6-4e01-abb9-7a092edae9cb.jpg,0.11514088664178614,0.723451527203301,0.723451527203301
1d0c6def-36e4-46a1-a108-d3793258d3fb.jpg,0.1175536113194401,0.7386111234482059,0.7386111234482059
72c4d463-a396-425a-bc82-44db4ff3c2f5.jpg,0.12237370733151821,0.76889667989049,0.76889667989049
abce2d98-0bdf-47bb-a219-393b146f7439.jpg,0.14123938229489502,0.887433211630405,0.887433211630405
5784ff29-ab48-4653-a1f6-97b577d449e6.jpg,0.13212700365848648,0.8301784480686657,0.8301784480686657
7aff9ed1-713a-4012-990d-87a57fc2712c.jpg,0.13647951594067173,0.8575260892894108,0.8575260892894108
f00b11e3-6d31-4a91-a779-195bdceccc3c.jpg,0.13825124852544943,0.8686582134343372,0.8686582134343372
f6534fdc-34c4-479c-9dfd-e9f787030af8.jpg,0.13439298819447626,0.8444160488114928,0.8444160488114928
e29d1642-b787-4bdc-925f-4a858699dfae.jpg,0.15290820352084936,0.9607505777094265,0.9607505777094265
e38229c0-274e-4325-b3dd-36613d7d013c.jpg,0.15756636539541435,0.9900186719581575,0.9900186719581575
8e6f9e2d-88dc-4878-947f-f4422b4e626d.jpg,0.1510117173854854,0.948834603888438,0.948834603888438
328f79b8-b426-47ea-b908-7724836b94c0.jpg,0.14758082301792244,0.9272776588076812,0.9272776588076812
d5a91994-5d24-433e-bfe7-1f2f94a5c212.jpg,0.14721127274258947,0.9249557059474448,0.9249557059474448
a540c9db-c932-48ef-b6d3-8023b13c0fa2.jpg,0.14633600881957826,0.9194562605264764,0.9194562605264764
001c5817-4977-4435-a5d3-70adb64f18d2.jpg,0.13217311692957717,0.8304681862960487,0.8304681862960487
62cc8b69-e7b9-4fb1-bb85-f737c4b56766.jpg,0.132341323444462,0.831525058998945,0.831525058998945
ac2d07ef-f2ed-4205-bca4-9bf012d83ef2.jpg,0.14148478505997614,0.8889751226783039,0.8889751226783039
3279335c-f6f6-4ef7-ba2f-025114ade554.jpg,0.12310220664665877,0.7734739760836716,0.7734739760836716
f0a2ecae-c8ba-431b-801a-1575dab5c429.jpg,0.10571648079025367,0.6642362388280548,0.6642362388280548
deb12a6b-22a1-4164-ba91-dbd84317679e.jpg,0.1052465261126878,0.6612834265029326,0.6612834265029326
e5068cdb-f9c8-42da-ba37-3ceebd4c19f3.jpg,0.07733475027419574,0.48590856665722915,0.48590856665722915
e43d818d-21f0-4d2c-9aa3-3eee8f8da005.jpg,0.06906869964416898,0.43397143879024247,0.43397143879024247
1fe32616-5ceb-4b98-9eda-1498d953a4ec.jpg,0.02584169894234045,0.16236818310707177,0.16236818310707177
df4e0993-b8bf-411a-9a08-d49d7f19924f.jpg,0.0017480914002328722,0.010983582201550173,0.010983582201550173
ae7767c7-8894-4a8d-851c-7aa4c8612f28.jpg,0.0,0.0,0.0
5be452b9-2cac-43ce-8922-d74ce1bc1b4f.jpg,0.0,0.0,0.0
b5b8dbd1-b996-4e78-9760-3095abd16d4b.jpg,0.0,0.0,0.0
173f5f62-222c-4f22-ba89-0f8837694139.jpg,0.0,0.0,0.0
ced38e8c-80d4-4de4-af1b-05e67a6d6c1a.jpg,0.0,0.0,0.0
acb9d6f1-e08b-48ed-a092-a7b483816dc6.jpg,0.0,0.0,0.0
7f82e41f-0e2a-422e-a753-c4e5ada3a94f.jpg,0.0,0.0,0.0
9670999e-bb08-4e12-a8d9-16f2e45818a6.jpg,0.0,0.0,0.0
dffd2040-3016-46cf-99d6-795e720855b6.jpg,0.0,0.0,0.0
568733c9-73c6-4fa8-8bb6-dc6b442c147d.jpg,0.0,0.0,0.0
62211959-b50c-4ca5-8f7d-c524816c4b22.jpg,0.0,0.0,0.0
ada74f78-222d-43f2-ac88-4f295b04952c.jpg,0.0,0.0,0.0
6efbb51d-880e-41be-a1a8-4651eec5b818.jpg,0.0,0.0,0.0
50dacd77-e3b7-467e-ab00-f01a842a61b6.jpg,0.0,0.0,0.0
6fc82fc1-867b-4fcb-a326-c99f56bfd7b8.jpg,0.0,0.0,0.0
4f2c447c-f12a-470b-81cf-3f487754159e.jpg,0.0,0.0,0.0
4f0711a5-094e-4458-8e78-7ce0dcef3259.jpg,0.0,0.0,0.0
22db7bfe-2c86-4360-bcde-e078c13b97c5.jpg,0.0,0.0,0.0
9c066711-8403-4574-a495-c8908e1186f2.jpg,0.0,0.0,0.0
9e73f15b-1649-4ae4-945a-d5179740dfdd.jpg,0.0,0.0,0.0
ee1b7d20-8337-45ed-a549-2d26bcf40021.jpg,0.0,0.0,0.0
c54950e1-2f1b-4f8b-a05b-b76c9c9242b1.jpg,0.0,0.0,0.0
3dfe6966-0c7a-497a-a299-d5e54bc6a98a.jpg,0.0,0.0,0.0
5de7a952-9186-4f90-8d3c-9f81ac79558d.jpg,0.0,0.0,0.0
be8e5bae-1eb7-4022-b7e8-1bdb17d7768d.jpg,0.0,0.0,0.0
97dde5b1-3a52-483f-80c1-44dcbabe6200.jpg,0.0,0.0,0.0
1ce7d944-4ce9-4e9a-bd34-c59ebfcfdff3.jpg,0.0,0.0,0.0
09fd6b3b-84f0-4fce-87d2-7f71ae34c1ba.jpg,0.0,0.0,0.0
4927dbca-373a-4423-a4c2-668d1e1561a2.jpg,0.0,0.0,0.0
7228f382-666c-4fba-8a30-87f498e6b88d.jpg,0.0,0.0,0.0
7f23b9e3-3942-4bf3-ab7c-b434f22f15d1.jpg,0.0,0.0,0.0
302e3e03-2893-4a43-ae37-160f1255d14b.jpg,0.0,0.0,0.0
d67613db-cac7-4168-8c83-b5422ec2ec78.jpg,0.04595455712211019,0.28874099810758774,0.28874099810758774
c4f496c2-016d-4927-a361-13e370d49306.jpg,0.07311704117994143,0.45940791884625276,0.45940791884625276
2684f618-f8dd-456c-b734-39a23f8dbabf.jpg,0.08715915189666633,0.5476371025833676,0.5476371025833676
39df566e-8a13-4fde-9337-cfd7e733eea0.jpg,0.07914211958282752,0.4972646029418717,0.4972646029418717
e47a3bb2-b6d7-49c2-a11a-27c658e415c9.jpg,0.08861649693472545,0.5567938715139918,0.5567938715139918
f1b9cd9c-9270-4adf-8f86-029b273b15df.jpg,0.09528032780171872,0.5986639557070137,0.5986639557070137
bb7f5e57-6b2c-436e-9684-37b002aae0e7.jpg,0.08821929604769795,0.5542981847366218,0.5542981847366218
a044d584-9ebb-42ad-84a4-e9a9d296d91b.jpg,0.09243439241597909,0.580782416306152,0.580782416306152
40169a2a-b3b0-4c48-95bd-709d51089b25.jpg,0.07926741379067513,0.4980518496676945,0.4980518496676945
70ed4281-4ae1-4d66-9c1c-dd0ca0791afa.jpg,0.09321182749874682,0.5856671849954841,0.5856671849954841
c1c0108a-b54a-4de6-89b7-741229f5fc08.jpg,0.10061121678819505,0.6321589190610473,0.6321589190610473
e80f4bbc-9220-4a06-a81d-84c5dd281702.jpg,0.10246309159588554,0.6437945916434642,0.6437945916434642
81bd41ff-8757-4274-9f1f-a6c4f05febce.jpg,0.11599076781886965,0.7287914881280005,0.7287914881280005
96a27a75-2213-4287-ae92-83ebd78eb5ff.jpg,0.10709578260063578,0.6729026476972139,0.6729026476972139
b2be50ee-4911-416f-95a8-4d73ff40e4e1.jpg,0.11801731486103896,0.741524658727667,0.741524658727667
9d9c3ca2-fadc-4330-8b79-ebf67c30f03b.jpg,0.11579185806318835,0.7275417012736491,0.7275417012736491
a6f7d584-589c-45d7-9f25-c393690b7b38.jpg,0.10879261974447366,0.6835641899080527,0.6835641899080527
403ffaf3-97ba-4527-a1e1-48bb688d9970.jpg,0.11419765911463688,0.7175250538633894,0.7175250538633894
ba1d0812-1e04-4f89-ae88-70c139da0895.jpg,0.12498590624945939,0.7853096097511285,0.7853096097511285
7ca4c4cd-0b32-413b-928d-5027df25136c.jpg,0.1255776868326456,0.7890278768164783,0.7890278768164783
96fce01e-be90-4201-ac34-777a98d9b15b.jpg,0.13328980582827793,0.8374845495770559,0.8374845495770559
bd2602c4-cf32-49ca-b4b4-48cb62ba4a4c.jpg,0.13875950813700835,0.8718517027579171,0.8718517027579171
397c4a15-9764-4dde-9ded-51e7b72aba5b.jpg,0.14385914295438948,0.9038936533144677,0.9038936533144677
b40aae4a-35b4-4c97-8279-9477d762dcec.jpg,0.15866373394014419,0.996913641874965,0.996913641874965
806cdd74-4825-40d3-9d90-587794ade4b9.jpg,0.16560270108584496,1.040512458291834,1.040512458291834
4453f15c-e77b-4b13-9650-45b277d79991.jpg,0.17234378018060878,1.0828679074145895,1.0828679074145895
17d9cb0a-9bd6-4674-b996-5f638afb3b79.jpg,0.18470139981717035,1.160513121546747,1.160513121546747
fe41155e-5369-48bc-b7cb-87bf26d33dca.jpg,0.1726345614626721,1.0846949400936525,1.0846949400936525
df33a9f6-573e-48d9-8019-9019e171ad02.jpg,0.18505327501510993,1.162724018620402,1.162724018620402
60b5e74d-97db-4d0b-a3b2-11b1556e237d.jpg,0.16755560802196753,1.0527829344591684,1.0527829344591684
a5b84ed2-6658-49d5-afbe-8671e758dc39.jpg,0.17604698040282601,1.106135800640369,1.106135800640369
8d9da5f1-a7a4-4a4d-99eb-0c48d1af4eb3.jpg,0.1724326675234431,1.0834264030610803,1.0834264030610803
78c7e730-87aa-44fa-9196-356555c5c9bb.jpg,0.18469036410202883,1.1604437821035156,1.1604437821035156
5b30041d-0e75-4bb9-b3b1-f9d26a56eaa4.jpg,0.19149825429892997,1.203219017761577,1.203219017761577
871e161e-4154-48dd-bbbd-a68c9f3d7cea.jpg,0.20375020405653343,1.2802002884628534,1.2802002884628534
4676b3b1-2833-4409-b6a7-a458d0d62e52.jpg,0.20755525731131796,1.3041081431663515,1.3041081431663515
28d15f9f-569e-4c74-99db-1e1db05f74d7.jpg,0.2226406852769306,1.3988926825124048,1.3988926825124048
5ae63a49-694f-4f83-bfe7-ace656eb44e9.jpg,0.22959532331003837,1.4425899620187799,1.4425899620187799
a7a573f8-9dcf-4edd-ab09-b15794118818.jpg,0.23189037141714253,1.457010174564607,1.457010174564607
cf8ed730-72c1-4c5e-b872-ec6da779916b.jpg,0.2316263181960522,1.4553510792455389,1.4553510792455389
b3421a99-9817-4453-ade7-9c37779066ae.jpg,0.2594632747211186,1.6302558354804328,1.6302558354804328
9d76f65a-1c6b-4148-94d1-2f2ca1b83b75.jpg,0.259129689992267,1.628159860813413,1.628159860813413
27804748-f6e0-40fb-b7b4-962b4e23c180.jpg,0.26042365071636187,1.6362900558231135,1.6362900558231135
b4151aac-c427-4665-9236-4c12113f559f.jpg,0.2724299308450994,1.7117277387218794,1.7117277387218794
c14773fc-5478-49bb-9d20-9fb7f94150d6.jpg,0.27402557955466383,1.7217534952492346,1.7217534952492346
acf1452b-8a94-4cc1-9385-f5d99eb7151f.jpg,0.2891363729621051,1.8166974103666957,1.8166974103666957
a591858a-2897-4b65-a777-34e25b220ae2.jpg,0.28422248398680144,1.785822535355956,1.785822535355956
2f95f4cd-02be-4374-8348-85494cfa5fcf.jpg,0.2883868253211191,1.8119878636418214,1.8119878636418214
baa5921b-a683-4308-a4cc-7ab59d58f41a.jpg,0.28944848576398596,1.8186584729376563,1.8186584729376563
f0e1a1cd-a064-4d2c-8fe8-92690b269c82.jpg,0.2925982375068538,1.838448946809707,1.838448946809707
d2689951-d067-49cf-a75a-9f7b29214043.jpg,0.28870034107069226,1.813957741193109,1.813957741193109
11661545-11fb-4fe4-9e2a-b66bce284173.jpg,0.2901130332695772,1.82283394806071,1.82283394806071
c3e8275a-5e33-48df-8a71-66635356d570.jpg,0.2906747054114172,1.826363038209771,1.826363038209771
1b9c5258-f331-418c-b197-37daf312dcf4.jpg,0.28557933259518364,1.7943478665962103,1.7943478665962103
3e89168c-ceb7-44d6-8167-13bd1a91c1a3.jpg,0.30477288577851275,1.9149445179502735,1.9149445179502735
fdff96c3-9996-41c7-8893-79c2aeb8f545.jpg,0.3043209448780239,1.9121048895246087,1.9121048895246087
ed075090-1a4b-4b5e-aaec-4e1c2b5924ff.jpg,0.3017288960169258,1.8958185662050655,1.8958185662050655
aba6c73e-3e5c-496d-bd36-9da422997272.jpg,0.3109171306221247,1.9535499468753703,1.9535499468753703
e399be67-9942-452f-bfa8-2c40ef412faf.jpg,0.3097768082790597,1.9463850902839754,1.9463850902839754
3dab7e31-37fc-4d60-9cf8-3428cfcc1861.jpg,0.315089510392479,1.9797657821444337,1.9797657821444337
7c8a16f0-0590-4c03-8bdd-73f05633b8d8.jpg,0.3188409554014935,2.0033368063057657,2.0033368063057657
66091b21-4faa-4b6d-85bf-848ee6bed242.jpg,0.31742004135137053,1.994408940023268,1.994408940023268
cbeb2f09-efbc-40db-a7f2-01218da4da8f.jpg,0.3189415707260288,2.003968991034563,2.003968991034563
f5b99352-2763-4018-93ed-324bc4994e30.jpg,0.33020582305965007,2.0747443757935353,2.0747443757935353
abc31d23-0959-4521-a021-afeb15699948.jpg,0.33232356309455197,2.088050528865257,2.088050528865257
54afe68a-ca39-4432-a677-321de50d2801.jpg,0.34197748176917764,2.1487078888383717,2.1487078888383717
49dd8a36-c5d7-4c71-86a9-6aba8ea1aa77.jpg,0.3575730264788379,2.2466975862155714,2.2466975862155714
dfd21e01-e3a4-4096-9448-ad365ddd138f.jpg,0.3781313620666948,2.375869418321261,2.375869418321261
1042dd0f-dbe0-4194-a11f-b9a0dec73a88.jpg,0.3667752233818159,2.304516694590136,2.304516694590136
73e32410-00e1-4a00-a6fd-7830faf700dd.jpg,0.3747540069547988,2.3546488703050685,2.3546488703050685
9b6150e5-f291-420a-8eab-b54302cd58d5.jpg,0.3700616935544298,2.325166195691188,2.325166195691188
43c0b59a-1728-4845-8030-daebd0fd1938.jpg,0.3589563154489505,2.255389047148167,2.255389047148167
c479418c-6a12-41f4-98af-6ee8a8044524.jpg,0.3676393951023752,2.3099464456476344,2.3099464456476344
5928916a-bdce-4502-9e56-9aa7706bde06.jpg,0.383256883978118,2.4080740222867427,2.4080740222867427
1580cc1f-357b-4440-bf3e-ddb7335fb507.jpg,0.3646580663994249,2.2912142049453843,2.2912142049453843
d96d9901-406b-441b-a620-7199e19f0cce.jpg,0.37936237912590187,2.3836041266205585,2.3836041266205585
4f7c27d7-5aff-49c3-a1d0-b7aedd184488.jpg,0.37686761898699345,2.3679290863708315,2.3679290863708315
2a86d628-5ee4-469c-aaa1-dbc704fa9f66.jpg,0.38574657605529966,2.4237172189654914,2.4237172189654914
b2ee395a-c061-4e11-b17e-6d91e5c09ad6.jpg,0.36331673784539326,2.2827863890825926,2.2827863890825926
d579580e-2dd3-4abb-a80e-5f55bfea8c94.jpg,0.3884534175562903,2.44072480571338,2.44072480571338
3d175c8c-7508-4436-956b-799513de5883.jpg,0.37102942489648105,2.3312466310408615,2.3312466310408615
1936e5bc-6345-4838-bfbc-550309290574.jpg,0.38195841096844496,2.3999154757505954,2.3999154757505954
eb574a60-14d2-4d38-8c32-1ee7f7405d2e.jpg,0.38285848092032015,2.4055707820476515,2.4055707820476515
bf015176-9f24-42df-82ef-58144cf86b92.jpg,0.38545999631993877,2.4219165853829367,2.4219165853829367
0120fc82-ef50-44ca-a92b-f0b09d95b7a4.jpg,0.39519747015028506,2.483098937882814,2.483098937882814
d6fbc938-2e97-4692-9e5f-c0579f658865.jpg,0.40546816606162395,2.5476316235274483,2.5476316235274483
d583c69c-fcce-49b0-8747-a1d35cf00926.jpg,0.3999600553155148,2.513023143017177,2.513023143017177
c25596cb-2305-4314-a542-c7946a5f77a9.jpg,0.41200697276944376,2.588716157760509,2.588716157760509
6ea45e57-f37b-4aa3-9ea2-d28dfedae9dd.jpg,0.43052645824150393,2.7050775167750833,2.7050775167750833
4a2fa4df-b3b4-4400-ac1a-302b93d9bcc0.jpg,0.4209111237275821,2.644662588233593,2.644662588233593
dd0d54b4-026c-437b-99e3-c4fa6df919eb.jpg,0.44404157908167774,2.7899955254628197,2.7899955254628197
5a4b72b4-4ed6-4ecf-a1a1-acb2e15fa14a.jpg,0.4706539166172979,2.957205773656332,2.957205773656332
8704bcff-4d78-4a98-a36f-87d1636171bb.jpg,0.470252490119987,2.954683536586516,2.954683536586516
5fff281d-ac3a-4ffc-a46f-039b1605d791.jpg,0.48606209188439786,3.054018194105023,3.054018194105023
b05a503a-34cf-4b1a-9a34-4f1b650201b5.jpg,0.4896264946167053,3.0764139969815276,3.0764139969815276
552b8113-b313-4def-8197-705d68de7a2b.jpg,0.4876412256110068,3.0639401839341236,3.0639401839341236
0fe3eeba-e0c5-4c14-a586-526319ea8b10.jpg,0.4887846529995091,3.0711245501013877,3.0711245501013877
d6fe99a8-e1a2-42b3-9fe6-adb23f2c55f5.jpg,0.5,3.141592653589793,3.141592653589793
af3d5719-5ae9-435a-9059-55e6b8f14898.jpg,0.5,3.141592653589793,3.141592653589793
5214f98e-f105-4008-9e8e-eea90feef273.jpg,0.5,3.141592653589793,3.141592653589793
b8d7c738-7a2a-4145-917c-7946033257f3.jpg,0.5,3.141592653589793,3.141592653589793
56275e10-9306-486a-86cd-89d277504ad3.jpg,0.5,3.141592653589793,3.141592653589793
61b3765f-069d-4616-ab74-de069c4d6283.jpg,0.5,3.141592653589793,3.141592653589793
e2b2a36c-69c5-4018-adf5-dfc3d4ece58f.jpg,0.5,3.141592653589793,3.141592653589793
dc0e68f7-8148-4815-bd77-e15c61757164.jpg,0.5,3.141592653589793,3.141592653589793
189e0f96-adfd-4183-81f6-13ed468302ea.jpg,0.5,3.141592653589793,3.141592653589793
fb8e37ec-2c2e-4ae9-a751-b2ce016ca602.jpg,0.5,3.141592653589793,3.141592653589793
ff0eddfd-365a-47dc-99d9-47b3264e93bf.jpg,0.5,3.141592653589793,3.141592653589793
a0040a51-e398-46f3-b0d2-000485f48a32.jpg,0.5,3.141592653589793,3.141592653589793
6157c6fc-5e5d-4468-b45c-695a02b7ab52.jpg,0.5,3.141592653589793,3.141592653589793
1f6ff2be-6455-4d03-9e9b-bf5c0dde69ed.jpg,0.5,3.141592653589793,3.141592653589793
775ea306-b81e-4dbf-8607-c78ad98bba1b.jpg,0.5,3.141592653589793,3.141592653589793
c5094f64-b094-4c01-8c0b-4c0f519df702.jpg,0.5,3.141592653589793,3.141592653589793
7a6e4cf9-3e92-44fc-822e-2e3ad1c4e29c.jpg,0.5,3.141592653589793,3.141592653589793
9d793525-6bb3-45a1-bacf-29f46e405daf.jpg,0.5,3.141592653589793,3.141592653589793
89dd940f-8b87-407f-8857-11b00e38b2b4.jpg,0.5,3.141592653589793,3.141592653589793
803e99d6-179a-43ee-b1c8-a48a82a91c90.jpg,0.5,3.141592653589793,3.141592653589793
02def5be-5b75-405d-b6ff-849b2624c23b.jpg,0.5,3.141592653589793,3.141592653589793
de56158e-e3df-481e-be7d-aa2733cf80dd.jpg,0.5,3.141592653589793,3.141592653589793
a679c5f0-14c9-4a31-be4a-68bca15f81b6.jpg,0.5,3.141592653589793,3.141592653589793
45ad240d-059a-414a-84d6-8f3f6efd8cad.jpg,0.5,3.141592653589793,3.141592653589793
266aaaa8-6aab-41de-bfe3-b38d80414cd8.jpg,0.5,3.141592653589793,3.141592653589793
1c6c1bd3-a5de-4658-96a4-5ebdef679934.jpg,0.5,3.141592653589793,3.141592653589793
4167dfc0-86e8-47c9-9103-be15ed15f429.jpg,0.5,3.141592653589793,3.141592653589793
4e0dccc2-e2af-40e3-a632-e7154dcd13bb.jpg,0.5,3.141592653589793,3.141592653589793
4fa8e68c-6158-4bfe-b186-3dfe55ac6a7b.jpg,0.5,3.141592653589793,3.141592653589793
5208d556-35e9-4848-bd9f-b58c6947bb27.jpg,0.5,3.141592653589793,3.141592653589793
4fc270bd-3104-4cfe-b603-7afe59c23558.jpg,0.5,3.141592653589793,3.141592653589793
06921146-5b1b-4633-8002-ce8a887919cd.jpg,0.5,3.141592653589793,3.141592653589793
26b5009e-09f3-4a8e-9105-5540d0b0900e.jpg,0.5,3.141592653589793,3.141592653589793
e3c184d3-2fde-4004-97d5-760bfe27a53d.jpg,0.5,3.141592653589793,3.141592653589793
926de84e-0dee-4cc4-bae9-6418a24bf3fe.jpg,0.5,3.141592653589793,3.141592653589793
78ba7fb0-f2ec-4fc2-9763-fd9c2eaa930f.jpg,0.5,3.141592653589793,3.141592653589793
2493006d-fee0-436f-808f-4511f1f21620.jpg,0.5,3.141592653589793,3.141592653589793
aff332e1-687d-4321-8ff7-01b3f082cbfe.jpg,0.5,3.141592653589793,3.141592653589793
bf83e789-a749-45c2-bfd7-71fdf826f0f7.jpg,0.5,3.141592653589793,3.141592653589793
da5a5ff4-85c0-4f69-a66a-6be03b244433.jpg,0.5,3.141592653589793,3.141592653589793
c4b75381-f66d-4e57-90a9-be7c056faddb.jpg,0.5,3.141592653589793,3.141592653589793
13383418-ae98-440a-994e-3b7934bf2879.jpg,0.5,3.141592653589793,3.141592653589793
56b54acb-c471-40b2-9099-16601f9118a9.jpg,0.5,3.141592653589793,3.141592653589793
3b64ecf6-7726-4d69-be1e-0e2fcb69de89.jpg,0.5,3.141592653589793,3.141592653589793
03472be5-5de2-4025-8702-fb8c412a4552.jpg,0.5,3.141592653589793,3.141592653589793
a9fdf633-c906-4d6c-8e59-92f505cfd24c.jpg,0.5,3.141592653589793,3.141592653589793
ee8397bd-43ab-414e-a889-bd3a96e4bb0e.jpg,0.5,3.141592653589793,3.141592653589793
4c73f388-fb52-4c34-b7ea-7f585bbc4705.jpg,0.5,3.141592653589793,3.141592653589793
fd245cf7-68c0-4b6a-8d38-9d349ebd054d.jpg,0.5,3.141592653589793,3.141592653589793
ba6341a7-4803-40ac-b7e0-2a8b5f925a11.jpg,0.5,3.141592653589793,3.141592653589793
9a8deb2f-fdcf-4ed6-bf0e-1cc0fd8ce293.jpg,0.5,3.141592653589793,3.141592653589793
ca518500-9ecd-4745-8bee-535add0e9211.jpg,0.5,3.141592653589793,3.141592653589793
fd076433-92a3-404d-b17f-fb182cd59386.jpg,0.5,3.141592653589793,3.141592653589793
90919d55-283f-4494-8d9e-76cf59111598.jpg,0.5,3.141592653589793,3.141592653589793
945ade09-7b9f-4881-a21b-2c6d41a86928.jpg,0.5,3.141592653589793,3.141592653589793
5e70e6d7-4d02-4d80-8fca-52697c303d41.jpg,0.5,3.141592653589793,3.141592653589793
8b37a22b-aa50-4183-b225-fb576ce71291.jpg,0.5,3.141592653589793,3.141592653589793
9affd6a9-33cd-4c60-b7ff-45d5350e3c05.jpg,0.5,3.141592653589793,3.141592653589793
11ff57b7-d2a2-4e79-a722-da1089ec8761.jpg,0.5,3.141592653589793,3.141592653589793
bbde8274-96b5-4f89-9019-66a116d55ae5.jpg,0.5,3.141592653589793,3.141592653589793
ec5abc21-44e7-43b7-bb6a-bb0bc2e7db0a.jpg,0.5,3.141592653589793,3.141592653589793
1ed37bea-a590-417b-bd29-e992b0332bbf.jpg,0.5,3.141592653589793,3.141592653589793
a88f1771-707a-4b01-a4b8-82765680a105.jpg,0.5,3.141592653589793,3.141592653589793
5573ff86-8924-43f2-92b8-e78d483c2477.jpg,0.5,3.141592653589793,3.141592653589793
e6b2c6b2-75af-44bb-b721-4d65a7e5a7e1.jpg,0.5,3.141592653589793,3.141592653589793
325b90f6-3501-46b4-a645-bb265dabfe3b.jpg,0.5,3.141592653589793,3.141592653589793
1783779f-0d39-4a56-80b1-509b50b67ccb.jpg,0.5,3.141592653589793,3.141592653589793
18851243-303c-4e73-9923-2ecc3b37ec79.jpg,0.5,3.141592653589793,3.141592653589793
be1f7f92-ab09-4c7a-a814-612def1936a4.jpg,0.5,3.141592653589793,3.141592653589793
1bafd5a0-0eea-41fc-8bfc-58edab97b06d.jpg,0.5,3.141592653589793,3.141592653589793
be2ad8f6-67c0-4c31-98fc-bf199b5e454b.jpg,0.5,3.141592653589793,3.141592653589793
ecfb8b08-5f18-4777-913c-bd4c034bfdc9.jpg,0.5,3.141592653589793,3.141592653589793
0ed00aa9-213c-4e39-83d1-72f7326a07bf.jpg,0.5,3.141592653589793,3.141592653589793
7ed0bee5-8439-49b1-b23e-c1e95a21b1f7.jpg,0.5,3.141592653589793,3.141592653589793
1f81dfff-7b05-46b8-be84-86df02ffead0.jpg,0.5,3.141592653589793,3.141592653589793
0aa3b966-989b-4d70-ba71-e2f22b03f6c3.jpg,0.5,3.141592653589793,3.141592653589793
acd39fe1-fb93-477e-ba5b-ea7ba5a88b93.jpg,0.5,3.141592653589793,3.141592653589793
899dd10e-b055-4eb9-98d7-731a0b6a0843.jpg,0.5,3.141592653589793,3.141592653589793
0db00d1c-2096-46a5-bda6-2d5f97163945.jpg,0.5,3.141592653589793,3.141592653589793
bd69a5e5-925a-4872-a749-146b281e255b.jpg,0.5,3.141592653589793,3.141592653589793
e421a8c0-e774-48c5-a424-64cab3166852.jpg,0.5,3.141592653589793,3.141592653589793
1d394170-7b3c-4219-bc28-82016615f638.jpg,0.5,3.141592653589793,3.141592653589793
2adc52b0-f42b-4d2d-bcfd-da8be4e88dfd.jpg,0.5,3.141592653589793,3.141592653589793
096d0106-3456-4de9-ad75-bcf9d9f3514b.jpg,0.5,3.141592653589793,3.141592653589793
0300fab5-0d86-4831-9f64-74df244876f0.jpg,0.5,3.141592653589793,3.141592653589793
4d45201d-19a9-4b12-b5fa-446f7edb8c84.jpg,0.5,3.141592653589793,3.141592653589793
38f8eb27-1b75-4c52-bfcd-b374028b9830.jpg,0.5,3.141592653589793,3.141592653589793
dd78b61b-b762-4f63-b2f0-086fcacfefd6.jpg,0.5,3.141592653589793,3.141592653589793
199a091a-ee62-4c8a-b633-a6a171867d57.jpg,0.5,3.141592653589793,3.141592653589793
ec37eac6-55da-4f0b-92c3-dcc5abf098fe.jpg,0.48028949167606,3.0177478772917725,3.0177478772917725
0cceab70-078b-44d1-babd-72e7b0eabd1d.jpg,0.4344023492708494,2.729430458342896,2.729430458342896
95b26963-cf15-40c1-a51b-c4a2d064f454.jpg,0.3730011250080861,2.3436351882122626,2.3436351882122626
592cad1d-b371-42c5-9e5c-cd4c27580826.jpg,0.3654197708491539,2.296000135152335,2.296000135152335
6aed3392-b949-4f57-8e17-93ff8662708f.jpg,0.33863210576276126,2.127688271467865,2.127688271467865
bd04277f-df46-4d62-9d4a-2d12f099a683.jpg,0.27974947270241335,1.7577177765750402,1.7577177765750402
6607db19-96a7-46cd-9992-63ce7474b480.jpg,0.23054190545620426,1.4485375130516078,1.4485375130516078
d4b2c53a-7c48-4f20-9413-55948049840a.jpg,0.20803364371338484,1.3071139335789725,1.3071139335789725
33abf051-d50a-4fbd-b267-002b3a6c880b.jpg,0.2231178938700719,1.40189107253329,1.40189107253329
d9a01e08-04d7-4e9a-af4f-405363f727b5.jpg,0.2233444118477845,1.4033143269626658,1.4033143269626658
361bcadb-a6e6-483e-89cf-daf13bb1dd9d.jpg,0.2296796136980868,1.4431195741465022,1.4431195741465022
12fa45df-93c6-4989-a7e4-1f7b17e8a864.jpg,0.2263649079791461,1.42229266387563,1.42229266387563
e62a8489-e49d-49bd-9cd9-503a7d0538b0.jpg,0.22721576445985303,1.4276387528137262,1.4276387528137262
421496fa-10ef-4a64-a42e-eb35d20a780a.jpg,0.21717499015448022,1.3645507072255014,1.3645507072255014
ed00c936-eeba-4031-b382-7406a1d6e012.jpg,0.2177852950242135,1.3683853658159097,1.3683853658159097
5dd21062-2bdb-458c-9999-2c1799e453e4.jpg,0.22281318576202244,1.399976535025815,1.399976535025815
e0e5baf0-9f0f-41d4-b2a4-ae556d0b0948.jpg,0.23756931877386733,1.4926920531566266,1.4926920531566266
ab0ea649-dfcb-43f2-996f-825e025285a8.jpg,0.25995120504549823,1.6333215921255024,1.6333215921255024
39f1fd98-9b15-4dce-8906-e45dc3ee95b3.jpg,0.29843425340121055,1.8751177161295955,1.8751177161295955
33969003-1f2e-4746-b64b-37ed30cfd3bb.jpg,0.3045541679683971,1.9135702734193365,1.9135702734193365
1fab1ce4-e549-4dc5-bc33-3df01fa044d0.jpg,0.2954935712476338,1.856640865229157,1.856640865229157
db608eda-7905-457c-a0c4-8b24ac0e116f.jpg,0.2948896677057213,1.8528464273676586,1.8528464273676586
f5bf0059-f80a-4713-bc0c-fe31fe202b05.jpg,0.29509346840532374,1.8541269449289937,1.8541269449289937
466a0b1d-e09e-4163-848f-85ce8d9bc781.jpg,0.2944691487342447,1.8502042287446865,1.8502042287446865
76919f5b-704a-4511-ba37-16f80ec309de.jpg,0.31178966203904385,1.959032223454209,1.959032223454209
7cb767a3-4359-4b9e-91db-5d4379cd3b78.jpg,0.33795718032707933,2.123447589886947,2.123447589886947
77968dfe-0230-47ac-8362-ce4666a7725d.jpg,0.3576329463805111,2.247074074061372,2.247074074061372
d66c56ab-5c48-4ec8-a3d6-04235ff82eef.jpg,0.36049589226824047,2.2650624935984034,2.2650624935984034
5c942aea-a280-4f3f-a11d-d55e643424f0.jpg,0.3905356622393668,2.453807934912039,2.453807934912039
e3c59faf-fc4b-4721-ac1e-9fa3462b3242.jpg,0.3995699887798446,2.510572282691432,2.510572282691432
7276f9e4-96f0-4bf3-93d1-e9135b31bdad.jpg,0.4093419020369881,2.571971024491749,2.571971024491749
6faeb2d8-d24a-4982-b212-e91d17491e7a.jpg,0.39256487520406497,2.4665578559969688,2.4665578559969688
19c50e53-dd13-4565-9f53-0e5ccb76ccd3.jpg,0.4013240073366075,2.521593106315805,2.521593106315805
9f132b65-4155-4a8f-b00c-9c49892e3f75.jpg,0.39753957596101264,2.497814822700638,2.497814822700638
04b78d84-1fcf-4f64-91fd-68114f1c1b2e.jpg,0.41674844774344905,2.618507723651539,2.618507723651539
bda1dab1-10b2-498f-9d6b-cccd336c669b.jpg,0.40059445543523176,2.5170091965282557,2.5170091965282557
8c4764b2-5b0a-4b0c-967c-c0fc4add4e5c.jpg,0.4128064115559341,2.5937391797977747,2.5937391797977747
8659aa93-89ed-4a49-88be-66504b0c18af.jpg,0.40614980316014104,2.551914475729679,2.551914475729679
72423184-ab11-432c-911b-0e3b020db24f.jpg,0.4076167989625428,2.5611318822010243,2.5611318822010243
0551a3fd-af3a-44c7-86e9-028c44463428.jpg,0.4104401427288865,2.578871474270832,2.578871474270832
5bcec1c4-8be4-463e-b23c-f35246de6669.jpg,0.4184433085710742,2.6291568483013874,2.6291568483013874
de9045f9-48ea-430a-bb76-792971907ac6.jpg,0.4183523699100355,2.6285854638424944,2.6285854638424944
f1bc6d57-7888-4b6a-8384-ea8d7f6dc7c6.jpg,0.43813255276714214,2.7528680181435923,2.7528680181435923
259868cc-2cbd-4f1e-a138-780ff01bb71a.jpg,0.5,3.141592653589793,3.141592653589793
48972031-6fc9-43b6-a24f-081867a9f011.jpg,0.5,3.141592653589793,3.141592653589793
a9d89802-6ed9-4dc9-9a52-3a5cda2c76d9.jpg,0.5,3.141592653589793,3.141592653589793
39a3ce09-e725-4dc1-b8c9-f6263f97c4e2.jpg,0.5,3.141592653589793,3.141592653589793
8c522287-b911-4223-a36a-abc7e5e4abe1.jpg,0.5,3.141592653589793,3.141592653589793
69d1a627-ddea-4834-ad25-4e46d5b11d9e.jpg,0.5,3.141592653589793,3.141592653589793
b439ad8c-3206-4f19-951e-a1ec0f995f8c.jpg,0.5,3.141592653589793,3.141592653589793
5249a473-9fc0-41f9-8c32-9ec4269515a8.jpg,0.5,3.141592653589793,3.141592653589793
440680a4-3edb-49de-9968-b5a7972eda4e.jpg,0.5,3.141592653589793,3.141592653589793
cf050094-1842-4349-8650-521942bbc3b1.jpg,0.5,3.141592653589793,3.141592653589793
15b24224-38ad-4fb5-a7ca-3e8a5ee6396d.jpg,0.5,3.141592653589793,3.141592653589793
5a0e0032-fbb9-4bc4-a4e1-21961440c819.jpg,0.5,3.141592653589793,3.141592653589793
cd55a1ae-e3b8-4ff5-801b-56e8bbede586.jpg,0.5,3.141592653589793,3.141592653589793
a00dc5c3-974f-4009-b9c3-2b5402928e5b.jpg,0.5,3.141592653589793,3.141592653589793
de4c9cc9-1123-43f2-a274-24e32e0f8135.jpg,0.5,3.141592653589793,3.141592653589793
17ab6e2b-a434-4558-97e5-33631f6ac078.jpg,0.5,3.141592653589793,3.141592653589793
b0dcff6e-c725-4337-a636-3088a5f2bd3c.jpg,0.5,3.141592653589793,3.141592653589793
f21e1bb9-52fd-4b8a-a5eb-6c6602cf4be2.jpg,0.5,3.141592653589793,3.141592653589793
078299a3-7a60-4d48-a469-80ce49e884ac.jpg,0.5,3.141592653589793,3.141592653589793
368caaf6-a961-45f3-888b-7fee2dd0911e.jpg,0.5,3.141592653589793,3.141592653589793
0ea6682b-f0d4-4dc8-8ded-747799e93541.jpg,0.5,3.141592653589793,3.141592653589793
ac7cc127-cdb6-4c4d-83cb-c24ff0690b37.jpg,0.5,3.141592653589793,3.141592653589793
fbcfe540-ef2f-4054-aa20-abb92fcbe76b.jpg,0.5,3.141592653589793,3.141592653589793
716f659a-f49f-4d9c-8886-217348f7156f.jpg,0.5,3.141592653589793,3.141592653589793
f7fb5851-e0e1-4268-90a7-789a2606d073.jpg,0.5,3.141592653589793,3.141592653589793
2ba31ae0-19d9-435f-bafe-12341328133a.jpg,0.5,3.141592653589793,3.141592653589793
9b481051-4dab-476e-9981-ef3776781b2d.jpg,0.5,3.141592653589793,3.141592653589793
93aa0b64-4b95-410a-8765-2c99c3c5b96b.jpg,0.5,3.141592653589793,3.141592653589793
266cea47-5af3-47d0-a680-bbe4647958a1.jpg,0.5,3.141592653589793,3.141592653589793
0b687f53-8ee6-4367-9c2b-5b8840812031.jpg,0.5,3.141592653589793,3.141592653589793
bce4d70f-d30a-4a6a-8c19-92f39d611e05.jpg,0.5,3.141592653589793,3.141592653589793
4e73e27c-4284-4729-bbd9-c80d40db1ce9.jpg,0.5,3.141592653589793,3.141592653589793
048bcaf4-54c5-4b27-afee-5eb2c18c9c85.jpg,0.5,3.141592653589793,3.141592653589793
ac33ff32-be08-4b2f-b55e-e7c14c98bbfb.jpg,0.5,3.141592653589793,3.141592653589793
60964761-377a-460c-a0ca-23de36b624c1.jpg,0.5,3.141592653589793,3.141592653589793
1841fdac-1abe-4823-bc7a-9ae702f45d8d.jpg,0.5,3.141592653589793,3.141592653589793
d6b3a08b-7633-4c16-b9f1-c35f57ee5c1f.jpg,0.5,3.141592653589793,3.141592653589793
4c31713a-7d2f-4920-bc12-99db3ad9941e.jpg,0.5,3.141592653589793,3.141592653589793
6de89e9c-868c-4019-ab66-f5e04e5637f4.jpg,0.5,3.141592653589793,3.141592653589793
affdcb1e-d271-4b3a-a736-2b3a67ae891a.jpg,0.5,3.141592653589793,3.141592653589793
c1b3bc89-714c-4306-8ee3-4497e62bbb8c.jpg,0.5,3.141592653589793,3.141592653589793
a529e7dc-7d9d-4093-b5d3-0738a8a680ca.jpg,0.5,3.141592653589793,3.141592653589793
bab60f0a-05fe-4b63-828e-34d1ce6d16a0.jpg,0.5,3.141592653589793,3.141592653589793
12274955-1be7-4e73-afb1-43e58ae87fbc.jpg,0.5,3.141592653589793,3.141592653589793
69155556-58b8-4e0f-8fe9-08515d639caa.jpg,0.5,3.141592653589793,3.141592653589793
b97bb470-b78f-4bca-b2af-8b62197dc975.jpg,0.5,3.141592653589793,3.141592653589793
dc7c601d-ae6a-494d-808d-7cb2f91defc3.jpg,0.5,3.141592653589793,3.141592653589793
b5ffe474-7461-412a-9d96-87cd5d34db36.jpg,0.4803916740344119,3.018389907984422,3.018389907984422
bb222190-c67b-4d9a-845e-15933f794532.jpg,0.4210607299403405,2.645602591791459,2.645602591791459
2ad13e0c-c4ba-4111-a0a2-8b464e8418a4.jpg,0.3597945814159107,2.2606560275552794,2.2606560275552794
93282836-7188-4ea2-96f6-0276db3aa384.jpg,0.3416824632598262,2.146854232875069,2.146854232875069
febdc5f0-e859-4ce8-a71a-ccc7eec57f90.jpg,0.32388696173489584,2.0350417991597345,2.0350417991597345
64d5aeb5-1f3a-4afd-8ddf-1f558260b88e.jpg,0.30161245751889126,1.8950869615450248,1.8950869615450248
c6f45d09-9e53-471d-b0b6-7ad092db736b.jpg,0.30520989181342917,1.9176903078480092,1.9176903078480092
1742b7d4-2a2c-44dc-aae3-dd6ef88a46cf.jpg,0.2872361571093238,1.8047580020400307,1.8047580020400307
35745fde-bf2f-4b23-9743-f8d5c3e0e600.jpg,0.2838232675519251,1.7833141845179565,1.7833141845179565
1265f062-b589-4c0d-9bb6-b2875934ffdc.jpg,0.28613506833192964,1.7978396572120072,1.7978396572120072
36ff68f3-6e18-438d-a4a0-36674581aa77.jpg,0.276641661807907,1.7381908248251854,1.7381908248251854
691ccb3a-6f93-4391-a0c4-09b9eb071de9.jpg,0.24301827304566478,1.5269288425766778,1.5269288425766778
422f11f5-6c1f-4e1c-8c69-b53e93b4fcb1.jpg,0.19136354859819568,1.2023726368819299,1.2023726368819299
0a33ce7b-0ec1-4f93-b401-10467111a63a.jpg,0.18841093054070185,1.1838207904853715,1.1838207904853715
cc784295-4981-4683-81c7-09de622212b2.jpg,0.19734433698736653,1.2399510386141184,1.2399510386141184
383a9169-30e6-4a2c-aef1-1eecfb947a3b.jpg,0.19796791984268292,1.2438691252484513,1.2438691252484513
8e49662c-ecc5-4e39-bb03-fb815747b21f.jpg,0.19450653833010217,1.222120623786061,1.222120623786061
8f3bbd2f-5c02-430f-a890-dde7c0343004.jpg,0.20051165170961927,1.2598518639401903,1.2598518639401903
f023fea4-dbee-4bb2-a0a9-85bf0e96e969.jpg,0.20799847420305956,1.306892957028436,1.306892957028436
ae3c94fe-4b7f-45e1-a8ff-c8e9622515f2.jpg,0.20916555352586386,1.314225932681793,1.314225932681793
9119bbcf-2f22-4a95-8cfd-d685946a9fec.jpg,0.20658893690128038,1.2980365729639756,1.2980365729639756
a7fc0685-7235-4845-a775-071f26d58267.jpg,0.2101250615714787,1.3202546995361208,1.3202546995361208
8d920869-31d7-4876-9172-9d72ecb86c59.jpg,0.20244190235743437,1.271979986449716,1.271979986449716
872dfb81-afe3-4012-a4f9-c861718d4ff1.jpg,0.1881559788318565,1.182218881654314,1.182218881654314
23cbe7be-a4e5-45f1-b1c1-a5edc8f4b4c0.jpg,0.18651855964062877,1.171930673450298,1.171930673450298
e3743bba-06a3-4e94-a740-951ba6f4730e.jpg,0.17782610186679998,1.117314350482498,1.117314350482498
6b5db24e-9115-4ab4-8619-1263120d3af5.jpg,0.18103214737940906,1.1374585285414724,1.1374585285414724
4d0e4cbd-2733-49bb-a2d7-e16001640953.jpg,0.182292499010806,1.1453775513937454,1.1453775513937454
c620dc85-f796-4aa8-9756-a55b7d3a2734.jpg,0.19337416876459343,1.215005735969759,1.215005735969759
fa2a022b-4ec5-4307-9fdd-5bf3ef8d9c96.jpg,0.23318946203476942,1.4651726016459752,1.4651726016459752
ef395b46-014a-41c4-b701-3d35ea7ff49b.jpg,0.5,3.141592653589793,3.141592653589793
ba282455-a02c-4fcd-9b18-279545e9ae35.jpg,0.5,3.141592653589793,3.141592653589793
fc13fc6d-50ae-4485-9fab-8be8de0f6c59.jpg,0.5,3.141592653589793,3.141592653589793
06fd3b1e-5969-4ae7-babe-5d024c4d5a41.jpg,0.5,3.141592653589793,3.141592653589793
e69c3aa3-5162-4a46-9abb-bd742287ade8.jpg,0.5,3.141592653589793,3.141592653589793
85e23380-f2b7-423f-bfc0-e792c6d2b8b9.jpg,0.5,3.141592653589793,3.141592653589793
88b395c1-64f4-4bd7-a23b-75506787e6c0.jpg,0.5,3.141592653589793,3.141592653589793
1c701073-f4d9-49b1-9d44-f78cc5ed0fe0.jpg,0.5,3.141592653589793,3.141592653589793
2f1007a6-c495-49bd-b68d-f3ece3af6621.jpg,0.5,3.141592653589793,3.141592653589793
fc75df19-6149-49ff-8b7e-35b88453d99c.jpg,0.5,3.141592653589793,3.141592653589793
328fc6ff-cbb1-4b36-9efb-bfbb92c85c00.jpg,0.5,3.141592653589793,3.141592653589793
4a34b9a7-ff7f-46fe-81c2-a3bb6847cc42.jpg,0.5,3.141592653589793,3.141592653589793
2f472c66-fcc5-4d86-b590-5c4b4c3c3d9d.jpg,0.5,3.141592653589793,3.141592653589793
ab4fd7af-8b4b-450c-97e8-06f1ce7df6a7.jpg,0.5,3.141592653589793,3.141592653589793
48e82ff0-949d-4dd3-9d35-f3637f88cef9.jpg,0.5,3.141592653589793,3.141592653589793
3b20d1d2-ece2-4ad9-82d5-a8e504f4964e.jpg,0.5,3.141592653589793,3.141592653589793
1b5c2b9d-bfe1-4355-95be-0f4c1a59605e.jpg,0.5,3.141592653589793,3.141592653589793
28cf9ff3-0efe-4e06-80ef-1e317ec05825.jpg,0.5,3.141592653589793,3.141592653589793
446d432b-f5f8-40d3-9e1c-e4eadb178209.jpg,0.5,3.141592653589793,3.141592653589793
556ce602-9312-45f4-a36c-054e939e4e9c.jpg,0.5,3.141592653589793,3.141592653589793
ea708141-4bf5-4890-9264-db44e8dc0322.jpg,0.5,3.141592653589793,3.141592653589793
dd48c4e2-b037-4b6e-bdde-4a9023b35142.jpg,0.5,3.141592653589793,3.141592653589793
073f7f7a-f207-4380-a751-782936ba4f3b.jpg,0.5,3.141592653589793,3.141592653589793
653f2365-b1be-432c-b41e-d71a1ec3a730.jpg,0.5,3.141592653589793,3.141592653589793
8eb9855f-d191-49df-b056-d78867396280.jpg,0.5,3.141592653589793,3.141592653589793
34f08199-f805-4be0-8154-e9bb8d149999.jpg,0.5,3.141592653589793,3.141592653589793
6bfe3b21-35e7-4fbb-8d98-5e7221c4168c.jpg,0.5,3.141592653589793,3.141592653589793
4436031d-cc82-4ca7-adb6-3c08430459eb.jpg,0.5,3.141592653589793,3.141592653589793
152ac02c-8a81-41c6-8325-e2e520929dee.jpg,0.5,3.141592653589793,3.141592653589793
13d78fef-7025-4199-82e3-2bd149d659b6.jpg,0.5,3.141592653589793,3.141592653589793
611872c5-a3f0-4500-a174-11cefaeaea56.jpg,0.5,3.141592653589793,3.141592653589793
e14c3d44-1a70-4945-91b3-75c5424a6b7e.jpg,0.5,3.141592653589793,3.141592653589793
9cd32452-8f57-4a81-bbfa-200ccbccb181.jpg,0.5,3.141592653589793,3.141592653589793
43e32bab-b3c9-4655-bcd8-1cd1a4841941.jpg,0.5,3.141592653589793,3.141592653589793
cecb6c92-2009-4390-a5f4-6f0592928cfc.jpg,0.5,3.141592653589793,3.141592653589793
78100393-3504-4279-bfee-b8285e7ab5d3.jpg,0.5,3.141592653589793,3.141592653589793
dcae7f2a-f7e2-4b97-88c0-12cd3682fd52.jpg,0.5,3.141592653589793,3.141592653589793
8c549b86-4823-4198-8df8-b6ba64061e67.jpg,0.5,3.141592653589793,3.141592653589793
71894307-359c-46b8-a4a2-b382145fecf1.jpg,0.5,3.141592653589793,3.141592653589793
3900d3c7-5b30-4855-a80c-1239a64d3420.jpg,0.5,3.141592653589793,3.141592653589793
c4ed612a-96de-4c17-a2b8-d014018063ee.jpg,0.5,3.141592653589793,3.141592653589793
bc18a805-196d-4e3c-869a-6158bc5d516d.jpg,0.5,3.141592653589793,3.141592653589793
a2fc2e6a-3c5b-456c-97bf-043d6d44ae46.jpg,0.5,3.141592653589793,3.141592653589793
13dc0edd-006d-4da3-a3b9-a3b069d7702c.jpg,0.5,3.141592653589793,3.141592653589793
76b0fd32-ec74-44d2-a838-2973c0b1fd23.jpg,0.5,3.141592653589793,3.141592653589793
3458aa14-d863-49c4-bf32-422e2814b181.jpg,0.5,3.141592653589793,3.141592653589793
9367ed3e-9efc-4025-9320-ee39607efcbd.jpg,0.5,3.141592653589793,3.141592653589793
a57f821d-2c85-4eec-8213-e0378f3e856a.jpg,0.5,3.141592653589793,3.141592653589793
022ed47f-81d8-49dd-8217-024ea0ddef83.jpg,0.5,3.141592653589793,3.141592653589793
8f5749c1-b69e-421f-ad19-b2c43f582809.jpg,0.5,3.141592653589793,3.141592653589793
df4464b4-eb10-4202-8052-cebef4fca113.jpg,0.5,3.141592653589793,3.141592653589793
ab29f9d9-fdbe-46b8-adec-dd9be968b10f.jpg,0.5,3.141592653589793,3.141592653589793
69a9c18f-068d-46c2-80a3-0ddf3d63a62c.jpg,0.5,3.141592653589793,3.141592653589793
a0641802-f4db-4318-9c6b-f8fedcd50861.jpg,0.5,3.141592653589793,3.141592653589793
58cdbda7-3bbd-4ff9-bf40-75fee1bc0fda.jpg,0.5,3.141592653589793,3.141592653589793
cb53e8ce-dedc-4626-a000-7d3862f4e963.jpg,0.5,3.141592653589793,3.141592653589793
f109f6df-8f5a-4f4b-84e4-f647b7d45343.jpg,0.5,3.141592653589793,3.141592653589793
f025a45b-8a93-4a14-9c67-34a3f60c6659.jpg,0.5,3.141592653589793,3.141592653589793
c464b5ff-4119-4b38-ad6c-d4fb241bc5f3.jpg,0.5,3.141592653589793,3.141592653589793
8e38f362-fa0d-4f80-a99c-14b4576fc39e.jpg,0.5,3.141592653589793,3.141592653589793
48b06459-f92b-4e9e-85f3-81939aff3749.jpg,0.5,3.141592653589793,3.141592653589793
b6d9fbde-8dd9-4e2b-9ff0-9cf843f0fcd5.jpg,0.5,3.141592653589793,3.141592653589793
f44e42c0-5d9d-4e75-90fd-da445a81ce81.jpg,0.5,3.141592653589793,3.141592653589793
8ca85267-1681-49d1-bf8f-63f359fb57ab.jpg,0.5,3.141592653589793,3.141592653589793
5ceb1ba7-1340-4208-9223-7ca218487416.jpg,0.5,3.141592653589793,3.141592653589793
41ebe51e-b999-44d6-aa28-5168c88f7a16.jpg,0.5,3.141592653589793,3.141592653589793
c381b689-e5ca-4e4e-9c3b-4e7ff658d588.jpg,0.5,3.141592653589793,3.141592653589793
abc6b780-25fa-4567-b5e4-dbe7355cdfbb.jpg,0.5,3.141592653589793,3.141592653589793
1f5b918f-bc7a-4c68-8f9a-f7cccf39949a.jpg,0.5,3.141592653589793,3.141592653589793
f6befd81-b831-4678-934e-e2b1784e7a4e.jpg,0.5,3.141592653589793,3.141592653589793
b62f0a92-3c61-44bd-9820-d1ebc58c81f9.jpg,0.5,3.141592653589793,3.141592653589793
77e6d406-d1db-4913-878e-7e8037bc4564.jpg,0.5,3.141592653589793,3.141592653589793
e56a397b-8685-468c-bab4-5c6e7bea4b2a.jpg,0.5,3.141592653589793,3.141592653589793
afee89f3-97c5-4ef6-a4de-f222236992b9.jpg,0.5,3.141592653589793,3.141592653589793
a942f481-56a9-4343-bdf0-d84327a00431.jpg,0.5,3.141592653589793,3.141592653589793
9da3ff76-1416-47dc-accb-49b3ab863a1d.jpg,0.5,3.141592653589793,3.141592653589793
19cc21c4-82ce-408c-832c-fa15db747b42.jpg,0.5,3.141592653589793,3.141592653589793
1a080847-a15a-4329-8f4b-d28b2245fbc0.jpg,0.5,3.141592653589793,3.141592653589793
b5a8ceb3-4afb-48ed-97d5-5d96a288ba8b.jpg,0.5,3.141592653589793,3.141592653589793
16258044-efe1-476c-88a9-a71a17c54152.jpg,0.5,3.141592653589793,3.141592653589793
631a4208-4f4f-480d-8605-24698c818d33.jpg,0.5,3.141592653589793,3.141592653589793
c55f87c8-0df8-4e0c-a0e7-9bfd1ba590cf.jpg,0.5,3.141592653589793,3.141592653589793
ae3a3a47-32b2-4125-b9c0-0ff36500a974.jpg,0.5,3.141592653589793,3.141592653589793
72fc4c4c-5572-4704-a5c3-b3b9bb29e744.jpg,0.5,3.141592653589793,3.141592653589793
0e306964-d0a7-442b-9b6a-881f945d1dc1.jpg,0.5,3.141592653589793,3.141592653589793
6933f00c-adae-4e40-81bb-b8f1b25a26e3.jpg,0.5,3.141592653589793,3.141592653589793
87d67d00-b98d-443b-a2c5-f24ab58dd250.jpg,0.5,3.141592653589793,3.141592653589793
62b14f03-7d92-450a-9bb0-7d4d7e90c62f.jpg,0.5,3.141592653589793,3.141592653589793
016af791-d802-4e6f-839a-1a5c347a4db6.jpg,0.5,3.141592653589793,3.141592653589793
84b94f87-3ce4-4b63-802e-53cdb3401bf6.jpg,0.5,3.141592653589793,3.141592653589793
0cb31738-ae17-43f7-99e0-50b4ea113d41.jpg,0.5,3.141592653589793,3.141592653589793
2106601f-a225-4d2b-8272-5393e5276ada.jpg,0.5,3.141592653589793,3.141592653589793
9eda6eb0-d796-4342-85d0-97c8525a254e.jpg,0.5,3.141592653589793,3.141592653589793
97d9dd10-11e1-4518-b02e-cfee4bbc674b.jpg,0.5,3.141592653589793,3.141592653589793
9e4af5c4-ba85-403a-97a4-5c643ccdd82e.jpg,0.5,3.141592653589793,3.141592653589793
735a114b-d02f-418a-bda7-4f1e7577da1a.jpg,0.5,3.141592653589793,3.141592653589793
ee36c27f-fce2-451c-848b-feb51f51245a.jpg,0.5,3.141592653589793,3.141592653589793
cd28a80b-0698-471f-8776-cd63929759f2.jpg,0.5,3.141592653589793,3.141592653589793
c6a5800c-6711-4d62-97fa-b39849c64702.jpg,0.5,3.141592653589793,3.141592653589793
f142d331-4e16-4f4d-974b-60e89e58f9a9.jpg,0.5,3.141592653589793,3.141592653589793
cf647344-97bf-4293-b83d-3e0db4dcbbe7.jpg,0.5,3.141592653589793,3.141592653589793
e3828b56-6f18-453c-ac66-d754a62e78dd.jpg,0.5,3.141592653589793,3.141592653589793
8f3afeb0-54e1-4a78-8454-3da64c66eb34.jpg,0.5,3.141592653589793,3.141592653589793
9369a783-e768-431c-85df-8e9bec409145.jpg,0.5,3.141592653589793,3.141592653589793
52ec2267-093e-4f6f-aa73-57ee49e60ef1.jpg,0.5,3.141592653589793,3.141592653589793
7b454ce7-0e8e-47cb-8cae-42f3ff01936e.jpg,0.5,3.141592653589793,3.141592653589793
e68dbcf6-0732-4ff7-82e7-15fbc7732f11.jpg,0.5,3.141592653589793,3.141592653589793
f425e6d1-0e40-40d7-b289-24ee60bf6804.jpg,0.5,3.141592653589793,3.141592653589793
0654f30b-8529-4238-a95c-a2cdec31f37b.jpg,0.5,3.141592653589793,3.141592653589793
ade4b12c-cd40-4f01-a4b2-6195cdfe024e.jpg,0.5,3.141592653589793,3.141592653589793
bce177af-693f-4b5b-b369-6aafa36b8886.jpg,0.5,3.141592653589793,3.141592653589793
961b982b-6fba-4e13-b556-623177b940ba.jpg,0.5,3.141592653589793,3.141592653589793
8bd7c0b0-c5db-4417-b474-e8d786b54f7e.jpg,0.5,3.141592653589793,3.141592653589793
99cd0876-05c1-4c31-a979-629daee6fd63.jpg,0.5,3.141592653589793,3.141592653589793
2454ea98-cd91-4ad7-9523-bd8fbfc48fb7.jpg,0.5,3.141592653589793,3.141592653589793
2b4e6d43-a602-49e5-84d0-5f96b703e54b.jpg,0.5,3.141592653589793,3.141592653589793
e7c1d47d-ae66-4212-abb9-5600df39103b.jpg,0.5,3.141592653589793,3.141592653589793
f35552dd-b63f-4b25-89a2-4ca4a1547a78.jpg,0.5,3.141592653589793,3.141592653589793
a0ae5de5-2165-4fe1-b31f-bb0dd1247be5.jpg,0.5,3.141592653589793,3.141592653589793
22d75d0a-589a-484d-9eec-8c2b2d062bea.jpg,0.5,3.141592653589793,3.141592653589793
3458374c-bf59-4c54-8fa8-b7d96ffe14cd.jpg,0.5,3.141592653589793,3.141592653589793
086b0260-a90f-48de-9c6a-a47ab7bce3f0.jpg,0.5,3.141592653589793,3.141592653589793
0ac15fdf-e39e-4dbf-b61b-8901b53c0552.jpg,0.5,3.141592653589793,3.141592653589793
1ea331b7-eb53-4faa-a64f-caeaec511ea5.jpg,0.5,3.141592653589793,3.141592653589793
c7d3988b-4803-4a80-a07d-685179ba5bf7.jpg,0.5,3.141592653589793,3.141592653589793
37973302-4876-4c33-97cb-73c75e052600.jpg,0.5,3.141592653589793,3.141592653589793
faf04a8c-2584-4854-962d-389d2198d76f.jpg,0.5,3.141592653589793,3.141592653589793
1aa6faa4-1bff-498e-91b1-0a9d0eef945d.jpg,0.5,3.141592653589793,3.141592653589793
9843f127-0426-4780-8b19-d68e20dfac67.jpg,0.5,3.141592653589793,3.141592653589793
b5efc1d4-a1ec-4c94-b936-73be2235b3c7.jpg,0.5,3.141592653589793,3.141592653589793
92243956-5b57-4668-9c36-3e0cce4b470e.jpg,0.5,3.141592653589793,3.141592653589793
53f62bf2-9135-4c25-8581-8b002ff83158.jpg,0.5,3.141592653589793,3.141592653589793
6b88af4b-27a3-4584-afd5-7c99ec70d046.jpg,0.5,3.141592653589793,3.141592653589793
cea5cf96-da3b-40a8-bb92-2702e29ecd6f.jpg,0.5,3.141592653589793,3.141592653589793
68d69050-6694-4888-8223-3ce0703df7c8.jpg,0.5,3.141592653589793,3.141592653589793
825d295d-a417-49a6-a0f5-3f7be99a7c03.jpg,0.5,3.141592653589793,3.141592653589793
6b419efb-0ac5-4db3-b1e4-b17cce6fe2d7.jpg,0.5,3.141592653589793,3.141592653589793
8010f2d6-374f-419c-81b4-de85df6163e2.jpg,0.5,3.141592653589793,3.141592653589793
7b56c04c-4b09-4413-a5b0-333168b16863.jpg,0.5,3.141592653589793,3.141592653589793
2865d4d3-4b82-4e5e-987a-d6ef3809b68f.jpg,0.5,3.141592653589793,3.141592653589793
310ef38c-bb27-4f5b-945d-b1092d099dcd.jpg,0.5,3.141592653589793,3.141592653589793
7708c8a1-6bb1-4f33-ba2b-ce15fea70fa1.jpg,0.5,3.141592653589793,3.141592653589793
8afe1084-2b34-4c69-bc8a-e95f81ad1f7e.jpg,0.5,3.141592653589793,3.141592653589793
b091a765-7498-4f22-8644-7884793f7eda.jpg,0.5,3.141592653589793,3.141592653589793
89ae2ce2-067a-4c61-9a9e-bf8ae1357a14.jpg,0.5,3.141592653589793,3.141592653589793
e8c8afc9-755a-4f06-a189-295a427df860.jpg,0.3593551154197795,2.257894781265383,2.257894781265383
ee8abeef-c849-4890-9464-26d16701245e.jpg,0.2829976428159136,1.778126631307405,1.778126631307405
db125f21-62d2-47d9-9ddf-47e5eae236c7.jpg,0.21617728602593086,1.3582819473040877,1.3582819473040877
287b2d13-23b5-4247-a63c-ae7a92f6c7a2.jpg,0.16528060790296578,1.0384886871376249,1.0384886871376249
efb144d5-cb69-4ae7-bf33-7299816323b3.jpg,0.14395440930753603,0.9044922294648267,0.9044922294648267
175d2b2c-e712-4512-a93f-5d259e8f6d17.jpg,0.14004181605024663,0.879908680997656,0.879908680997656
d58cd784-5fa5-4668-87a0-c33fda6eafec.jpg,0.10667938160695314,0.6702863230918122,0.6702863230918122
905f3781-4e5e-4f74-8a2b-83b2d93a8fef.jpg,0.086494440848943,0.5434605998947925,0.5434605998947925
6c3b9f51-6fda-410d-aa3a-bacd4a934911.jpg,0.08025961151034931,0.5042860118017684,0.5042860118017684
591bf23f-cec6-457d-bc39-df752560c895.jpg,0.07277871909973106,0.4572821785227805,0.4572821785227805
ac0ce290-276b-4111-9dc4-7d1f51a62cd8.jpg,0.070266380972779,0.44149669251684825,0.44149669251684825
431d6e9f-7887-4613-b559-757dbd2e5c2c.jpg,0.056980789927214,0.35802086206215755,0.35802086206215755
62d36f26-2c0d-4c86-a81a-99a715703fd7.jpg,0.04836195850595192,0.3038671471110259,0.3038671471110259
fbc611a0-1afe-4b6a-a760-112f21537299.jpg,0.04192367871207617,0.26341424210663456,0.26341424210663456
7966121f-4ed2-4b6e-98af-f72af6fec7c2.jpg,0.03949313446082754,0.24814268217873942,0.24814268217873942
b75b7a35-c7fd-42a8-a93f-4e1622eb34c8.jpg,0.031529055725656265,0.19810289968468986,0.19810289968468986
7f8c69f8-8991-407e-bd6a-d8840ebb3b0c.jpg,0.036982902983015244,0.23237043263972948,0.23237043263972948
d99a68c7-d595-4f98-8e59-59ef01ed345f.jpg,0.04105202420086587,0.25793747528886124,0.25793747528886124
8dfb4317-c5f3-4c7a-aca5-8b16e5e15758.jpg,0.045189881855862694,0.28393640170993784,0.28393640170993784
959b4350-ab1d-4dd7-b497-61c8a8dee2eb.jpg,0.03727104087581497,0.23418085641421038,0.23418085641421038
b0d2a1d1-17b0-4f40-8a6d-6e3cd960c71a.jpg,0.035057362373327086,0.2202719041725592,0.2202719041725592
b7d24a8f-2b60-4502-bf58-6ca1df349b23.jpg,0.02893379007541311,0.18179636468285418,0.18179636468285418
89162f72-8812-407b-8e84-cb2038b036f4.jpg,0.022997810990587616,0.14449950811335333,0.14449950811335333
45b904a9-bd7c-49d0-98a4-9a2967b2a841.jpg,0.024200829480349552,0.1520582962124909,0.1520582962124909
b80f9800-098a-4a61-a0f1-4772368062ee.jpg,0.027879398867574987,0.17517142933774635,0.17517142933774635
0cf31ecc-d888-409d-9a9b-468c13142658.jpg,0.03261666927695472,0.2049365771700977,0.2049365771700977
618f8709-0156-431b-bedf-bff15cc02b05.jpg,0.030990682635345466,0.19472020179386818,0.19472020179386818
4d8fb651-9e0d-4774-9dbe-6e6a9dc6b06e.jpg,0.029717686565308335,0.1867217315905135,0.1867217315905135
622b914e-0585-4b30-a386-51f0a3c0c272.jpg,0.03305351890041645,0.20768138430567937,0.20768138430567937
880f3ca4-5ed9-49a7-8b04-2e0395aaa7ca.jpg,0.035616598835190486,0.22378569049297842,0.22378569049297842
c10073cb-d360-4794-a8b2-2f91ffc38695.jpg,0.03501616369889048,0.22001304526666388,0.22001304526666388
370a5f73-3a6b-4194-acae-3fcd3be9a40c.jpg,0.028823612677524677,0.1811040996752583,0.1811040996752583
f916ba16-6383-4909-937d-8e703d3c0820.jpg,0.03329158050879021,0.20917716950561696,0.20917716950561696
cab3f344-0715-46d8-848d-0e9420809b0e.jpg,0.024810342802826787,0.15588798136481005,0.15588798136481005
098429b0-b89f-445d-abf0-851e36d6eced.jpg,0.032995188796640464,0.20731488545466786,0.20731488545466786
2d154274-2d80-4fe5-b077-9af192db5e9d.jpg,0.03228673322605753,0.20286352782279166,0.20286352782279166
18efd4c3-a286-496e-b6f5-873a2ee9d42c.jpg,0.029182500373752432,0.18335905757512405,0.18335905757512405
66070851-285b-4cfb-bd9e-f3de736b1d2a.jpg,0.017419306293074418,0.10944872936190608,0.10944872936190608
a77ab2ce-3167-4c83-af1b-3bd9279dcd7c.jpg,0.027501180271813544,0.17279501181395596,0.17279501181395596
4d5e25a1-cd71-4ecf-a800-fdd541e669eb.jpg,0.030783787872708333,0.19342024366113414,0.19342024366113414
1f215a82-1cca-40f4-bc14-9ec30d71f116.jpg,0.026994222297448408,0.1696097009180674,0.1696097009180674
4075a141-366e-4433-9ab0-fc237414c2fc.jpg,0.02808704105486762,0.17647608367809406,0.17647608367809406
56098790-acba-4ba3-8939-a6d5e7181dee.jpg,0.029214289597888812,0.1835587951611444,0.1835587951611444
be1b8095-58e7-4f3c-bb82-33cf371e566b.jpg,0.0219265639498097,0.1377686644463779,0.1377686644463779
4077438a-d5a0-4261-91b7-dbb1148d113a.jpg,0.020535202614713935,0.1290264833487264,0.1290264833487264
1da763e9-629e-4ee8-bf45-ae0982e2c271.jpg,0.026000709122315037,0.16336727353358008,0.16336727353358008
d2e2761e-7667-4c7c-bb94-c3bdddfd249a.jpg,0.025787629695718607,0.16202845601112714,0.16202845601112714
3c250112-8905-4e20-a548-4ef7287755c2.jpg,0.01868198505563893,0.11738237401053912,0.11738237401053912
dd4fda6e-6773-4203-98a3-e57412f604b9.jpg,0.021064829533867416,0.13235422742543837,0.13235422742543837
a577c32e-91ea-4138-9d1d-455af97099a0.jpg,0.022540969222227626,0.14162908662668788,0.14162908662668788
5e9ad890-784e-45e5-9155-9b66a4b59e9e.jpg,0.02742733222054242,0.1723310108232454,0.1723310108232454
6cbe3ef8-ac90-4229-9174-51edcca2855e.jpg,0.028217356827672044,0.17729488182707256,0.17729488182707256
2e5202d8-943a-4dbe-a308-d3d085e2faa3.jpg,0.02708907262649033,0.17020566311188476,0.17020566311188476
320726a4-f357-4e22-a756-affcf90d71f9.jpg,0.024628172212239337,0.15474336978663078,0.15474336978663078
fa23648f-3e0a-4c51-b102-064d666aa419.jpg,0.02565383325605204,0.16118778818726123,0.16118778818726123
7c13694f-c62d-44d8-9dc3-7616af9094d4.jpg,0.018306011635935888,0.11502006334397091,0.11502006334397091
bd622164-711c-46dd-8a24-f0f39f3c9484.jpg,0.0248341027631882,0.15603726959865205,0.15603726959865205
38451932-6ae9-4e63-9ab7-fdb6feea9302.jpg,0.03280673096783,0.206130769993663,0.206130769993663
d3bdf501-ee8b-4389-99aa-e1d48128fb00.jpg,0.03453402021783624,0.21698364843055143,0.21698364843055143
8cbcb2fe-e077-490f-851c-ccc7f1f1dd65.jpg,0.027730418846718483,0.17423536025963746,0.17423536025963746
651997e7-d0ce-4b3e-9f33-338c021c7a49.jpg,0.03136287699018229,0.19705876789559407,0.19705876789559407
36856fa8-9395-416f-b78e-99128a7dcede.jpg,0.026255648802212535,0.1649691067845291,0.1649691067845291
0779165c-52ee-4f50-a56c-6a55a13cc01c.jpg,0.027382617387679734,0.17205005924238956,0.17205005924238956
74012244-bbac-40d4-ab73-89c568f12759.jpg,0.025039171173558136,0.1573257524216551,0.1573257524216551
919f2933-7442-4bfa-b422-5423c4eb4324.jpg,0.02530843209107902,0.15901756866242003,0.15901756866242003
251f6318-e64a-4a8a-a571-8cf1ef5cf4d8.jpg,0.026539263646532432,0.1667511114072579,0.1667511114072579
0f2068ed-058b-4fce-b3a0-3c403d9c2edc.jpg,0.02566283402936871,0.16124434171391777,0.16124434171391777
f4e91771-2cf0-47af-a847-3a4fcf6295ae.jpg,0.02576162254628829,0.16186504827194495,0.16186504827194495
4e348196-6aeb-49ae-a753-7d54c8b794c5.jpg,0.02302453333697607,0.1446674095675546,0.1446674095675546
62f20315-3cc7-4c67-bba2-de6505f85848.jpg,0.01399106153470238,0.08790843226668747,0.08790843226668747
0c8d9e23-c2bf-4277-8242-e4c8cd8cb5f2.jpg,0.026264691751135917,0.16502592530833807,0.16502592530833807
a8a36de3-362f-40b6-90c4-2f6faf699ad6.jpg,0.02743488864038227,0.172378489209358,0.172378489209358
0441a042-e21e-4147-be13-0862cb4cdbd9.jpg,0.027335981253435723,0.17175703576892395,0.17175703576892395
7e30e819-112d-4d76-b71a-860ac0b69def.jpg,0.028790444427767195,0.18089569741571723,0.18089569741571723
7e361bb5-545f-4f22-8cf8-3d79bf11cf94.jpg,0.031997673872784696,0.20104731434140494,0.20104731434140494
ef93a90a-c5bc-4abc-ba9f-55f20c2cdd09.jpg,0.02768230947823006,0.1739330801824133,0.1739330801824133
a0a9f292-2ae5-47f1-8008-f62ed2c93616.jpg,0.032414359984761124,0.20366543039788101,0.20366543039788101
809e4c7f-67ea-4007-9e71-b3743296c514.jpg,0.029711987088001376,0.1866859207184398,0.1866859207184398
8353386e-aa6e-4702-aef7-137418b3be10.jpg,0.022544527633462555,0.1416514447838761,0.1416514447838761
1f22584f-c455-47a5-bc47-b903ab975549.jpg,0.024341222936348213,0.15294041431244584,0.15294041431244584
96b9aaa1-dba5-4e23-b700-76aaa79be3cf.jpg,0.026662554075060532,0.16752576801630154,0.16752576801630154
ae97061e-11ff-4fea-b2aa-f3651061cc0c.jpg,0.030204664377493914,0.1897815034249604,0.1897815034249604
8d9c5835-496f-4804-a4ff-861f6099424e.jpg,0.02989392637237057,0.1878290789567871,0.1878290789567871
7edb2cad-54a1-4990-89a9-e207a1214735.jpg,0.03298189537322619,0.20723136041198917,0.20723136041198917
ffb42612-093f-49fc-ae84-58549bca807e.jpg,0.03806030715489165,0.2391399627023573,0.2391399627023573
782d17aa-2944-4f03-88fb-d0c652580eaa.jpg,0.035719850573237746,0.22443444029641774,0.22443444029641774
ce5044c3-a454-4e71-8b2c-f221f8b47b3b.jpg,0.04146285223845136,0.2605187839783958,0.2605187839783958
a3df2ce7-16cb-4adb-9ccb-50c58e08faa5.jpg,0.04039145497251039,0.25378699641888314,0.25378699641888314
673de18c-af1c-47c4-b2a8-9318b2b829db.jpg,0.03184915993135269,0.20011417372668802,0.20011417372668802
68a7452e-6b1f-4d6e-a000-369ec5930a81.jpg,0.03377179682261088,0.21219445759288294,0.21219445759288294
22a95378-d7f2-45cb-b189-84e5336c1ccd.jpg,0.03167656644071092,0.19902973684217282,0.19902973684217282
d646b7d1-ecdb-4d22-8d1f-36b1ca966be8.jpg,0.03408144649175974,0.21414004384445204,0.21414004384445204
395dac2e-bfca-4b08-afd5-a207c37b3a3d.jpg,0.04053866561482636,0.25471194816374326,0.25471194816374326
746d1556-72f7-46a0-b658-2285f9ffd109.jpg,0.04196891256504372,0.2636984547869874,0.2636984547869874
6c0d6f66-8ba0-47b8-95ec-1cba7d28225c.jpg,0.044158056396176676,0.2774532511420648,0.2774532511420648
ef25e90b-a11e-47df-91bb-114ebfca53a0.jpg,0.03774588573583999,0.23716439466190936,0.23716439466190936
2377d047-265f-4c0d-a93c-cf23327b2cca.jpg,0.03423297922976002,0.21509215211741212,0.21509215211741212
028c5227-5e92-4dbb-aefa-d329287c38a7.jpg,0.0346008537671046,0.21740357600534108,0.21740357600534108
30a9fb02-0ee1-4047-b861-d6f37b0d7d52.jpg,0.03201481872194563,0.2011550386057467,0.2011550386057467
12b6c607-b42f-4fe5-a33f-292091d63414.jpg,0.040495254179329636,0.2544391860700667,0.2544391860700667
e76644d6-1a2d-41f8-9c54-a0a7e36caadc.jpg,0.06296149964652127,0.39559876949701517,0.39559876949701517
6952c493-50ef-4320-ac46-94e91df02e2f.jpg,0.06140812383025365,0.3858386213917144,0.3858386213917144
95c704cb-7cb4-45b8-a1c8-ddd7aae451f4.jpg,0.09352926279156254,0.5876616897632841,0.5876616897632841
7a23f23c-f48a-4e82-aa32-2d7acc672940.jpg,0.11280641993999546,0.7087836403225097,0.7087836403225097
7aba26f4-a9b1-45e5-a1d7-5003de5a8968.jpg,0.14168234462226645,0.8902164260173792,0.8902164260173792
4dccda56-f7ba-4566-b2f3-16e55a79ab42.jpg,0.15046577141065126,0.9454043241608463,0.9454043241608463
10871637-e524-4995-a81e-4139919f21b8.jpg,0.1554236674626343,0.9765557037891898,0.9765557037891898
a0d5c9ee-e572-46be-974e-da9ae26e58fe.jpg,0.16178220208463875,1.016507555101361,1.016507555101361
38d31f94-b8d8-4b89-a731-f51dc8123b00.jpg,0.16847610615526382,1.0585665948055818,1.0585665948055818
d7145171-6e88-4bf8-9711-1025609269a4.jpg,0.1750181359309686,1.0996713801714215,1.0996713801714215
36d3e4bf-b411-4bd1-bd47-4c72e2759183.jpg,0.16476703191066827,1.035261794008701,1.035261794008701
231e6165-37ea-4911-8ad6-19371957adf9.jpg,0.16769742165461876,1.0536739757922005,1.0536739757922005
068836b9-1f6c-4c46-83d5-015cb9f511c4.jpg,0.17532818346937593,1.1016194663092695,1.1016194663092695
24985675-b6e8-4b0a-932c-cbcdcb8b3c52.jpg,0.17378382788328703,1.0919159939816951,1.0919159939816951
5ead4e37-b097-4b2c-b9da-950e0ce2b037.jpg,0.16898130148115972,1.0617408306545069,1.0617408306545069
cf97d887-eba1-472c-8a80-717189b1337e.jpg,0.16504187477959137,1.0369886826845016,1.0369886826845016
7f406f2a-6691-475c-8a8f-3eaefe1356dd.jpg,0.18065846457360052,1.1351106102264705,1.1351106102264705
b79fd6eb-d23e-409a-af9f-e2745e25ca01.jpg,0.17024273625353487,1.0696666590822597,1.0696666590822597
23e18eb0-6c18-4ea5-9d70-95090299275d.jpg,0.1744141178531827,1.0958762226598062,1.0958762226598062
71a04f0f-f0e1-460c-ab3c-22fb1cfe1871.jpg,0.1733985213017199,1.089495041329633,1.089495041329633
f74c764c-bd06-4fbc-9795-118ed730903f.jpg,0.17062238414063824,1.0720520571084093,1.0720520571084093
65eeaed8-aa53-46de-8ffb-bfdf1238efa5.jpg,0.18050062695757074,1.134118887236512,1.134118887236512
313dfa7b-e4c0-43fa-8ccb-e294d483d15a.jpg,0.16815835869677329,1.0565701286430005,1.0565701286430005
7ce95038-1eb4-4114-9e2a-e5fd793902ef.jpg,0.17227114042427344,1.082411498364866,1.082411498364866
60905f52-3105-4ab4-a361-d77673e57553.jpg,0.17619625875135786,1.1070737441665444,1.1070737441665444
12c82422-72de-4c53-aaac-4e744331e624.jpg,0.16800284709128419,1.0555930204082955,1.0555930204082955
7ca3ea1d-6618-4dbc-b98d-669684ddb9da.jpg,0.17912239888256665,1.1254592248457038,1.1254592248457038
71517978-c9d0-417e-a0ee-adf736ec8967.jpg,0.17888445307480827,1.1239641672424914,1.1239641672424914
4be4ea1e-da0f-4937-9883-71889860e5aa.jpg,0.17808161106414475,1.1189197621171039,1.1189197621171039
3520aeab-6dfe-4b0a-aa87-27b6bcd7f72d.jpg,0.17835318536187988,1.1206261137544409,1.1206261137544409
9fbda8db-fd85-42f5-9dfb-83f1a2307e59.jpg,0.17457674812175636,1.096898058773811,1.096898058773811
3e9b11fd-be69-4f85-86eb-1af5a8e73a13.jpg,0.17814377180628613,1.11931032957881,1.11931032957881
a23e4cdc-ccec-4f11-a003-1e5a1e8bdce2.jpg,0.17048277269944398,1.0711748525523834,1.0711748525523834
dd554e3f-43b1-4132-97c7-2c758ec71af7.jpg,0.172753501735986,1.0854422638713703,1.0854422638713703
6b84fbf4-7aa0-4361-872b-64da741587f6.jpg,0.17132065286142267,1.0764394088753053,1.0764394088753053
37e497a1-d727-4116-800b-ece87ce193bc.jpg,0.16414470994532504,1.0313516297797212,1.0313516297797212
a97851c8-cfda-401f-9e3c-91c285ea656b.jpg,0.17157222530227795,1.0780200851393784,1.0780200851393784
bf36b30e-534c-4b97-a99e-ceab5f3599b6.jpg,0.1764360961541298,1.1085806870117532,1.1085806870117532
4da2a87b-acf8-4063-a619-6475a2e8b6f7.jpg,0.1629609798465873,1.023914034215666,1.023914034215666
0dfbae3e-186a-43d4-a367-c9311929fe4e.jpg,0.1706616995742055,1.0722990832629447,1.0722990832629447
5e078889-a542-416d-82a7-68fb41dfc6ea.jpg,0.1681932371239288,1.0567892762640416,1.0567892762640416
5d9ff841-a71a-448d-a7cc-69f72a250728.jpg,0.16992856606580764,1.0676926695747782,1.0676926695747782
2be4fb54-6321-431d-af46-7e8384de9ea1.jpg,0.16738521410802804,1.0517123179226708,1.0517123179226708
70b9ebf2-76bf-4cb8-b6c6-dbdd505463ae.jpg,0.17106587623478864,1.0748386001182255,1.0748386001182255
85520711-5d40-423e-91a9-e7a96c7c7978.jpg,0.15052420718821938,0.9457714869798759,0.9457714869798759
5e3541ad-6962-411c-864c-005199a56106.jpg,0.10745556985902052,0.6751632577128074,0.6751632577128074
3927bdb1-a7da-44e6-abd6-1530de48ced1.jpg,0.0858785240301359,0.539590680388419,0.539590680388419
4e29b42a-4df8-4e7a-b229-d40ae8eafab9.jpg,0.07929006101698793,0.49819414638731147,0.49819414638731147
85c4fa9f-afce-43dd-9302-11bc083cee74.jpg,0.05902255967140834,0.37084967971952326,0.37084967971952326
6f9d0355-4532-47b0-a47c-39bd6aae18e1.jpg,0.041934237092635655,0.2634805823682336,0.2634805823682336
b3b099b0-1684-4acf-98eb-b8234c9bdcee.jpg,0.04646129298914484,0.29192491346196076,0.29192491346196076
df0b7f0d-2f15-4808-b168-8830268ab22f.jpg,0.03596716793961026,0.22598838113901984,0.22598838113901984
3525f303-8b1e-44fd-b955-47c067846328.jpg,0.03077425513227575,0.19336034768651097,0.19336034768651097
29f5e511-6b5d-49d7-90dc-60629a80691c.jpg,0.033011280410546455,0.20741599204673078,0.20741599204673078
04569b7c-b555-4f84-9627-0d5aba49f886.jpg,0.03192712308153452,0.2006040306464119,0.2006040306464119
f16cd7fa-0802-42c7-a811-ea3d73a4632f.jpg,0.037329461563003576,0.23454792441758918,0.23454792441758918
1b24cb01-87c2-497f-a890-e9b0f36ab152.jpg,0.03482684765043893,0.2188235374526198,0.2188235374526198
4f76a8f9-6980-4b18-ba85-7020b768bad5.jpg,0.03446911661758774,0.216575847083087,0.216575847083087
5c47123a-11af-4b0e-a53b-2b43862d9cec.jpg,0.034632054367056776,0.21759961515653575,0.21759961515653575
72ed4203-5c58-4cfe-86d4-14206cdb3aab.jpg,0.03985024668288724,0.2503864844453991,0.2503864844453991
4ad8a0b1-71a9-4b51-90c3-10e51c1dfbbf.jpg,0.03161269192339277,0.19862840141345622,0.19862840141345622
f7b21004-3d32-4e49-8824-76abb629bbfa.jpg,0.036314504147529715,0.22817075889727084,0.22817075889727084
a9eb340d-0953-4d4a-a234-9045691d924d.jpg,0.040558677180421714,0.2548376845386657,0.2548376845386657
0ef2ce0e-83ea-4045-945d-b0e9501967e1.jpg,0.03666966760455488,0.2304023167120985,0.2304023167120985
0962be94-043f-4e59-8487-5dcfaafed37a.jpg,0.03168404535577003,0.19907672825138586,0.19907672825138586
f978642d-30ee-40b1-8aed-f84d1f964c5d.jpg,0.027770792998077495,0.17448903853424624,0.17448903853424624
387c5043-641f-4704-926b-afe8ed3f1711.jpg,0.0274464381600901,0.17245105698189123,0.17245105698189123
6471d39d-d09d-4464-b4a0-43e928681d78.jpg,0.027530500183992054,0.17297923425536377,0.17297923425536377
dac30157-fe7c-4778-9f7e-c6b5f4b1d752.jpg,0.02859914643137136,0.17969373665547003,0.17969373665547003
0dde5711-feee-445e-85fb-807a9dddbdf7.jpg,0.026726582111372684,0.16792806803330562,0.16792806803330562
cc06d2c9-3824-4c0f-bd6b-369bc5ab689d.jpg,0.021262960490582662,0.13359912094156903,0.13359912094156903
183ea43f-0951-4d95-b273-28fed77e2e35.jpg,0.02474368413130127,0.15546915257928481,0.15546915257928481
69c2cd17-a699-445c-a7f1-43142f26a474.jpg,0.02614831596156608,0.16429471465720144,0.16429471465720144
941e96ea-2d4e-4a38-8146-2b910ff34170.jpg,0.0252001223369445,0.15833703840661778,0.15833703840661778
580f56b0-7e31-4ba6-b25a-1cd9dc087715.jpg,0.011688569574941722,0.07344144861522017,0.07344144861522017
2a74869b-74a4-4181-af42-5b3f435fa901.jpg,0.02476433051799879,0.15559887765282904,0.15559887765282904
deeca8b5-92d5-4918-b1e1-3ea69d955f52.jpg,0.01960417051342385,0.12317663612938802,0.12317663612938802
aaa6601b-7951-49b1-ba83-fe22dd109da5.jpg,0.017945419585567165,0.11275439667120839,0.11275439667120839
ee467867-420e-4a74-b199-a0f5e0095ce1.jpg,0.020063451050696953,0.12606238085305593,0.12606238085305593
dfa3a2af-5dce-4824-ba91-ed57c6812837.jpg,0.017055045740670773,0.10716001281105839,0.10716001281105839
468beca6-83e3-46a6-8dd6-a610fca4be53.jpg,0.022820011898927274,0.14338236347300318,0.14338236347300318
f1c01dc9-243e-4bfb-9f64-1b43d2999fa4.jpg,0.027132811753725984,0.1704804841534807,0.1704804841534807
ac9754d7-d4a5-4c66-83b9-fa4a9c0d7999.jpg,0.016777998214730912,0.1054192718666826,0.1054192718666826
ab957ee2-7a73-4477-b2c6-fc1745cdc448.jpg,0.018030037167221326,0.11328606461698688,0.11328606461698688
21f39879-5c7a-448f-8218-6469f67f1e66.jpg,0.0248781462285715,0.15631400285322566,0.15631400285322566
00b554ac-f916-4e23-8d38-17dc04f97f08.jpg,0.0303923647163982,0.19096085943651644,0.19096085943651644
0b5598f6-3adf-45f7-9640-7615b342ea94.jpg,0.06562996325505109,0.41236522083487315,0.41236522083487315
c098b1be-1fe9-4b1d-aa50-378d90f93d7f.jpg,0.1438813862250245,0.9040334119057053,0.9040334119057053
5410cbe9-ccea-4043-b4f0-5241eb932612.jpg,0.22758470614069248,1.4299568817619828,1.4299568817619828
942928b7-cc7c-4524-a1ac-e79826a791df.jpg,0.2777770452206731,1.7453246492022927,1.7453246492022927
a8f7bb6d-7a0c-421e-a15e-a726c0d017cc.jpg,0.3106056695003819,1.9515929789314779,1.9515929789314779
8923c06d-d40b-45ea-a3f9-80c61471f0a8.jpg,0.3338969482723493,2.0979363994969273,2.0979363994969273
9518e7fb-1004-41a8-9b49-10c9083fe82f.jpg,0.3600703469270627,2.2623887133631766,2.2623887133631766
3b31d736-7cc2-4031-a61e-f2469f673454.jpg,0.39319755568527526,2.4705331047006487,2.4705331047006487
64cb94d5-b5b3-4fcc-91a3-e038a9db32d7.jpg,0.4049607629864976,2.5444435159809964,2.5444435159809964
2ee363cf-0467-4451-844b-8d8bbaae4652.jpg,0.4135488888204487,2.5984043020370877,2.5984043020370877
30121bad-6bdb-40d7-97b0-29f33b77b3f0.jpg,0.41350584769251736,2.598133866654465,2.598133866654465
942d91c6-d351-4d2c-98a6-f9b92212f257.jpg,0.40652675428564095,2.554282929502945,2.554282929502945
f0319897-7843-465c-9647-32b48291eb42.jpg,0.40297413275265437,2.531961150084914,2.531961150084914
57b2cf67-1471-42f9-a94f-562f72d68355.jpg,0.4093810560642561,2.5722170365005965,2.5722170365005965
d4b7695f-bc52-40e3-8604-8ce0fba8b827.jpg,0.40221444831893616,2.5271879120128826,2.5271879120128826
677df8cf-f86e-4072-baf9-fb9fe87ef315.jpg,0.41311498018238424,2.5956779736577427,2.5956779736577427
46d6c4ff-62f4-4b92-b969-800a9faa4cff.jpg,0.41472204991932526,2.6057754906165034,2.6057754906165034
36db7b0a-4363-48f6-ac03-fe9af56a5f02.jpg,0.41806568081497847,2.6267841431327033,2.6267841431327033
a0c3d7c0-4117-4511-a3bb-8494ee1a300f.jpg,0.43003581733086377,2.7019947290142476,2.7019947290142476
28a1b0f7-a9a7-4b9e-8000-56deb6231dc1.jpg,0.4456686709809418,2.800218845377707,2.800218845377707
845d29bd-59ac-4615-9a51-32026d66b984.jpg,0.4468716058000295,2.8077771077584934,2.8077771077584934
b67f03b0-9760-4421-817e-b45c5cf87870.jpg,0.44578166314823225,2.8009287961030527,2.8009287961030527
28b089e0-08b2-4f66-b8c1-8caa2cadeb82.jpg,0.4543105995729586,2.854517684132762,2.854517684132762
a8303ebf-43c1-40b3-b917-f005497687d6.jpg,0.45108272736395777,2.8342363648957147,2.8342363648957147
d6aa2dcb-7e61-40f4-91bb-6469b3654667.jpg,0.4645635279737632,2.9189387332162617,2.9189387332162617
8e7ac113-e2af-43cd-80bc-4a51c45f6e9e.jpg,0.45601586255564164,2.8652321674504333,2.8652321674504333
abe18e81-f372-4911-a424-c136fe460390.jpg,0.4681917814876379,2.9417357223853617,2.9417357223853617
df27d4fb-5865-4c29-9280-23cde44931d2.jpg,0.45822865165531146,2.8791355314093656,2.8791355314093656
87a4dec2-0966-4895-9925-77f5ab1607ab.jpg,0.4620928604198021,2.903415071142288,2.903415071142288
2bb1f77f-4b5e-4bbe-8047-6b2cf16c0d2d.jpg,0.4626561381142831,2.906954249276113,2.906954249276113
235c8363-24cd-405e-953e-cb9f67d9b762.jpg,0.46956590086704747,2.9503695690803786,2.9503695690803786
858bd6fd-f7b4-47b0-9af7-ab1c4d508e83.jpg,0.4583013823266035,2.879592511694609,2.879592511694609
fcd0a458-faad-4f76-81fb-7f2d9e41014c.jpg,0.4677077792370807,2.938694646556019,2.938694646556019
fef634fb-cba9-4484-a00b-055955436944.jpg,0.47245696054235947,2.9685346327544786,2.9685346327544786
779f0539-5c97-46b3-9937-c8e9fe0a2f2c.jpg,0.4753357368138079,2.9866225175259005,2.9866225175259005
95a7d58f-925f-4577-9bcb-dd0551135a57.jpg,0.4649512352855091,2.9213747701009094,2.9213747701009094
c0ccf515-40f9-44f5-b682-699ef527bced.jpg,0.47163985862755214,2.9634006300088926,2.9634006300088926
f923e2e9-3185-4b78-add9-cd7092743cdd.jpg,0.47380605573366663,2.9770112478384863,2.9770112478384863
ffb985db-c8f8-4942-af73-82d74d4ffd65.jpg,0.4874541342978357,3.062764654544106,3.062764654544106
7e645f37-4a94-45b9-859f-8975d78710a8.jpg,0.4970928448649016,3.123326459159251,3.123326459159251
1bfdd444-5488-45b2-ad41-fb92698fe39f.jpg,0.48832038631859304,3.068207476513243,3.068207476513243
7adbc2f1-ebee-4bf0-8a42-1664eb5f4ea7.jpg,0.48763794288091994,3.0639195579326746,3.0639195579326746
670084ce-8ea7-42e7-b200-3f4a8438fc73.jpg,0.48742068675268363,3.0625544974198453,3.0625544974198453
1701130a-a4db-4aec-9e0b-940468ce7297.jpg,0.4883566880474787,3.068435567002803,3.068435567002803
1ff79ed6-6289-4a19-bfdc-9d92839e149e.jpg,0.4830391903992144,3.0350247439082665,3.0350247439082665
f444c8bb-4cc4-4873-b8af-185492d515fd.jpg,0.4893915830817152,3.0749380042763907,3.0749380042763907
621d3df0-9a14-45b2-94b2-5ff0f4639e6e.jpg,0.49979297700991293,3.1402918897802294,3.1402918897802294
f1c64b85-e2ec-4ca4-85ad-3ef1a77bd18d.jpg,0.4989327077643314,3.1348866586961734,3.1348866586961734
20807aa3-cfd1-4dc4-835c-7d44df0abb74.jpg,0.5,3.141592653589793,3.141592653589793
c21b3be9-5a4d-4068-a272-6624090bab6e.jpg,0.5,3.141592653589793,3.141592653589793
f4d656de-c2c8-4def-bd8c-f9e333296d38.jpg,0.5,3.141592653589793,3.141592653589793
e1d59227-9b1a-4bf7-9d48-eb065923fe04.jpg,0.5,3.141592653589793,3.141592653589793
7a70b9ca-9627-4071-81d7-3c407e13351b.jpg,0.5,3.141592653589793,3.141592653589793
11f19ad5-b521-49e4-ab9b-42066b0d64c9.jpg,0.5,3.141592653589793,3.141592653589793
d3998c08-17d9-4df1-b914-636a2b5a5315.jpg,0.5,3.141592653589793,3.141592653589793
c0434d34-dc60-487a-8196-ce5863ec00ed.jpg,0.5,3.141592653589793,3.141592653589793
a427b355-9808-4e8c-8e1d-d0479ac78dc2.jpg,0.5,3.141592653589793,3.141592653589793
298159b6-8100-49b4-9a80-e03b65b4091b.jpg,0.5,3.141592653589793,3.141592653589793
9302e47d-c63a-4713-afe2-37960da2f5f4.jpg,0.5,3.141592653589793,3.141592653589793
7bca1693-43bd-4806-a018-ccd3c2d29621.jpg,0.5,3.141592653589793,3.141592653589793
9bc1e4b4-fb7f-454e-a804-73285de20c61.jpg,0.5,3.141592653589793,3.141592653589793
31d58878-47fc-4758-a622-0921b927a050.jpg,0.5,3.141592653589793,3.141592653589793
896aad3c-cf42-41b9-9df8-3bb16b84c1be.jpg,0.5,3.141592653589793,3.141592653589793
af9f6641-4b9a-49ce-b509-9de733091197.jpg,0.5,3.141592653589793,3.141592653589793
4ad710d9-a6cc-4b6f-85e8-e21e7b91a3bc.jpg,0.5,3.141592653589793,3.141592653589793
ed968802-1e93-43b8-915e-f97b2483a4c9.jpg,0.5,3.141592653589793,3.141592653589793
979e1f2c-508a-4d0c-9cb6-eefdec480742.jpg,0.5,3.141592653589793,3.141592653589793
e8cb51fd-9741-4657-9b2e-9f9fdb0051ae.jpg,0.5,3.141592653589793,3.141592653589793
a933dfee-c651-4c61-838f-671a515014e1.jpg,0.5,3.141592653589793,3.141592653589793
12ff6351-fea5-46ec-b75f-51713f221eb0.jpg,0.5,3.141592653589793,3.141592653589793
ff8f6531-896e-4716-b80f-4cbbab5fce50.jpg,0.5,3.141592653589793,3.141592653589793
abdf4515-d389-475a-8e59-0452c45e1bf3.jpg,0.5,3.141592653589793,3.141592653589793
30efb139-e942-4412-ac8e-ab74e44bd2fe.jpg,0.5,3.141592653589793,3.141592653589793
39b03ed0-5aed-43cf-8483-c54ab9b3e4d8.jpg,0.5,3.141592653589793,3.141592653589793
130c9d92-0fd6-488f-993a-c112988968ce.jpg,0.5,3.141592653589793,3.141592653589793
9b77392d-6ba7-4577-adcb-d35e4345d095.jpg,0.5,3.141592653589793,3.141592653589793
0070ee60-ee8f-4b8e-9904-c072aaf8c3d9.jpg,0.5,3.141592653589793,3.141592653589793
73b85a2d-a444-4925-a9b5-da93623e5d39.jpg,0.5,3.141592653589793,3.141592653589793
76280407-e60c-4f1a-9a5b-eb7033b0a039.jpg,0.5,3.141592653589793,3.141592653589793
cc7b46f3-9fb6-4da5-b560-94a878b11279.jpg,0.5,3.141592653589793,3.141592653589793
5443cb87-55df-46e4-9822-57f6e3b00337.jpg,0.5,3.141592653589793,3.141592653589793
49586f1d-56f9-4db3-b772-526159b71f7a.jpg,0.5,3.141592653589793,3.141592653589793
e9a43a81-98fd-420f-b973-9e1012ba5e1b.jpg,0.5,3.141592653589793,3.141592653589793
8e4091ca-4681-4ab8-84d4-e4b05c4b41c3.jpg,0.5,3.141592653589793,3.141592653589793
4519edcf-f6c0-42dc-ad02-6e65707c70b0.jpg,0.5,3.141592653589793,3.141592653589793
6dd111a6-9487-40fb-a0a4-2b1ffb2c1343.jpg,0.5,3.141592653589793,3.141592653589793
95726e96-be5a-441a-8506-93f19470b599.jpg,0.5,3.141592653589793,3.141592653589793
9c83c809-acdb-4ffc-be56-fb1fab5e9654.jpg,0.5,3.141592653589793,3.141592653589793
0903beb7-0d15-40a9-aa41-cea3ca14a26a.jpg,0.5,3.141592653589793,3.141592653589793
4d71d8e9-23c6-4e60-840c-630e08298530.jpg,0.5,3.141592653589793,3.141592653589793
7ae89aa4-46cc-4841-ba41-0d19d34338e6.jpg,0.5,3.141592653589793,3.141592653589793
960924e4-fd46-4f16-8f7e-db3ee4102597.jpg,0.5,3.141592653589793,3.141592653589793
f320262c-798b-464a-a2f8-76bba6d77efa.jpg,0.5,3.141592653589793,3.141592653589793
fe2ad9f0-b291-4939-8b9e-459428765c33.jpg,0.4135007367937641,2.598101753930512,2.598101753930512
3804d7c6-7a02-420d-989c-711acf9f7116.jpg,0.3317675366490513,2.084556911672484,2.084556911672484
d8754d08-ec53-43ad-9104-29befaece9f6.jpg,0.24173444046658013,1.5188622845788946,1.5188622845788946
3de7e77a-9f3a-4d29-a31a-379b1fe1f2d5.jpg,0.16037120909459263,1.0076420246777695,1.0076420246777695
cd399461-7f88-4ec8-82a9-1413ffbee0cb.jpg,0.08670900415782426,0.5448087409246151,0.5448087409246151
b6e87a5d-e666-4f2b-b365-332705eba37a.jpg,0.05853954370698133,0.3678148009087023,0.3678148009087023
cbf88a97-b1a8-4ceb-8f3c-913255b4d276.jpg,0.03074218123086632,0.1931588214204313,0.1931588214204313
f48ddbd8-fa52-427e-b7c2-10ce26bd99b8.jpg,0.021928070005275038,0.13777812727194952,0.13777812727194952
edd561b0-0b45-46f5-aafb-7720cf2cfa70.jpg,0.02462732568843828,0.1547380509207218,0.1547380509207218
3ffc468a-7907-4f51-8c9a-1f3395b1c158.jpg,0.013691374938624339,0.08602544584945125,0.08602544584945125
d9b7e1c1-57b4-46bc-82b9-23810dcbeff1.jpg,0.02155151890111802,0.13541218690690787,0.13541218690690787
b4220cfd-1cb8-4834-b478-8fa0420ae171.jpg,0.010048571433295404,0.0631370363878262,0.0631370363878262
48543843-18b5-4f31-87cb-d467a5044a64.jpg,0.010559788166699481,0.06634910585593504,0.06634910585593504
56f8ef7e-39c2-4712-9497-5081814f7275.jpg,0.004198781818871751,0.026381724232387764,0.026381724232387764
a9f3738c-6d5f-422c-b8e3-dd143378c36f.jpg,0.008160943160393506,0.05127671815811222,0.05127671815811222
98d8c6f2-010b-4b13-80d1-34d6bb8b5e6f.jpg,0.006447233809120562,0.040509164741417795,0.040509164741417795
36fa57e8-fa5d-48a3-8b1e-72357ea3e2ce.jpg,0.0014855807073094194,0.009334178872796,0.009334178872796
3c604988-fe10-42f3-abe9-fea41a65da36.jpg,0.0015213854676822862,0.009559146817097883,0.009559146817097883
48b7a6d5-670a-46f7-b437-a42d96481e39.jpg,0.0,0.0,0.0
a3deb2ee-7f6f-4f05-ace2-52259168c91f.jpg,0.003735503175370339,0.023470858666409605,0.023470858666409605
765706f2-0112-4173-a0f7-e72d3ec32a4a.jpg,0.0023149971684997364,0.014545556195279889,0.014545556195279889
154c2ed4-6070-49fa-962c-f5d55efb2146.jpg,0.00492739017718587,0.030959705564035277,0.030959705564035277
699147c1-3c9a-4cf1-9fed-9d229255b59e.jpg,0.008290908640437947,0.05209331535276799,0.05209331535276799
bb7a0dea-9414-4a40-be56-cb845ed7c6f5.jpg,0.006497040552670788,0.04082210974069104,0.04082210974069104
3c285a3a-f9ed-4b9c-ac1c-431f4522f0de.jpg,0.008670089476771057,0.054475778812380256,0.054475778812380256
6bfdbb05-a351-4ece-8aa1-70fefc8c0776.jpg,0.010589205975483627,0.066533943399857,0.066533943399857
917e1339-089e-4738-a636-ab85f95c86e4.jpg,0.012820322390639977,0.08055246127817457,0.08055246127817457
a99585cc-7e20-452d-9246-7a939ddfc352.jpg,0.008128171117918746,0.051070805342348535,0.051070805342348535
063e498e-3338-4b4c-acf0-fcb33abff8ba.jpg,0.014685525198653846,0.09227187615639743,0.09227187615639743
52c47db9-9ef1-402d-90a0-b120ec02b74e.jpg,0.013892123535054939,0.08728678648098093,0.08728678648098093
c1043802-01ed-40a9-8c96-d312b5efdfce.jpg,0.018636090229507036,0.11709400831331165,0.11709400831331165
8305abad-d25d-41a9-91c5-be39bc839b86.jpg,0.016068372976177542,0.10096056499420025,0.10096056499420025
dcbf25a2-96b0-48a5-8c75-fd352dd018ea.jpg,0.012309743014379999,0.07734439644310896,0.07734439644310896
cab7673d-3db7-4ff4-b1a3-56c57b15da74.jpg,0.012691536351001804,0.07974327472615016,0.07974327472615016
8aab4bc3-18a9-44e5-9bd5-49700841955f.jpg,0.009779558463017625,0.06144677804553612,0.06144677804553612
9e92ef5a-a42e-41db-a47f-99df8190db8c.jpg,0.011955546359725212,0.07511891322672984,0.07511891322672984
3f2803b2-54fd-4ed9-b390-9fce41e37940.jpg,0.006718463418415309,0.04221335063741061,0.04221335063741061
9c0177d0-8465-4a47-bd59-674fe13c6239.jpg,0.01136706385846453,0.07142136862127643,0.07142136862127643
21fd5809-83d3-430d-8684-a156c853dbca.jpg,0.004282154053471728,0.02690556743185307,0.02690556743185307
e7dac259-44b9-4ed7-8698-ea7ac0badf4e.jpg,0.008957349556895642,0.05628068712715828,0.05628068712715828
f2d508f6-4940-48a6-b063-c241df1fb2f1.jpg,0.009797143778692006,0.061557269842603506,0.061557269842603506
0d0e1026-9299-4f16-8176-d580a23d7b3a.jpg,0.012441177257758172,0.07817022214996296,0.07817022214996296
5e0c5c56-6e17-4d16-941f-0513f19530bf.jpg,0.01841148489017045,0.11568277134527793,0.11568277134527793
a520054a-3898-4f6f-82b5-4ad7d5718b13.jpg,0.016419230686493348,0.10316506900456719,0.10316506900456719
62a885ab-29f8-4439-bf09-01fb3a696422.jpg,0.014949095165815808,0.09392793510148327,0.09392793510148327
430590d4-32b8-4518-919a-7da717f7335f.jpg,0.01527474959580203,0.09597408223119064,0.09597408223119064
f08b1b1a-1cba-49f4-beed-4932e142ccb6.jpg,0.016969594487977375,0.10662310675565513,0.10662310675565513
a17f4c3e-f2a6-4095-b0d6-5a0053fd349d.jpg,0.01469393346350193,0.09232470684254977,0.09232470684254977
f99c55ea-b085-4909-a9d7-90fb7100efbd.jpg,0.009181805913497374,0.05769098800906134,0.05769098800906134
c498859c-11e7-4df1-9863-0c9a3a6d1488.jpg,0.007820507856256912,0.04913770005711595,0.04913770005711595
d23882fa-7638-4611-be94-f88ae1df9b26.jpg,0.00789974580996185,0.0496355668036058,0.0496355668036058
967bd2cc-c03a-48a7-938b-7e57cba6aa7f.jpg,0.011532120161860483,0.07245844796163126,0.07245844796163126
a2290d1f-271a-4a24-b3ee-62e8cf759add.jpg,0.014163191439160262,0.08898995635330346,0.08898995635330346
7fc07d85-8957-4eb3-9abf-ddeb2b2c8d8d.jpg,0.011985109411481638,0.07530466335916121,0.07530466335916121
1d224c1b-fcc5-4c60-a496-fad247892e31.jpg,0.013484010898538455,0.08472253915954624,0.08472253915954624
551b6bed-af80-4b35-8a20-95c9c759f4a7.jpg,0.0071435479243553415,0.04488423535944271,0.04488423535944271
ab85ab0d-8f31-43de-a96e-11eb5d1de16c.jpg,0.010030806608848362,0.06302541670387592,0.06302541670387592
2089a9fe-4225-4f6f-96cd-0263590ac898.jpg,0.010250461854658941,0.06440555131699788,0.06440555131699788
bd77d7c2-69b5-4bd5-ab15-6af184d49bd7.jpg,0.0,0.0,0.0
de7845a3-7059-4e4e-bb2b-3909936d65a2.jpg,0.007614832717025565,0.04784540504424544,0.04784540504424544
7fb6317d-aedd-45bc-8f2f-730e02d25610.jpg,0.01072910877679319,0.06741297862547851,0.06741297862547851
5327a2e9-8492-4439-82a4-52067ec29013.jpg,0.013054911008635685,0.08202642503599676,0.08202642503599676
c6e1639a-8369-4a41-8290-4eebb597122a.jpg,0.008189204511412546,0.05145428946359609,0.05145428946359609
6954336b-c398-4cf8-b299-7a6ebb0bd083.jpg,0.014219188399903214,0.08934179563429029,0.08934179563429029
1a5f9857-9efe-42b6-9945-67a42d888634.jpg,0.011130856042471843,0.0699372311423902,0.0699372311423902
52041b20-6309-4c0e-96de-f4949d2e3d50.jpg,0.020764247491412143,0.13046561475268137,0.13046561475268137
a198a933-30bb-42d5-8c53-04970e52cea6.jpg,0.010618581308539283,0.0667185140609058,0.0667185140609058
415aad79-07b3-41ea-b582-703f2b317bc8.jpg,0.010770500896762715,0.06767305298550405,0.06767305298550405
2e16de96-a6e1-468a-94b9-d928207d69c5.jpg,0.005148125772067764,0.03234662821056874,0.03234662821056874
e4c60e77-763e-4c05-96ec-4d4a50cd1d50.jpg,0.00942324891294551,0.05920801911571524,0.05920801911571524
1ceb5e87-9220-4198-9b0e-ef6d3c312146.jpg,0.00610370197636878,0.03835069057732332,0.03835069057732332
791ca413-fa64-49b2-89e1-4e3a9cbd0df5.jpg,0.007599250948820782,0.04774750190720126,0.04774750190720126
5da07705-377f-4822-bc32-d4b0f94e67c0.jpg,0.006115769773575492,0.03842651478342256,0.03842651478342256
5e41cc32-c905-4a8e-8c2d-816363a22c34.jpg,0.005024281992586087,0.03156849479494388,0.03156849479494388
878cc289-bc36-4b38-9ffa-d6bf4504fb57.jpg,0.0,0.0,0.0
5e094d84-03d8-4a05-8a5f-6b05ea18e827.jpg,0.0,0.0,0.0
b1062d79-bed3-48b5-aa9f-ca9c27321c5b.jpg,0.0015182461031474728,0.009539421607978863,0.009539421607978863
d069a99f-0b6e-44ed-b64a-1f9ba6578461.jpg,0.0,0.0,0.0
0213646d-514f-46a1-9c5a-9ceb58078c50.jpg,0.0,0.0,0.0
70dcd158-15bc-4f5f-8a9c-9b9d2f4065de.jpg,0.0,0.0,0.0
938e04d0-613a-4e9e-a11b-11a3909c0e66.jpg,0.0015295816295303926,0.009610644820797171,0.009610644820797171
4b40ad9b-8602-4c4d-ab4e-6ce3c4755624.jpg,0.009407525289833091,0.05910922467799966,0.05910922467799966
5d271d31-5d1c-4540-9501-1a2330cb720e.jpg,0.006800259120530542,0.042727288191131474,0.042727288191131474
47b32c3a-c313-4a6b-a6ce-20c9ecf4c711.jpg,0.009445733177989394,0.0593492919194817,0.0593492919194817
009ed10f-9356-432d-adce-5f334eb8dd3d.jpg,0.012732038089708906,0.07999775465570985,0.07999775465570985
bba47bf7-1999-4189-a376-1ab12fa8eea0.jpg,0.02899826980448346,0.18220150276915992,0.18220150276915992
840da5f8-d4c5-46cb-ac83-bd1ff239fbb8.jpg,0.035874321001199874,0.2254050066197831,0.2254050066197831
c98a0590-4163-4506-a5b8-9b4929fc1ac3.jpg,0.04379878539881217,0.2751958848901284,0.2751958848901284
7e113bc8-e809-42f5-93a5-396efac98016.jpg,0.05527806528052162,0.34732232757988746,0.34732232757988746
a7b2fd75-0cac-4908-b315-5b5d9fe1f2de.jpg,0.08661729251739746,0.544232499692988,0.544232499692988
1414b24e-629c-4f4e-a289-95647e2fef2c.jpg,0.10090732152380893,0.6340193999852427,0.6340193999852427
22f31b65-28bc-465c-b192-9e5cbe4b8521.jpg,0.11039445612450699,0.6936288247155838,0.6936288247155838
a0c3f57b-9631-4234-b248-add6002172ed.jpg,0.14181893103377233,0.8910746237513133,0.8910746237513133
1c36c876-515c-422e-b2f1-7b7a9ceaa1d0.jpg,0.13892369419455522,0.8728833141823393,0.8728833141823393
10ce500e-c5ed-4f2e-b98e-da600c57182f.jpg,0.14976449476471473,0.9409980730428297,0.9409980730428297
48d5efea-87b8-4465-a9bc-41b5aa477e59.jpg,0.1692428170826097,1.0633839816391355,1.0633839816391355
27f4d102-8d6c-48df-bda3-31cc486efad2.jpg,0.17772058063153978,1.1166513410075156,1.1166513410075156
9d9a4161-9ec9-488c-b25d-cc11e8c23057.jpg,0.1791382461730336,1.1255587963083244,1.1255587963083244
ec8e1334-a071-4678-a8e6-423a97df2c10.jpg,0.18012426341192395,1.1317541253363461,1.1317541253363461
dd7fbcdd-ff0a-4d05-836b-37896b876341.jpg,0.20297083611255648,1.2753033752483707,1.2753033752483707
4f5d4318-026a-464e-b5e2-37b4f49016e7.jpg,0.1916993359860073,1.204482451263364,1.204482451263364
060d1ac3-013c-4348-8b2c-178651ef5d73.jpg,0.17911995269477876,1.1254438549945365,1.1254438549945365
98197c77-b620-4ca0-a733-ed8ba03cccfb.jpg,0.19671270784525627,1.2359823956688247,1.2359823956688247
53138cfd-a693-4c66-96c1-c8236ff97109.jpg,0.19444190147523685,1.221714498449269,1.221714498449269
3a081506-2306-46ff-9883-196fdd65a515.jpg,0.1959769307647746,1.2313593719273828,1.2313593719273828
fc099cc8-3c5f-4516-9c8e-1d6f7b055d58.jpg,0.1981153459296756,1.244795430672139,1.244795430672139
33132dbe-60ac-47ad-a2bc-54dfe8904d86.jpg,0.19437780204609656,1.221311749857896,1.221311749857896
b6427aab-8b42-4d6b-9607-8ad5eedfdafd.jpg,0.18940036358779866,1.190037581669328,1.190037581669328
01b7b707-518e-4a49-8bb9-837976905b95.jpg,0.19800316987385155,1.2440906077263678,1.2440906077263678
a9c13a6c-a302-4953-abf6-3416b3743aff.jpg,0.2013999453781101,1.2654331776665126,1.2654331776665126
4413a8a3-2ac2-4661-a8d6-32aef4f65be3.jpg,0.19417526060607554,1.2200391444578609,1.2200391444578609
0050cb7f-609d-4067-85d3-dd5376ffe729.jpg,0.20342554408708077,1.278160389712959,1.278160389712959
3f6b97a9-5d39-4548-ac18-05f527065533.jpg,0.19390175810642504,1.2183206775705802,1.2183206775705802
8b177497-7df5-4ea7-bf8b-6cd44ba6c386.jpg,0.20078947712236928,1.2615974924915423,1.2615974924915423
b7b6c889-2a42-4ab1-b316-70b9f6cd9850.jpg,0.20005858624420167,1.257005169664688,1.257005169664688
721c0eec-0625-4290-a7d2-3403bcb4e26b.jpg,0.19647912171706858,1.2345147307402349,1.2345147307402349
7bf3f7eb-a6cd-4430-9a41-5f49a2247381.jpg,0.19277026259038096,1.2112112815690323,1.2112112815690323
4e418686-5715-45fc-86c7-002d8648b13e.jpg,0.19807656214786248,1.2445517449840937,1.2445517449840937
428f31c8-e659-4784-8f24-35470d8ce9bc.jpg,0.20029097919443717,1.2584653376350998,1.2584653376350998
c2c1e578-2747-4898-866e-bcd5963e0fc3.jpg,0.19200875075068974,1.2064265615666412,1.2064265615666412
40fbefb8-3ada-484d-ac92-9af5691fb0f7.jpg,0.19024266503171422,1.1953299177259544,1.1953299177259544
340c0869-a021-4baf-842e-c6e94378706a.jpg,0.19802120281664057,1.244203912047545,1.244203912047545
9b1be5d6-4d24-4c3a-a765-31769c189615.jpg,0.19782353980424916,1.2429619587123144,1.2429619587123144
5d4f4108-12dc-474d-8c6a-ead136bffa48.jpg,0.1962288272037795,1.2329420839318692,1.2329420839318692
dc102402-b43f-48de-a569-ee7b35f0bb9f.jpg,0.1874254522244132,1.1776288476079226,1.1776288476079226
76a44baa-4fb7-43af-a902-f4b1e9d8f754.jpg,0.18482494777243968,1.1612893962440274,1.1612893962440274
791fcff1-68e4-48d3-ba36-ffef3bbe1943.jpg,0.19159312830008396,1.203815128691661,1.203815128691661
c769ea6f-4979-4372-8161-fd3cbf713292.jpg,0.19518169082818299,1.226362732042108,1.226362732042108
2e3f086a-c759-4548-a956-f5a2d325ca7c.jpg,0.18442712622713517,1.1587898097556906,1.1587898097556906
845fcadd-3a8b-4c4f-b88e-c8eba638133c.jpg,0.19812339034950516,1.2448459752526166,1.2448459752526166
e83cf26f-d2ee-40bc-b761-6cefc21e03dd.jpg,0.19857350761163478,1.2476741454205373,1.2476741454205373
52e99910-bec8-4832-bec4-1a66c5131607.jpg,0.1976351354478748,1.2417781792285345,1.2417781792285345
18405d16-ca38-4940-9b1f-e458382d78a3.jpg,0.18818696669354648,1.1824135841315855,1.1824135841315855
36c0d9c1-42e3-49c9-9cf3-65fcba70909e.jpg,0.19392686005175924,1.2184783977446856,1.2184783977446856
6a77c9a1-e865-4d6c-af43-0cd8d50a31f8.jpg,0.19596412446501305,1.2312789075728816,1.2312789075728816
b5728580-52f7-4bbe-a24e-d20cea114381.jpg,0.2041080388694786,1.2824486309019478,1.2824486309019478
b9cd06f1-feda-4d99-83cb-d2f71e5e9cac.jpg,0.20811011820779765,1.307594436998641,1.307594436998641
da4f322e-d273-4c6e-8bb3-8cb8e65332f6.jpg,0.23262417416986347,1.4616207932388712,1.4616207932388712
14170a36-0d7f-4210-bb1f-9908f02ac7cd.jpg,0.2623213814538492,1.6482138497098768,1.6482138497098768
ae5099b9-d83f-4623-a657-0ee4594d6cb6.jpg,0.30728681942177144,1.930740028880821,1.930740028880821
5378abd2-2236-4803-a983-a8bf92e22d66.jpg,0.3496129171827211,2.1966827444426666,2.1966827444426666
180eaa04-f858-4174-97cd-fc9eb250d0ba.jpg,0.3810110319934288,2.393962918094443,2.393962918094443
74367a00-ded6-4f4c-bca4-c430f3d07c6f.jpg,0.45619573231285154,2.8663623224661405,2.8663623224661405
fc8b25b8-afea-4346-8c90-5cf3a6387b7a.jpg,0.5,3.141592653589793,3.141592653589793
90d04332-f926-408d-8060-35fce3c20262.jpg,0.5,3.141592653589793,3.141592653589793
0ab0c921-01bc-4dff-8856-b0ea0be86f4e.jpg,0.5,3.141592653589793,3.141592653589793
b8fddf32-77f0-462f-8ef9-fa094dd4c80b.jpg,0.5,3.141592653589793,3.141592653589793
8302b7ab-8980-4af5-a63e-909cf6238189.jpg,0.5,3.141592653589793,3.141592653589793
a95c4a74-f191-42ce-a460-555793873963.jpg,0.5,3.141592653589793,3.141592653589793
f2d86946-08a6-41b0-85ba-6535949f4550.jpg,0.5,3.141592653589793,3.141592653589793
35ffd268-3cfb-4016-88a9-ac6bf2c8145f.jpg,0.5,3.141592653589793,3.141592653589793
3ff2b1b0-e172-477b-9c5d-51b2a9cf6672.jpg,0.5,3.141592653589793,3.141592653589793
47cb76f7-ca97-4efe-b23e-db54fe7d4852.jpg,0.5,3.141592653589793,3.141592653589793
618f0048-7457-410a-b3e7-2ae418342973.jpg,0.5,3.141592653589793,3.141592653589793
a1d3c3fd-7105-4c90-a305-a8f5c9365bc0.jpg,0.5,3.141592653589793,3.141592653589793
82fb4bf1-b349-44b4-b3c9-ec89529b9f81.jpg,0.5,3.141592653589793,3.141592653589793
f87dbe72-8d4f-4033-b154-b3ddc69c2097.jpg,0.5,3.141592653589793,3.141592653589793
4514a0a7-d1cf-47b9-ac1d-0d36beabb8a4.jpg,0.5,3.141592653589793,3.141592653589793
b12013db-c2a0-40ca-991a-f34e9978f200.jpg,0.5,3.141592653589793,3.141592653589793
692d043e-68cd-415c-be7b-e2d6000448fd.jpg,0.5,3.141592653589793,3.141592653589793
3b729a11-2768-4b30-87f9-5c6676992b83.jpg,0.5,3.141592653589793,3.141592653589793
5508e3a7-98e6-4a89-a8f5-291a4fd6aad6.jpg,0.5,3.141592653589793,3.141592653589793
92c564f4-12f7-4f86-8c23-c2d2c1647475.jpg,0.5,3.141592653589793,3.141592653589793
70fe17a3-5b3f-4cc5-8b26-e0bf94a03f31.jpg,0.5,3.141592653589793,3.141592653589793
9c35e71a-f0e6-4d60-83ce-1bf6e6242069.jpg,0.5,3.141592653589793,3.141592653589793
971c6ad2-8b7f-40c5-a19d-98bda14ec9ff.jpg,0.5,3.141592653589793,3.141592653589793
4e0b19ad-c562-4f2d-b9c8-b36cdc5df437.jpg,0.5,3.141592653589793,3.141592653589793
8cd644f0-4aeb-4c13-bc04-6dd2c601cd18.jpg,0.5,3.141592653589793,3.141592653589793
013db47a-7909-4c18-ac48-7032e2bb9760.jpg,0.5,3.141592653589793,3.141592653589793
a010701b-cd86-498d-ad4a-fd5122e24e80.jpg,0.5,3.141592653589793,3.141592653589793
99bc7567-d4dc-4c00-9b1a-d3907ff972cc.jpg,0.5,3.141592653589793,3.141592653589793
531d8020-76d8-41f1-9ad2-13dcfd3600e4.jpg,0.5,3.141592653589793,3.141592653589793
8393d451-ebe6-4c82-8663-1ba60102d843.jpg,0.5,3.141592653589793,3.141592653589793
069fe6c9-1692-48bf-8b4b-9c3e8e1c7bf0.jpg,0.5,3.141592653589793,3.141592653589793
4476bbb6-fb30-4109-a060-a8eaad72f95d.jpg,0.5,3.141592653589793,3.141592653589793
f6d06e6b-9d2a-4836-9b57-79ed54995aab.jpg,0.5,3.141592653589793,3.141592653589793
b6bd5de4-16da-462c-acbc-2a19386772d6.jpg,0.5,3.141592653589793,3.141592653589793
4a38f220-fd33-4287-bcd3-9c10125c3198.jpg,0.5,3.141592653589793,3.141592653589793
1722cce2-8263-4368-aa08-6e7b5f20c4df.jpg,0.5,3.141592653589793,3.141592653589793
fa7f1296-56fe-4732-bee4-220cd415a339.jpg,0.5,3.141592653589793,3.141592653589793
ca014599-e569-432e-b7ea-c12645f6f330.jpg,0.5,3.141592653589793,3.141592653589793
63a9d4ba-d3d8-45f0-a4c2-62ca903941aa.jpg,0.5,3.141592653589793,3.141592653589793
4304fadf-b2ac-4539-aeeb-6c526623a73b.jpg,0.5,3.141592653589793,3.141592653589793
2f89bbfa-5d67-4390-b6e1-62c03d7dd03d.jpg,0.5,3.141592653589793,3.141592653589793
9f637a0a-2773-470f-8f12-ba114c08a1ac.jpg,0.5,3.141592653589793,3.141592653589793
cfdc6cc8-82fc-4691-8c64-ac545ab84ed1.jpg,0.5,3.141592653589793,3.141592653589793
73a0a38d-1383-4949-b9fe-91abdef5f033.jpg,0.5,3.141592653589793,3.141592653589793
fdb1bd0e-ba4c-4e58-b50a-7d195e49f080.jpg,0.5,3.141592653589793,3.141592653589793
ce87ab62-2c32-49a6-af5f-48f6a0de7d45.jpg,0.5,3.141592653589793,3.141592653589793
d6010a0f-44a5-48aa-9967-1b831aa89d3d.jpg,0.5,3.141592653589793,3.141592653589793
88d38e47-5ce4-4976-8989-48aa0ba30330.jpg,0.5,3.141592653589793,3.141592653589793
192e4553-31b1-4a47-8c1d-1165ce5bbbf4.jpg,0.5,3.141592653589793,3.141592653589793
2abedc4e-074d-4a4c-8974-945c867f74e3.jpg,0.5,3.141592653589793,3.141592653589793
05901787-d8b5-4fa7-9398-88f1e33c490d.jpg,0.5,3.141592653589793,3.141592653589793
7d276108-88ab-47e3-9225-d2e362148580.jpg,0.5,3.141592653589793,3.141592653589793
7ecaf631-89cf-4910-b064-6994eee7789e.jpg,0.5,3.141592653589793,3.141592653589793
05324789-6a2a-4bb2-aa2f-b73b08954323.jpg,0.5,3.141592653589793,3.141592653589793
5c4585fd-8fe4-4430-adfd-d5e29fa02847.jpg,0.5,3.141592653589793,3.141592653589793
16fe7973-a562-4f46-9c99-0eaf3822d1d2.jpg,0.5,3.141592653589793,3.141592653589793
d82abb6b-da31-48c8-b0bb-0f280bdbcda4.jpg,0.5,3.141592653589793,3.141592653589793
e335fc28-0e58-4b7b-92f4-545466ecde2b.jpg,0.5,3.141592653589793,3.141592653589793
f98f2bea-5d07-4c77-a079-b6cbdf467627.jpg,0.5,3.141592653589793,3.141592653589793
ac6e1121-13b6-4201-8513-f788876d8963.jpg,0.5,3.141592653589793,3.141592653589793
fcff1938-1fab-4d70-8b08-92c40531b7cc.jpg,0.5,3.141592653589793,3.141592653589793
304c6952-9a72-448b-ac20-a74c15d44a1c.jpg,0.5,3.141592653589793,3.141592653589793
3bab42ea-a53b-4dc4-a511-92e6b02642d2.jpg,0.5,3.141592653589793,3.141592653589793
fee2e34b-8c7c-4292-9f12-d9bd13459f82.jpg,0.5,3.141592653589793,3.141592653589793
51b944a6-91a8-460b-b77e-9c1840ff8936.jpg,0.5,3.141592653589793,3.141592653589793
4ad6d628-f7df-4a61-b2f4-1ff8b5fd1b9b.jpg,0.5,3.141592653589793,3.141592653589793
43c04988-e97a-4f10-9b9f-f7f060920283.jpg,0.5,3.141592653589793,3.141592653589793
6e4db6ca-e649-438c-a22c-f550f94ea84c.jpg,0.34895985734071355,2.192579448438656,2.192579448438656
51ed19ec-3e10-44ba-adcb-a3d57b81b8ff.jpg,0.2753660308444237,1.7301757990980435,1.7301757990980435
a795b1fe-90bf-4b3c-befe-0661a5d4bdc5.jpg,0.18910221452890208,1.1881642558831196,1.1881642558831196
c29c788a-32e9-4ae7-9674-ac9ea4a9791d.jpg,0.1166523267826567,0.7329481856891004,0.7329481856891004
cd71504c-3854-4d72-ad30-a8742d58c842.jpg,0.08289058773328212,0.5208169229492386,0.5208169229492386
2bb9d65a-fa7d-44fc-94f1-f9f1ae3fa3a5.jpg,0.07371610360504709,0.46317193907376,0.46317193907376
c7d8390b-e391-4168-b741-d63f3c0c7f46.jpg,0.061147277540209606,0.3841996758146773,0.3841996758146773
fdb041d8-3407-4666-acfe-ffda11b560c1.jpg,0.04367037462606267,0.2743890562095052,0.2743890562095052
bc2ddcc6-64a3-4756-8d44-b23262c8aaa9.jpg,0.04074555048936186,0.25601184416770245,0.25601184416770245
1f9a52e8-d8d1-4bad-822d-4aa2970bce41.jpg,0.03216232031335752,0.20208181843769152,0.20208181843769152
1d21a689-5ac7-4d1f-8541-f7105bb8ec8d.jpg,0.03039231868134151,0.19096057018972462,0.19096057018972462
a16d450d-4800-4bd9-a351-d4d16cd07e97.jpg,0.02909574340098234,0.18281394743851964,0.18281394743851964
b27026b4-570b-42a6-8510-4d3253a992b1.jpg,0.027870102446325703,0.1751130182003435,0.1751130182003435
15345696-7c3d-47ec-9f8b-b977188e9b64.jpg,0.026433810430196433,0.16608852930778073,0.16608852930778073
d24da073-54f1-4a80-a0d1-7e612c40913f.jpg,0.025913969792639154,0.16282227425180595,0.16282227425180595
cf25dfb3-02bb-45d2-9fae-8e20d57006d2.jpg,0.01868702644563532,0.1174140499980922,0.1174140499980922
c5f6f33b-7013-49ae-9ff0-14ec7e251d61.jpg,0.020426201478571285,0.12834160901164904,0.12834160901164904
4336ec3f-1685-4bb4-955b-350626e518a9.jpg,0.027471899227488047,0.17261103358647112,0.17261103358647112
d714435c-3b8d-4b95-b400-7265ebd6d9d4.jpg,0.02674862622918143,0.16806657531043126,0.16806657531043126
83e3ceed-e330-417b-957d-fb71b2cdb33f.jpg,0.024017559712136885,0.15090677829760685,0.15090677829760685
21e16407-e4c5-44d2-bd0d-bcc25700f3f0.jpg,0.029034132304751045,0.18242683350391994,0.18242683350391994
532a78e1-570a-4d08-bb8b-170c095f8f00.jpg,0.023488107559642143,0.14758013231219727,0.14758013231219727
11d9e68b-54f0-4fe7-9b1a-a513d77ce3ae.jpg,0.030589522867868566,0.19219964063702574,0.19219964063702574
f6dd4d5b-47dc-4158-a233-b187a0e96bc6.jpg,0.019814797207771125,0.12450004268061063,0.12450004268061063
48011107-99df-4c37-95d3-5adef4f8de13.jpg,0.024964795922042256,0.15685843893411275,0.15685843893411275
dcde6659-5cdb-4339-931a-811c92cb2201.jpg,0.017137653599410364,0.10767905329534855,0.10767905329534855
175dd10e-5fd8-4505-a14e-6180c4496a08.jpg,0.024849238629444284,0.15613237105112374,0.15613237105112374
03f9f0ed-e50f-46d4-980d-7710b00a1c77.jpg,0.02055798828148584,0.12916964991540195,0.12916964991540195
ba083f5c-8ac3-4805-81e4-2d2ebd88e1d9.jpg,0.018444220260173668,0.11588845374110723,0.11588845374110723
e2f81dbb-30ae-46d7-b35e-c170c2a77c4c.jpg,0.012731012328688339,0.07999130960913674,0.07999130960913674
6c209953-935f-4ff4-92d2-e095b6ec589a.jpg,0.024237950576561636,0.15229153493879705,0.15229153493879705
6c484be7-5528-47d1-894a-2bb56242f961.jpg,0.02207957782986584,0.13873007900934117,0.13873007900934117
7229c4b9-d7cb-4ee1-b598-0299ce33e36f.jpg,0.024466229120057206,0.15372585132923278,0.15372585132923278
1ed3bb71-d9fd-470e-a992-c85d4a5da88f.jpg,0.011339976784251284,0.07125117551456528,0.07125117551456528
ed5628ca-905b-48fd-a752-7aedf92da964.jpg,0.01843872901764872,0.11585395124675632,0.11585395124675632
483d44da-a4d0-426a-a15f-100ae52ff72b.jpg,0.01994437347163369,0.1253141943578711,0.1253141943578711
7eebb9e3-9c70-4676-a13b-9e0efea66e84.jpg,0.02212540153343471,0.13901799783032565,0.13901799783032565
535e4e5e-5b0a-4763-b5b6-a42b40e96b6d.jpg,0.024623609197354325,0.15471469951854883,0.15471469951854883
8b16aab5-c224-4dce-97e6-f8b6ee2204e2.jpg,0.024137436455614426,0.15165998609089748,0.15165998609089748
a33a031b-eefc-4fc2-8cf7-07fd4f3b7fcf.jpg,0.023783944773389517,0.14943893234693173,0.14943893234693173
fc6f75c6-ac95-4b52-90d0-14438ba0af09.jpg,0.027785751325545463,0.17458302447761295,0.17458302447761295
701dc529-3dca-42f6-922a-25f2cdf4a28e.jpg,0.023465102334967826,0.14743558622253525,0.14743558622253525
08bee5d3-b437-4ee5-8423-e1d5343cfbad.jpg,0.02449120083622173,0.15388275324933276,0.15388275324933276
052ab383-3145-4ad0-bb74-98d8c202f836.jpg,0.026872012016533327,0.1688418310766355,0.1688418310766355
19859b91-13bd-4f0e-89d0-15090a7ec7bf.jpg,0.010923224220423798,0.068632641928795,0.068632641928795
75b8e363-60b1-45e6-aee1-c1c3a153523c.jpg,0.02880973462709546,0.18101690131270914,0.18101690131270914
23af45e8-f891-4045-afe6-3e003c56423d.jpg,0.015348239447474652,0.09643583258744687,0.09643583258744687
d31316de-b5a3-49dd-b405-2139676779c4.jpg,0.022201710067498156,0.13949745849036552,0.13949745849036552
063d67dc-2a70-489b-a111-e6bd4b676baf.jpg,0.015751157242230675,0.0989674397554591,0.0989674397554591
ffa77ecf-859c-48e8-9e20-7025456131c1.jpg,0.020669945434949225,0.12987309745707673,0.12987309745707673
8df1ff17-5609-48ac-9323-cdd2ff51a61c.jpg,0.026763414975501568,0.16815949574402156,0.16815949574402156
38d8d285-8fed-4268-83cb-6527ecce9ddf.jpg,0.020098487556320373,0.1262825217104039,0.1262825217104039
45d30c20-464b-4ec7-a87b-abfbfaf08b44.jpg,0.017009478009646913,0.10687370231300776,0.10687370231300776
a59394b1-a666-4988-b277-19ce22530cc3.jpg,0.011064289474375284,0.06951898105977652,0.06951898105977652
7e39fa10-a935-430d-ba50-a44a58d952a9.jpg,0.009897340595700353,0.06218682501105651,0.06218682501105651
d2abc18c-545e-4848-bd02-5461c81912f7.jpg,0.009722267984882774,0.06108681135507793,0.06108681135507793
e70f1922-8a96-4ae7-99dc-3c5a52a1ab93.jpg,0.021341371843772713,0.13409179400384882,0.13409179400384882
8046edce-aad0-4905-9622-2032f87d9d01.jpg,0.025057795737880764,0.15744277401055967,0.15744277401055967
c7cba9d2-9887-4f20-8fd4-0911f48cd1a2.jpg,0.01449928817646421,0.09110171443492263,0.09110171443492263
7c04d448-c75e-4b11-8b10-2b6eb8e89b73.jpg,0.009198976570505463,0.05779887442888919,0.05779887442888919
c75dede9-e273-4032-bab1-a79d71650e49.jpg,0.006673677329797251,0.041931951343439584,0.041931951343439584
f54c6ef5-eda7-41c1-be55-80732bfa31ac.jpg,0.0013047789751942833,0.008198168086057559,0.008198168086057559
a8442931-541f-492c-8a67-1f3dd90dc4f5.jpg,0.0,0.0,0.0
c81e4084-1824-4a1a-a9c8-efd6ea34094a.jpg,0.008373636784026287,0.052613111609052486,0.052613111609052486
d8977058-2fa3-479f-b37a-13533a6ffc0b.jpg,0.0019159394550927187,0.012038202633684233,0.012038202633684233
3a70830c-9dc0-4932-a1dd-d8d4546b1574.jpg,0.00037026134047453874,0.00232642061428624,0.00232642061428624
f28ebea6-4d01-40f8-97dd-65f31142e2ee.jpg,0.003970914537014813,0.0249499918750373,0.0249499918750373
fb02ea28-10b4-4da1-b2d5-27b8dfaf95ab.jpg,0.0009560935971925088,0.006007313242168449,0.006007313242168449
8448e555-52cd-4b61-a8fc-d2cd24d090fb.jpg,0.0008190059831314488,0.005145966359703691,0.005145966359703691
4abf6cbb-f7f5-488d-acfe-e6ca912208a5.jpg,0.002580838919752359,0.01621588918078526,0.01621588918078526
99da6f78-e334-4194-ba97-fa30233ac255.jpg,0.0031008027157950844,0.01948291806434623,0.01948291806434623
cc2499b2-69c3-442e-b771-41853d121cd0.jpg,0.0,0.0,0.0
e749ac6e-7c5c-4aac-b031-e869dfbe944d.jpg,0.00414739451100247,0.026058848254607983,0.026058848254607983
a81a383c-90ae-49b4-a0a7-b56ed7b4f436.jpg,0.004981718811605435,0.031301062441579416,0.031301062441579416
c33a45e4-3984-4810-89df-12b85b61e3a6.jpg,0.0,0.0,0.0
6cf6b5c2-f61a-4b10-ace4-e09ef12a746c.jpg,0.0010507652121503432,0.006602152542278477,0.006602152542278477
2d9011b4-2fd3-453e-a554-730acd258f0a.jpg,0.00279376950142555,0.017553771483003456,0.017553771483003456
15cc7d85-d3b7-435b-871e-a431b0950cb1.jpg,0.0003697304891090806,0.0023230851767864972,0.0023230851767864972
a8e9ec3d-e3bd-496e-91ed-6e63caabf5f7.jpg,0.0020217667711819316,0.012703135271234225,0.012703135271234225
df86af1e-19e5-42cf-b89e-533a2c7dc135.jpg,0.0,0.0,0.0
2820689e-f137-4d04-bb01-a968c5ba537d.jpg,0.0,0.0,0.0
b3acdbc1-e6ec-46ae-92b2-6a6713de8add.jpg,0.000705559228769322,0.004433159379548364,0.004433159379548364
459f1660-3932-4728-862c-79bdac57f154.jpg,0.0,0.0,0.0
03e4f49c-a996-424a-a6ee-0af0b2b2046a.jpg,0.00022391473729658584,0.001406897787442885,0.001406897787442885
05a09c21-aa2f-4260-b1f2-fecfbb3569fa.jpg,0.008526833990625258,0.0535756780466561,0.0535756780466561
ca53c87a-54a3-4183-a739-4c6f941d9e9c.jpg,0.015585101580918486,0.09792408126412837,0.09792408126412837
fae43165-7c09-42b4-8fa0-626e9037adc0.jpg,0.02870547798351478,0.18036183750158716,0.18036183750158716
01b663fd-80fe-4ff7-834b-7aaec29816f0.jpg,0.07262367235147003,0.45630799107218084,0.45630799107218084
ef8acf3f-7876-4dbd-8a77-e7ede284aabd.jpg,0.0881968649672841,0.5541572461017414,0.5541572461017414
44cfda34-0e27-41e5-9817-26df9b039555.jpg,0.10976419039684769,0.6896687483559361,0.6896687483559361
8fb1ae59-1bf1-42b5-b4ee-34f404c3e42a.jpg,0.1164268938374376,0.7315317487199454,0.7315317487199454
1d4f7fc7-995c-4ea8-a64a-4d3693d55fd8.jpg,0.12541910844627005,0.7880314994291672,0.7880314994291672
7e468eed-39ab-42cb-914a-230b839b76a0.jpg,0.1283192968347657,0.8062539204998158,0.8062539204998158
29348ca5-b7b6-4935-a47d-065b9f743afb.jpg,0.13428336542019542,0.8437272686067993,0.8437272686067993
1061eece-e029-4c45-9bdf-4d0d9760fce2.jpg,0.13206899426647542,0.8298139643091034,0.8298139643091034
acaffd40-d0e9-48f6-bf6c-fc1a26311b07.jpg,0.13308941625431317,0.8362254647502085,0.8362254647502085
4775f90f-e700-4cec-a273-43de73bc7da4.jpg,0.14517334663477746,0.9121510385697228,0.9121510385697228
c756114f-54c1-4ddd-ac22-3f8276ce9e04.jpg,0.1411903470465751,0.8871251140786274,0.8871251140786274
7e1f378e-1d5b-4445-9913-01ac3b5d0355.jpg,0.14488588195899096,0.9103448447424879,0.9103448447424879
a370dcc8-0473-45fb-9ca0-ace8a6eab408.jpg,0.13813171295874022,0.8679071493179046,0.8679071493179046
ff213dfc-5214-4913-9e65-51b5a4da0816.jpg,0.1413493108734731,0.8881239132601659,0.8881239132601659
2b0ba884-73fe-47cd-8a95-f4825edde41a.jpg,0.1414833969503165,0.8889664009280858,0.8889664009280858
730749e7-f783-4b12-ae77-1af28110ee62.jpg,0.14979398688428697,0.9411833774952035,0.9411833774952035
d07222f3-7254-429f-85c7-32cad264815c.jpg,0.14171739252621754,0.8904366384925322,0.8904366384925322
5025b395-256b-4475-b9d2-8f49f871b010.jpg,0.1479462693957939,0.9295738261196851,0.9295738261196851
c8b7c8ea-52f2-4863-8ebf-a11e2d5bb969.jpg,0.14930846474360324,0.9381327519145491,0.9381327519145491
516cc342-326b-472a-b608-5a6408150f94.jpg,0.13647717569531165,0.857511385094149,0.857511385094149
4367db21-94e2-4379-af3a-f63ee0395426.jpg,0.1403267864975662,0.8816992031252346,0.8816992031252346
a67b2f75-84f6-48c0-ba79-a896fc46d061.jpg,0.13692882345202437,0.8603491716431471,0.8603491716431471
473f9710-163d-4424-9a5d-791f5dca8649.jpg,0.13913928299403003,0.8742378985595919,0.8742378985595919
a4d3de6c-8c3a-41dd-b57a-bdc965009fec.jpg,0.14516977006067075,0.9121285662918455,0.9121285662918455
6cf4ada6-de7d-4399-b382-a1cb442c0247.jpg,0.13741837481616576,0.8634251135814299,0.8634251135814299
be4c7b2b-e85c-403c-9bf6-11828aa52bde.jpg,0.14402877309466727,0.9049594709195159,0.9049594709195159
1586a47a-6690-42d4-8af2-c00031e808a2.jpg,0.13597120795708645,0.8543322960354256,0.8543322960354256
9792140e-5a1a-4ed1-8733-e461f77a66bc.jpg,0.14442057942545122,0.9074212627003576,0.9074212627003576
525f59f2-a97d-4ad5-ae23-3e389990312a.jpg,0.15308762935670978,0.9618779434850332,0.9618779434850332
99931da6-1732-4ce7-a49e-92eefe45ecb8.jpg,0.1481433021144307,0.9308118192024575,0.9308118192024575
a0b77215-67cf-403b-aca6-8741fcfe623b.jpg,0.14860625183327866,0.933720618073886,0.933720618073886
fbbefc22-ec10-44d7-b2c4-e35e6b2ce2ae.jpg,0.1454052117610773,0.9136078901245372,0.9136078901245372
5269c06d-d61c-47f3-940f-0abd6f077a7d.jpg,0.14537487876077762,0.9134173022627317,0.9134173022627317
3d8e770a-0c22-4aae-9bb8-d8cd993f2b8c.jpg,0.14472270894824926,0.9093195984788673,0.9093195984788673
2e42ba47-65bd-4c55-9f6a-7713880da524.jpg,0.141802977024556,0.8909743817550146,0.8909743817550146
9fca26f2-ac98-41c1-9926-3c3d26026d44.jpg,0.13710608543230934,0.8614629415131951,0.8614629415131951
a81ec469-95e6-41fe-8c96-3079fd99b0ff.jpg,0.14338392361719557,0.9009077621573233,0.9009077621573233
4a916df7-d053-42df-baa2-209fbb307334.jpg,0.1415142715987838,0.8891603920656997,0.8891603920656997
c898c3a5-b940-401c-b67e-436e948f04a5.jpg,0.14342809450270108,0.9011852960161366,0.9011852960161366
94ca64e5-51be-411b-bc05-54c6b61992ad.jpg,0.13990397872373733,0.8790426235329518,0.8790426235329518
cbdfa4c0-5686-49a3-b9f8-a8eabae9a25c.jpg,0.1414693549639619,0.8888781725257389,0.8888781725257389
2a6b5cb4-095f-47cc-99f8-8b50763f0f5f.jpg,0.14715865887525917,0.9246251232692813,0.9246251232692813
76d9ff1c-eee2-4717-8ff8-531cf51a4da6.jpg,0.16726719588206537,1.050970787539323,1.050970787539323
b564098b-d869-4b14-b744-b9d9fbf71fde.jpg,0.1735364398800737,1.0903616093147326,1.0903616093147326
3073940a-2458-4b7a-9de5-4598383440d6.jpg,0.16439942557660067,1.0329520552916611,1.0329520552916611
d44fc8fb-4be8-4608-afb1-1586a0a7c111.jpg,0.16864781865785639,1.0596454962789306,1.0596454962789306
ea6a0964-0d4d-45cb-9e6d-974a0ac45ce2.jpg,0.17992197918797578,1.1304831360725607,1.1304831360725607
737fd861-b635-4987-b336-f40c4ca3030b.jpg,0.20076254378174485,1.2614282653214577,1.2614282653214577
7fe8e03a-65d6-47d1-9cee-a51a745fc88c.jpg,0.2442556053810496,1.5347032309264659,1.5347032309264659
c7c5d4f4-2608-491d-a124-6c74f050e277.jpg,0.28684403773815587,1.8022942433684477,1.8022942433684477
daefb768-117d-4913-9304-13295366a08c.jpg,0.3112123010965869,1.955404557663624,1.955404557663624
1ac07f73-8f27-42b2-9d79-5ab367bc3c76.jpg,0.33058488774345357,2.07712610944528,2.07712610944528
15696d3b-cf43-4864-93f2-727336695149.jpg,0.37760275597542314,2.3725480882952974,2.3725480882952974
8addcd0e-bf82-4c03-bf3e-231f0de49667.jpg,0.40448765992893687,2.5414709218009492,2.5414709218009492
5c77ca1a-4144-4110-ab11-bbcf5ec4deaf.jpg,0.4009389492489723,2.5191737149971645,2.5191737149971645
3152d797-410c-4823-aca7-f4d59665493b.jpg,0.39975607704067545,2.511741509717723,2.511741509717723
4e3b1011-864e-4a04-ae3b-4e54930d5519.jpg,0.3897179907970184,2.4486703537193755,2.4486703537193755
9b6e4a8c-f3c3-463c-a3d7-7fc7501cfe30.jpg,0.40264924032503124,2.5299197907572584,2.5299197907572584
f4d46897-2c93-4222-9019-99d4e2c0308e.jpg,0.4172104826065066,2.6214107743145068,2.6214107743145068
4e95a99d-275a-4a62-9be5-7ab345d420cc.jpg,0.40431146342184787,2.5403638464964313,2.5403638464964313
cea847ba-47e1-454c-b59d-f55b9f009e40.jpg,0.3993143328758885,2.5089659492720013,2.5089659492720013
f8b43ba3-48c5-4359-b357-d1f96472bdc4.jpg,0.41201470606042395,2.588764747460772,2.588764747460772
808633a7-7f31-4a17-be89-67e04df159ca.jpg,0.40427590670926045,2.5401404370823304,2.5401404370823304
2cedf638-cdfd-4c3e-b608-055cdb39d035.jpg,0.4042362372193762,2.5398911863263463,2.5398911863263463
97c77ae7-14fc-4ffb-9b45-65b7d9198da7.jpg,0.39695965576318804,2.4941710766343292,2.4941710766343292
b31e9b4a-a278-445b-bc6f-7fb503a58cd4.jpg,0.4059395146769097,2.550593194221571,2.550593194221571
3eea0ee7-69a9-44ec-8670-7196d6f60171.jpg,0.4047996555006246,2.5434312477928827,2.5434312477928827
2dfa4d88-41dd-463b-a268-3a2ce045fe96.jpg,0.40659545679921316,2.5547146001267884,2.5547146001267884
6984e6f5-6483-4e7a-b672-3521830eb512.jpg,0.41109853263430873,2.5830082600509763,2.5830082600509763
aad6c69b-1cd1-4efe-94ea-1bd6739862bd.jpg,0.4077767276303824,2.562136743656991,2.562136743656991
ebe286b6-c82e-48d9-9224-e6467aa0cacf.jpg,0.3999514386593479,2.5129690029697525,2.5129690029697525
2aab4d41-06c6-4278-9e2d-69e53d9b360d.jpg,0.40137421841958854,2.5219085918546487,2.5219085918546487
84a32aa8-8e1d-4e31-91b3-165c37809d21.jpg,0.40304229918461176,2.5323894524086317,2.5323894524086317
0f4ff68d-d6cd-4e80-ba7d-6468f1361d15.jpg,0.40952487004287086,2.573120646377996,2.573120646377996
66b051e3-e7b1-432a-a437-befbec028be5.jpg,0.405456703142293,2.5475595998811302,2.5475595998811302
9fdeb33a-de3f-4cc0-a952-0870a6de10f8.jpg,0.4069573555168959,2.5569884768324194,2.5569884768324194
d837ac05-92ad-4f39-b087-debfe8525397.jpg,0.39907562985322603,2.507466133947229,2.507466133947229
f7ca1aa0-a854-4ebc-b79a-1bc607a3a9f5.jpg,0.39644033540555246,2.490908090593514,2.490908090593514
64bd6485-9955-431d-a3c2-dd5962719b6c.jpg,0.40493692258514413,2.544293722321495,2.544293722321495
47560985-5ea4-430b-8de3-d6ea266d6efb.jpg,0.4093653932160921,2.572118623923144,2.572118623923144
3107ce06-3695-4143-be00-28ecc07ab91b.jpg,0.4098906561559051,2.575418948308983,2.575418948308983
b237394c-5efa-41ce-ad2e-7a13296a4b2f.jpg,0.4212404772400507,2.6467319773840035,2.6467319773840035
5ce12455-42b2-482b-85c7-0f4bec769957.jpg,0.4548752788595396,2.858065668729476,2.858065668729476
f0f59a22-77a0-48bc-8007-c87a781e700e.jpg,0.5,3.141592653589793,3.141592653589793
266358a6-6300-424c-b741-4268bbbfdb4c.jpg,0.5,3.141592653589793,3.141592653589793
1adc1b36-0919-4754-9b33-beb5c8bafad6.jpg,0.5,3.141592653589793,3.141592653589793
82beee49-424b-49e9-877f-6d3a6a672e49.jpg,0.5,3.141592653589793,3.141592653589793
633da091-b299-4134-a881-d850f0958415.jpg,0.5,3.141592653589793,3.141592653589793
15665682-70e0-4cc9-b29b-7cf6d05da2bc.jpg,0.5,3.141592653589793,3.141592653589793
14ab3e08-d5fc-4161-a434-b34260d29dd0.jpg,0.5,3.141592653589793,3.141592653589793
196bf74d-5432-492b-be94-70326d87d050.jpg,0.5,3.141592653589793,3.141592653589793
b1d588a2-5e3d-4bf8-956c-736ddd2c290f.jpg,0.5,3.141592653589793,3.141592653589793
b165c9bc-80df-4461-8607-a367b7b93adc.jpg,0.5,3.141592653589793,3.141592653589793
c5b4036b-f7bf-4720-bcf2-3bbcea125205.jpg,0.5,3.141592653589793,3.141592653589793
46ec3836-7883-4925-a205-7271799ebbf1.jpg,0.5,3.141592653589793,3.141592653589793
7510ad22-04d6-45d3-8e21-abe4c9474e2d.jpg,0.5,3.141592653589793,3.141592653589793
d39e4cbd-2e8b-431c-bb2f-830b9c506579.jpg,0.5,3.141592653589793,3.141592653589793
3513977a-8c26-4402-b3f6-3cec4dbb0de1.jpg,0.5,3.141592653589793,3.141592653589793
6c25ec7d-d295-4f94-a122-25b119c716a4.jpg,0.5,3.141592653589793,3.141592653589793
3d34f993-f524-4236-897b-e851312dcad6.jpg,0.5,3.141592653589793,3.141592653589793
f79efa28-e8d9-4925-b5c7-f93deea91133.jpg,0.5,3.141592653589793,3.141592653589793
4f453812-08b5-43d5-b991-9febe3e59d49.jpg,0.5,3.141592653589793,3.141592653589793
ad3fcc85-4109-40bd-934a-51d9b9de2ef0.jpg,0.5,3.141592653589793,3.141592653589793
0dcba274-0dee-4b9e-b9b2-3cafb6d5bb67.jpg,0.5,3.141592653589793,3.141592653589793
097e47ad-23d5-4230-900f-6171b5cd3d2d.jpg,0.5,3.141592653589793,3.141592653589793
5810b686-1027-4805-80fd-140310dfc9de.jpg,0.5,3.141592653589793,3.141592653589793
b9bc9abb-ca05-479c-ae98-d8fb76e11aa4.jpg,0.5,3.141592653589793,3.141592653589793
aa06d9b1-94e7-4461-8937-54270ddb7465.jpg,0.5,3.141592653589793,3.141592653589793
04f39496-5d76-48cb-bb17-7d18806ae260.jpg,0.5,3.141592653589793,3.141592653589793
639e682a-304a-4f98-9f67-8b3e31a7924a.jpg,0.5,3.141592653589793,3.141592653589793
31a6327b-c125-4d73-96ba-712014d99fdd.jpg,0.5,3.141592653589793,3.141592653589793
432981a6-31a4-43a3-9afa-79acd65c54e0.jpg,0.5,3.141592653589793,3.141592653589793
fdcf965f-11b6-4f5f-9442-59c1ebb3e744.jpg,0.5,3.141592653589793,3.141592653589793
7687f17f-42df-4f20-891b-b2806de817b8.jpg,0.5,3.141592653589793,3.141592653589793
d50e06b3-f876-4af4-8143-ec5a112caa6f.jpg,0.5,3.141592653589793,3.141592653589793
1350f44a-12c7-440e-92f2-e8e6e68ff191.jpg,0.5,3.141592653589793,3.141592653589793
7a8d6ba6-6187-4abf-b093-4e00bef5ad7a.jpg,0.5,3.141592653589793,3.141592653589793
10f776a0-931d-48fc-8683-30e8c44dc4f6.jpg,0.5,3.141592653589793,3.141592653589793
f1b86cda-cd9b-4a83-93f2-bb370385096a.jpg,0.5,3.141592653589793,3.141592653589793
b19c62f1-ac99-496f-8b23-566f42b0c9fc.jpg,0.5,3.141592653589793,3.141592653589793
24c9980b-bc2b-4cd1-85cc-55b41627d55a.jpg,0.5,3.141592653589793,3.141592653589793
a6bdc98b-6e53-48d6-8d63-d1c6f909a611.jpg,0.3645832399982201,2.2907440568007456,2.2907440568007456
be62b2aa-4c89-4fe6-9505-e970c30dd38c.jpg,0.2836154692550696,1.7820085493122968,1.7820085493122968
f5ceaeab-1b79-4e51-af17-a6be49a1fd92.jpg,0.22716426720759517,1.4273151860349795,1.4273151860349795
663ba28d-74b7-424b-b23b-0ff3bdab8df2.jpg,0.18706665983699428,1.175374488550964,1.175374488550964
b4216914-3d84-4f89-adcd-bc414a95047c.jpg,0.17371562966435714,1.091487491934539,1.091487491934539
f8a4bf62-981c-4066-8b6d-13427bfefded.jpg,0.15169763249005427,0.9531443355954377,0.9531443355954377
f097bf53-01ac-4773-bd73-9efb64c860e2.jpg,0.13788978521854806,0.86638707249533,0.86638707249533
e3c3ddf4-3b9e-472e-8234-3b44b1f4167c.jpg,0.1571033394803008,0.9871093943314726,0.9871093943314726
defbf154-fb30-4c4b-acc4-916b45b0fee7.jpg,0.14542896180736767,0.9137571160664337,0.9137571160664337
ba05ec80-2198-47f3-a60b-5bc0fe9cd94a.jpg,0.13417390355869138,0.8430394994469005,0.8430394994469005
7a05b1fe-54fb-41d8-97cb-51abb4725711.jpg,0.1389969385050423,0.8733435217578263,0.8733435217578263
684794e8-9949-4c18-991d-a88cf1b5854f.jpg,0.14787126581254176,0.9291025647074095,0.9291025647074095
2e505265-7944-40b4-b385-9a7991424c4c.jpg,0.13611343956269503,0.855225963570002,0.855225963570002
d11b521d-4f75-47ee-887a-24b1d2f80850.jpg,0.14498290720925214,0.9109544723693543,0.9109544723693543
d71380d7-6ed1-48e2-8e3a-0d6dbb26d051.jpg,0.14885704819866283,0.9352964181119617,0.9352964181119617
396c24e6-b39d-4b37-9321-75e21e802cae.jpg,0.14903071276264962,0.9363875847487814,0.9363875847487814
4268ab3c-bf0c-470a-8a12-4d72b8dce6b5.jpg,0.15047092932176115,0.9454367322721476,0.9454367322721476
86db7011-c800-4223-b05b-e10d3ed442c1.jpg,0.14389136696282406,0.9040961227308023,0.9040961227308023
9740ca8e-f13d-4fe1-8f02-8d7100831f47.jpg,0.14921880290714523,0.9375693899811014,0.9375693899811014
17538466-28ad-4a66-b791-58b815007c04.jpg,0.13839700849955855,0.8695740503620346,0.8695740503620346
9ab23513-0369-4c1b-928f-88920973ca84.jpg,0.1472076749420074,0.9249331002996894,0.9249331002996894
bec739c0-b674-4613-9483-238c270ff7bc.jpg,0.15202403872917916,0.9551952064812789,0.9551952064812789
a1e36082-0597-4860-b010-d25332a039f8.jpg,0.15059925517338016,0.9462430273775715,0.9462430273775715
6edc28ff-364a-4a86-be50-568f94c5c6f4.jpg,0.14546368372145863,0.9139752802868872,0.9139752802868872
a2219770-e4ba-4b17-a154-92547dbf5834.jpg,0.1462033776935778,0.9186229145843157,0.9186229145843157
86a725bd-ea52-4787-bf9b-772f1fdbbd71.jpg,0.1478191506517436,0.9287751154948012,0.9287751154948012
a617176c-9f4c-4527-8a6c-2698ce7547e5.jpg,0.13912852893380437,0.8741703288063896,0.8741703288063896
a4fe7092-ce1d-4d7c-9f93-7db9fa853352.jpg,0.14503321538945715,0.9112705679880494,0.9112705679880494
ec54b3d3-9c66-4eda-9b23-b73f9014578b.jpg,0.15193094183800676,0.9546102614625204,0.9546102614625204
31d73dfc-dbe3-4ad2-9d3d-9e441f1bafef.jpg,0.14079986274078785,0.8846716288258206,0.8846716288258206
65032075-6c42-42f1-bacb-5bbc3e3892cb.jpg,0.14912793699826823,0.936998462637522,0.936998462637522
a9d8aa5f-5b53-4843-a573-228906b8cf6c.jpg,0.13893761041171607,0.8729707523535359,0.8729707523535359
8864284a-d2ca-4638-898b-cfc252ff38c6.jpg,0.14365704396105256,0.9026238278889374,0.9026238278889374
50fb038c-ebc8-4430-ae77-7c01d675171f.jpg,0.14297096915224053,0.8983130927305836,0.8983130927305836
13690076-43b9-46df-9429-10b5472ce57e.jpg,0.13460111519875878,0.845723749346828,0.845723749346828
b7174835-d7a9-414b-b7f6-2ab15ba48dc1.jpg,0.1399592149643695,0.8793896830685157,0.8793896830685157
4bddad8a-aace-4e31-b9d6-f55bf3f1d30c.jpg,0.1435946524268285,0.9022318103178084,0.9022318103178084
e3297346-1929-4955-8d11-b72561259909.jpg,0.14087776597375737,0.8851611092745966,0.8851611092745966
4ba7b053-dce3-484b-a85e-713b56f9ae4c.jpg,0.14362353742597792,0.9024133001200618,0.9024133001200618
9b846fdf-569e-44a3-b680-5b27b7348e14.jpg,0.13726506537478142,0.862461841951872,0.862461841951872
9d7faa02-d438-4505-8337-1766657466fb.jpg,0.13863962658118417,0.8710984647277608,0.8710984647277608
232c7ff5-766c-4ba0-a617-802edcfb1e58.jpg,0.13748707825933495,0.8638567900461033,0.8638567900461033
762844ee-034b-44f1-8402-9a575b8db3be.jpg,0.14218281759447798,0.8933609904430192,0.8933609904430192
165c25ae-1a45-43ed-9443-e8e45c3e690f.jpg,0.1338723479040397,0.8411447693882962,0.8411447693882962
c9cddbd1-e0ff-4a9d-9d7e-93702aaf8690.jpg,0.13733984088303505,0.8629316703266681,0.8629316703266681
5ae249f3-fe29-45fc-8523-8d72432ef984.jpg,0.13757288151367303,0.8643959077930685,0.8643959077930685
57fb2814-14c3-49c9-9d26-170737f08aee.jpg,0.13355500535423873,0.8391508473420437,0.8391508473420437
1ef43375-50b2-43ba-b1b9-d23f2e847567.jpg,0.12553658378108437,0.7887696187268285,0.7887696187268285
ecf2a3dc-8e9c-4483-b1c6-91cb49e2e61e.jpg,0.1266258330022481,0.7956135734291013,0.7956135734291013
d814b965-a2c5-41cd-9361-e862ac26f974.jpg,0.11603506536299822,0.7290698178064133,0.7290698178064133
d42dfb98-b299-4b41-b5ca-906b93d98218.jpg,0.09974499749078268,0.6267163026987504,0.6267163026987504
231c98df-b0ad-4343-9d02-a616c2624c58.jpg,0.06239227510709802,0.39202222623442495,0.39202222623442495
a78b368c-aa0d-4fa9-b346-5ad7bda968bd.jpg,0.03606260867917469,0.22658805299155746,0.22658805299155746
086c6e76-10fa-45ea-aaa4-f42b9052a96a.jpg,0.015432902364968339,0.09696778538670615,0.09696778538670615
27bbe4e7-d6cf-40a4-9378-960b32d9d8b3.jpg,0.009972135021067603,0.06265677224558296,0.06265677224558296
4651edc9-3909-4f93-9bfc-c7a76a3a8630.jpg,0.01169268214488761,0.07346728865427891,0.07346728865427891
0a0ec161-d698-45fd-a866-c98a307802a7.jpg,0.007243799284390635,0.04551413323184124,0.04551413323184124
ae95cba9-cb47-4e84-ac20-033b25df7384.jpg,0.016949992526569996,0.1064999439997484,0.1064999439997484
3735787f-9d40-447d-b105-f2fe14477b3e.jpg,0.01731339348925868,0.10878325958912884,0.10878325958912884
353403c5-b611-4c44-b240-3e2ce6c624f4.jpg,0.027369109000205945,0.17196518354069057,0.17196518354069057
eeb7b526-b70a-4a8a-88c4-43520462b653.jpg,0.026236503340042273,0.16484881229792175,0.16484881229792175
94bd926a-6179-43eb-8e80-498ab084a4ad.jpg,0.023253271488932928,0.14610461376312137,0.14610461376312137
2786f4e1-edab-4739-b522-8a0635f0bdbc.jpg,0.025124923204132656,0.15786454832022176,0.15786454832022176
b6499874-a056-4c22-b345-02793c2ef6a7.jpg,0.02142260370585384,0.1346021888461518,0.1346021888461518
c9e61b33-7010-4c04-81a4-30c72d533513.jpg,0.017309376764318426,0.10875802176200126,0.10875802176200126
01e847af-109a-4d56-80f4-74b329a8580f.jpg,0.012611101549050797,0.07923788796034568,0.07923788796034568
13588643-dc27-4de1-9f54-bded1d73aa45.jpg,0.005793040279146177,0.03639874556583079,0.03639874556583079
43ca2044-54ca-48e3-a0eb-81604509ede6.jpg,0.00894153699938227,0.05618133389812132,0.05618133389812132
bee85b9e-688e-457b-ac1f-4deeea281845.jpg,0.010581927862705433,0.06648821366858505,0.06648821366858505
d55a4521-29aa-4e40-a0a9-6340cee1b8b1.jpg,0.0033746604772042863,0.02120361712708962,0.02120361712708962
b2be17eb-7872-41fd-86b3-e72c172bee09.jpg,0.0,0.0,0.0
20a57dbd-9de3-485d-83bd-d623a4f549df.jpg,0.0,0.0,0.0
4af3bf6d-1b00-4bf9-8353-232af5764596.jpg,0.0,0.0,0.0
6974e789-45ae-456e-ac9b-7485f398a6dd.jpg,0.0,0.0,0.0
1ee7dbd4-4973-46bb-9a3a-1966eb4f60f1.jpg,0.0,0.0,0.0
7627b40f-69f5-4742-bcf6-1d1150a214ac.jpg,0.0,0.0,0.0
6af5f75e-68be-47c2-9d83-20d13da79282.jpg,0.0,0.0,0.0
ef4d1e9b-2f36-419f-b160-a642559cfe39.jpg,0.0,0.0,0.0
9ea1a861-20da-4f14-aadb-622b66b290cf.jpg,0.0,0.0,0.0
4391e517-3c1a-4abf-a865-dbe25d557948.jpg,0.0,0.0,0.0
c00c0eff-98e4-45d1-9abc-80a955a86d25.jpg,0.0,0.0,0.0
730dcd52-c306-444a-89a2-e305d7d35f20.jpg,0.0,0.0,0.0
95fb5f77-ae58-481d-9837-96f35d509474.jpg,0.0,0.0,0.0
5710ad44-215d-4320-994c-f2f6cc164838.jpg,0.0,0.0,0.0
0da844d7-46d7-4378-b6a9-c9e157d072ad.jpg,0.0,0.0,0.0
6ed340aa-fb38-4173-839f-4b98e58dfb7a.jpg,0.0,0.0,0.0
1e1d76ee-6b7d-4205-96a8-7d0e91052b26.jpg,0.0,0.0,0.0
52bc751e-d2cc-4cc2-9981-dff9407343a4.jpg,0.0,0.0,0.0
dd302ed3-6670-4d6e-81a3-ba6b35ddfeda.jpg,0.0003927878743620327,0.002467959001029825,0.002467959001029825
64dd0bd4-0b1a-4875-863a-ec90d41cf079.jpg,4.0577317293455366e-05,0.0002549548038230029,0.0002549548038230029
256dc144-ecdd-496e-8ce5-efc57f21928d.jpg,0.00602840919992964,0.037877612110664156,0.037877612110664156
442d0df8-1a68-476c-93a2-bb9a8e7884ff.jpg,0.02589528448603643,0.1627048710078996,0.1627048710078996
5f370fc1-5014-495a-8793-2d5fc81e3f79.jpg,0.040860402228511755,0.2567334789276331,0.2567334789276331
96aef010-7917-4d8c-b621-217e0676db07.jpg,0.03872207165967089,0.2432979517155992,0.2432979517155992
8877c7fb-aeb3-4c1c-8735-46b299bddba6.jpg,0.05297811418148593,0.3328713086271949,0.3328713086271949
1504da20-90dc-4d26-b663-3c4989a53720.jpg,0.06195846227652901,0.3892964998313277,0.3892964998313277
5501c4c1-c053-4a26-ad97-625cc65d3cf2.jpg,0.06823743041178053,0.42874842016298886,0.42874842016298886
b9a3be15-e275-4c9c-a9f8-804ae134d427.jpg,0.07630763828457213,0.4794550316951981,0.4794550316951981
ee42ddd2-7413-4930-b3e3-957d01e43076.jpg,0.07391634748995864,0.4644301085092888,0.4644301085092888
1db3af07-309f-480f-962f-b2e010526d33.jpg,0.07948473121361246,0.4994172953064885,0.4994172953064885
54248de9-c0a2-4e07-80be-f6475bee6b28.jpg,0.07803785487089339,0.49032630312861025,0.49032630312861025
1544a339-96a1-48a7-8d51-64cb1e928f82.jpg,0.09589229095976998,0.6025090336302166,0.6025090336302166
d28c9a06-2df1-464b-b23a-1ae46e256d39.jpg,0.10598350983064403,0.6659140317712258,0.6659140317712258
7e42f8f7-c541-45d5-ab38-9d81a2c2eaa2.jpg,0.14508526132740004,0.9115975822606306,0.9115975822606306
aa1d9cc6-476e-42c2-8ee9-f314e1c56dc9.jpg,0.22902445006985142,1.4390030596637753,1.4390030596637753
5e0b1aa2-e241-4f50-a51f-360156693964.jpg,0.2567264027473581,1.6130595617072694,1.6130595617072694
4f3254bb-e8d9-4f96-ad41-9cbe15cdd8dd.jpg,0.26268321545827694,1.6504873198101353,1.6504873198101353
dd93f4a8-7cd5-41db-8603-617eacb1aa34.jpg,0.26337399312228704,1.6548276038791714,1.6548276038791714
5afb94d8-388e-44cf-acac-38351ee52bcc.jpg,0.26923754087152435,1.6916693609451252,1.6916693609451252
26cceff6-5ed5-4e21-a010-69fa8b2887ab.jpg,0.2651227913347464,1.665815627112918,1.665815627112918
3edee858-648e-4b43-af2b-c8a22028242f.jpg,0.25797207061735694,1.6208863237656719,1.6208863237656719
f4599cb3-9c21-4f75-9362-8335a6a1c1d8.jpg,0.263824702082703,1.6576594917970708,1.6576594917970708
89b7ed27-da7b-4354-85ab-5713f3282201.jpg,0.2607050472286498,1.6380581222546124,1.6380581222546124
87f5922b-f66d-480a-8d93-ec4c03eeea9e.jpg,0.26189210781102773,1.6455166438645417,1.6455166438645417
1c87006a-180e-4080-99ee-215e45850f81.jpg,0.26320885355378404,1.6537900013687192,1.6537900013687192
9909805c-b073-469c-9a7b-38337d43a475.jpg,0.2633533341650079,1.6546977998223333,1.6546977998223333
01ec4dbb-b122-4452-a3e0-7c0206f709e4.jpg,0.26740374606935363,1.6801472883877437,1.6801472883877437
199326a8-d4f9-4bea-92e9-94b97afb4189.jpg,0.27032954759882466,1.6985306415694397,1.6985306415694397
ac56c9ba-c830-4391-98ed-f6783ed6f0c4.jpg,0.26322769795361406,1.653908404224854,1.653908404224854
fa315b54-bac7-4f98-a09a-3c20a2e93cc2.jpg,0.2665366802407045,1.674699353112818,1.674699353112818
f6a4a595-bcd9-48c4-af05-0dc6e22ab04e.jpg,0.26666721262676457,1.6755195122830218,1.6755195122830218
2f801c56-1bd4-4022-88de-e5b44d56ddaa.jpg,0.2695874236166521,1.6938677390685475,1.6938677390685475
4a601aef-ed3b-4c10-8f0b-96c3b3f4acc6.jpg,0.27258191187777203,1.7126826637133379,1.7126826637133379
47193b73-e2ab-4cf1-a5ff-baad37d60252.jpg,0.2714584297788606,1.7056236174965782,1.7056236174965782
6623898e-d1ec-4f21-a44d-92570b981442.jpg,0.2753203979477351,1.729889079152046,1.729889079152046
f5d82136-f98d-4787-b218-9b5f4c785a1e.jpg,0.2687119419575101,1.6883669255711211,1.6883669255711211
52073f9e-c70f-4fcd-9eb7-ab7055b2a0d0.jpg,0.2704752091477188,1.6994458600732723,1.6994458600732723
b8db079d-f8a2-490d-a598-45df52d76efc.jpg,0.2687558034611775,1.688642515526515,1.688642515526515
ffe35c4f-4ea4-4010-b0dc-e1f7ecb7d2a4.jpg,0.25616930677660277,1.6095592244891306,1.6095592244891306
2a6e08d3-046c-4f39-9f68-04252b4bfb47.jpg,0.26343665752540707,1.6552213359361383,1.6552213359361383
a8f83d8f-2b1a-497b-9ca7-ae7885eb072a.jpg,0.2644712490959235,1.661721866490939,1.661721866490939
1c4c6653-4df9-47d8-87b1-8e11e71e100d.jpg,0.2677231464044943,1.682154139880608,1.682154139880608
a6f011b4-40f1-4dfa-81ba-6d047f381a0b.jpg,0.26577468441541346,1.6699115921392171,1.6699115921392171
167f20ad-90b2-42c0-b7c4-3369e54bc44b.jpg,0.26562208641256113,1.6689527906097905,1.6689527906097905
eaec2d6b-227b-4d43-b6f2-f953de5ab36f.jpg,0.26564260491156877,1.6690817121412806,1.6690817121412806
f24e7f77-b2d2-40d0-920a-d8d0de3fbda1.jpg,0.25861082512086553,1.6248997366770117,1.6248997366770117
f9940406-80e7-4d3d-bb98-8a574082310c.jpg,0.24879365472962967,1.56321663591672,1.56321663591672
39ac61d2-0715-4ad0-9b47-a58d60b8d2d7.jpg,0.24771986265143076,1.556469801308015,1.556469801308015
03cc117f-35a7-442c-bc7e-19e70c5e461b.jpg,0.22328895159970955,1.4029658599468289,1.4029658599468289
367ecec8-c765-412e-8b37-878439d64fed.jpg,0.17871553483326436,1.1229028226291082,1.1229028226291082
0a202e90-2dd7-457b-881d-482957a08763.jpg,0.13422723625210017,0.843374598642519,0.843374598642519
d3caec91-fb84-4ec7-a1ed-9fe5fc39f6ee.jpg,0.10193286464003358,0.6404630774249845,0.6404630774249845
05efabb4-da85-4cee-afdf-0a18ee6c08bd.jpg,0.0671445376619643,0.4218815724950204,0.4218815724950204
b00637df-ac25-4cc3-9323-289ab936277e.jpg,0.05045103441745154,0.3169931981837431,0.3169931981837431
d7b39a19-a453-41de-90e9-4c1d3671506d.jpg,0.040619529185943096,0.25522002896567003,0.25522002896567003
4c75e960-2c3d-4111-8fa1-0134f033857d.jpg,0.0320166105907312,0.20116629724937263,0.20116629724937263
ac95a993-376d-47f7-b80e-0e2cf3f5b6f4.jpg,0.04728561970309352,0.29710431095935874,0.29710431095935874
24c7052e-bb98-47e1-a3f6-112409883a6b.jpg,0.04446774065266408,0.2793990547122913,0.2793990547122913
628b061f-e1a5-49e4-a792-2a27aa66431c.jpg,0.048482479967548536,0.3046244057877296,0.3046244057877296
1626eff3-0ea9-418f-9d23-e50128640466.jpg,0.04029671401667267,0.2531917214371754,0.2531917214371754
9959a5f3-ca4a-4c19-9d6b-b39a61b22cd9.jpg,0.04897682850721285,0.30773048926877405,0.30773048926877405
ba55af64-69ab-4b76-ab54-1c5c0a70ddf3.jpg,0.041733805733794954,0.26222123499926764,0.26222123499926764
d250c8ac-8c5d-4ea5-a64c-e3d13d2892c6.jpg,0.04560319717093752,0.2865333384248483,0.2865333384248483
8cdb0f3f-ad86-44ac-ae84-08696875d38d.jpg,0.04283388866141287,0.2691332598867556,0.2691332598867556
ad2542bf-db9c-465b-b441-3c5bed92e4be.jpg,0.04547655764853922,0.2857376388384071,0.2857376388384071
ce5ff5b1-79ac-411a-893e-528ab3a2eb70.jpg,0.03873532016671714,0.24338119454041424,0.24338119454041424
ddb63a02-1251-44c2-b301-10c405a58ec2.jpg,0.036744973877773084,0.23087547998152155,0.23087547998152155
2fda2302-e727-44f6-b20d-590c7f7b6af6.jpg,0.040118999344723544,0.25207510722151444,0.25207510722151444
db809efc-246f-479e-aea1-31151fd0009a.jpg,0.04108250855542968,0.2581290141375554,0.2581290141375554
12a6bf8b-19f3-4487-a782-cc703832a603.jpg,0.050423203036401756,0.3168183284592526,0.3168183284592526
8c969f95-6cb6-4891-ba17-00e339f16a32.jpg,0.046030699035725646,0.28921941186047695,0.28921941186047695
fc8a1f1a-fad8-43bf-9e07-b77464dad207.jpg,0.04980206840152619,0.3129156244476221,0.3129156244476221
d9a11eb1-4176-43a2-a5f5-7483e8fcea2a.jpg,0.045265591162787125,0.2844120973148222,0.2844120973148222
6b50f51f-7d83-4df2-bcac-a9fde9d92094.jpg,0.05269255553593606,0.33107709074113784,0.33107709074113784
edef36da-be49-4627-9f7c-fbb1e0c18439.jpg,0.05886678435251053,0.36987091452460336,0.36987091452460336
a9472d21-301c-48d9-a7dc-b18115067c99.jpg,0.06386802504067755,0.4012946365341631,0.4012946365341631
812e34c5-fb20-4f64-ad61-73e1ccfe35ba.jpg,0.06707839295488478,0.42146597304335076,0.42146597304335076
da00a94d-be66-417a-b185-6071e44c7bdc.jpg,0.08498721607931597,0.5339904273676548,0.5339904273676548
c8d54f02-9bb7-41e2-9452-64977ca8b848.jpg,0.0871251974166337,0.5474237602933137,0.5474237602933137
37f86c3d-5066-4d12-b89a-4d5859d6b3b3.jpg,0.09261157511915584,0.5818956880634385,0.5818956880634385
305ece79-e348-4c8f-9758-4c641448b713.jpg,0.104183870759638,0.6546065660020545,0.6546065660020545
1d41f60e-4967-4f5e-bf36-eed6b6e148e8.jpg,0.11829936523291894,0.7432968334801479,0.7432968334801479
25d3a549-b72b-49ec-b372-3bd189173c0c.jpg,0.13775011464014367,0.8655094963692543,0.8655094963692543
e53af240-ec64-460b-8c45-a313a57f56d1.jpg,0.16516861866889238,1.0377850380275324,1.0377850380275324
deebcc11-a20c-497f-b34f-b70fffa94146.jpg,0.2224369371206036,1.397612495090206,1.397612495090206
10a84d96-8e29-4b4e-bfe0-48965ec8d75d.jpg,0.2584359968716234,1.6238012583900936,1.6238012583900936
542cd5e3-cae2-493b-9e0f-2e13383921c6.jpg,0.2845749493035709,1.7880371402555724,1.7880371402555724
891ffd89-3d7c-48c1-abf5-530858fc285d.jpg,0.28849790728219077,1.8126858121875196,1.8126858121875196
082ef4ad-ca47-459e-8094-8dcbf60a1452.jpg,0.29937286926399015,1.881015213527698,1.881015213527698
6b652b40-d1e4-41aa-bd40-924636884f0b.jpg,0.2976966638285535,1.8704833041639477,1.8704833041639477
c7059bb1-0e0d-42e7-ab9c-46bc0d9973e8.jpg,0.30352066337797484,1.9070765725618926,1.9070765725618926
abbf2918-2b3c-4db0-9427-a55f85aff85a.jpg,0.306092161165725,1.9232337696793294,1.9232337696793294
e6265f58-6a36-4edd-89fa-a34e48459b1e.jpg,0.3064209359808214,1.9252995227669134,1.9252995227669134
40b15c3a-7f37-4bdd-87ee-ed62ffbc267e.jpg,0.2985537205651763,1.8758683504589158,1.8758683504589158
12b01fc4-e482-47f4-8c2d-7066d87bc01b.jpg,0.30602335563214694,1.922801451761699,1.922801451761699
1e098bc2-06e4-430a-a993-fb7b263b67cf.jpg,0.3091160152584412,1.9422332052857385,1.9422332052857385
936691d8-1d4e-49fa-92fc-6d7517f366ee.jpg,0.30112139413510725,1.8920015193071391,1.8920015193071391
65ebcc43-da35-4bca-b044-efc47560ebe2.jpg,0.30456210726131006,1.9136201574679166,1.9136201574679166
99b2ec75-dd6f-4f58-87d2-9e280dfdc903.jpg,0.30961454838201263,1.945365581282905,1.945365581282905
e218b6c7-e73e-4f2c-85e8-4eaf84eb7982.jpg,0.3004543805200898,1.8878105491615729,1.8878105491615729
b324a254-9699-43be-8b75-af962c9d0198.jpg,0.30873494500224324,1.9398388702509923,1.9398388702509923
deca573c-8cb0-4579-b91b-236637e16130.jpg,0.3073815438883056,1.9313352002571786,1.9313352002571786
60352a3c-077c-49d9-804b-5201c58b5d35.jpg,0.3047442400498495,1.9147645315288233,1.9147645315288233
23aaff49-9030-42eb-b62a-b91db84c4ae0.jpg,0.30526056690470793,1.918008708836972,1.918008708836972
3eee7e11-2525-4698-a430-f46e5b74beab.jpg,0.31094564338821773,1.9537290978683528,1.9537290978683528
8ef802c9-50ea-40a0-adb3-46399ba69a9a.jpg,0.3093991684249227,1.9440123091010566,1.9440123091010566
a6c74240-af38-49e7-ba02-27e55dfa43f7.jpg,0.30026540970331156,1.886623210502106,1.886623210502106
e994fa26-9f33-4808-bb13-57ef7623f754.jpg,0.3091132480055691,1.9422158181231512,1.9422158181231512
1270c241-7812-44c4-a15f-55a0444e2817.jpg,0.30744348004061134,1.9317243565793296,1.9317243565793296
7262e4c9-453a-44b4-ad01-31a57e873cad.jpg,0.30294829229456827,1.903480258980378,1.903480258980378
f6b5872b-d93f-44df-baa3-486e896c35db.jpg,0.30310977874218953,1.9044949082553806,1.9044949082553806
7aaaf0bf-d58a-4847-a36c-0199b697f231.jpg,0.30173301362332294,1.8958444378890806,1.8958444378890806
79074825-a4d3-467a-afa9-a1df7a52b09a.jpg,0.3055562977213993,1.9198668403592873,1.9198668403592873
f1fc34af-e41d-4807-90a8-01c435339365.jpg,0.31277572634810324,1.9652278482328254,1.9652278482328254
6c344c9a-c8d7-44d2-af4c-afe483f68128.jpg,0.30002548472247864,1.885115717387711,1.885115717387711
6c0ce9f8-738b-4066-9978-0df2a107f469.jpg,0.31426971045816887,1.9746148272423494,1.9746148272423494
e3d29c38-e512-4c51-af18-19773e23c845.jpg,0.31168279030601004,1.9583607285514582,1.9583607285514582
6d74cf3b-4ce4-40c1-929e-8dbc8bb94f66.jpg,0.30588146814459793,1.9219099463846583,1.9219099463846583
a449fa0f-55a4-47fc-8330-bf0afc1eb96d.jpg,0.30372387482256896,1.908353387724817,1.908353387724817
7ba93b3d-79f0-41ec-8774-f3c1d5db0c66.jpg,0.29779314751074165,1.8710895290182552,1.8710895290182552
573b6564-623f-4a4a-974e-e6c45727e8b9.jpg,0.3082818037617955,1.9369916998669339,1.9369916998669339
d11675d4-9612-413b-8b8e-aa0e84ac9939.jpg,0.3053310858505603,1.9184517924414293,1.9184517924414293
3e7c0234-ef29-4eee-85d7-173a5ddea464.jpg,0.30483142760093057,1.9153123470687448,1.9153123470687448
c579f5d8-b7c2-40c4-8cc7-49cacbb8b3fb.jpg,0.3071403270674585,1.9298195902725876,1.9298195902725876
e44380e4-e574-478e-8d69-8185c1290db6.jpg,0.31053549849642087,1.9511520815104002,1.9511520815104002
d6029d6e-5de0-421c-87fc-53698c73ff83.jpg,0.3076170297671312,1.932814801671064,1.932814801671064
2268dfe4-6da1-447e-ade8-9409253eb067.jpg,0.30753494660378483,1.9322990579451595,1.9322990579451595
23821ef0-0a6b-443b-8450-ce5913679f99.jpg,0.30227509202840763,1.8992504169592481,1.8992504169592481
198acefe-3203-4f4a-9e99-1feae10365a9.jpg,0.3052859094482459,1.9181679407341763,1.9181679407341763
d16e8c20-fee0-44f9-b926-ca0db938c873.jpg,0.2980767965720186,1.8728717486324655,1.8728717486324655
36dd3657-e6ad-496a-ad9a-06c370da8720.jpg,0.30700011120244597,1.9289385880097076,1.9289385880097076
c0a428ac-e730-4147-b201-3b9ea24b63da.jpg,0.3089267766917338,1.9410441843038508,1.9410441843038508
83669557-db5e-42af-8f13-5b73b33d0179.jpg,0.3088463131291256,1.9405386168295076,1.9405386168295076
fe45acb9-b70b-4e5a-8c7e-952c4c31c6fc.jpg,0.30850748703663144,1.9384097097034594,1.9384097097034594
e1aa5f64-412e-4fde-ba99-8c6a54e6b59f.jpg,0.30180740730952743,1.8963118672051875,1.8963118672051875
45d07e17-b35a-4c8c-a05b-7cba801270e8.jpg,0.30307037494675554,1.9042473269068625,1.9042473269068625
81404998-da54-44af-9c71-6ce4811c836a.jpg,0.30578533419793624,1.9213059189834725,1.9213059189834725
c681c9fb-2c30-4414-997f-0ccfbb7490bb.jpg,0.3039658603727485,1.9098738277782548,1.9098738277782548
7022ff95-7dba-4905-8197-6b5ba33ce554.jpg,0.29976437763797803,1.8834751331907764,1.8834751331907764
d0fbf408-75af-40f7-97a3-d495d1e78176.jpg,0.3013117219006996,1.8931973839274574,1.8931973839274574
97df0af0-986e-44f3-9573-a93e7726f1e8.jpg,0.3082206099671645,1.9366072079156178,1.9366072079156178
275f261f-af4a-4e49-99c6-430a87416b24.jpg,0.29475708421885105,1.8520133807509809,1.8520133807509809
39e3f02e-0ace-4f9d-8674-e2efe49b1133.jpg,0.3010564794714419,1.8915936484461764,1.8915936484461764
a52128ae-365c-46b0-b2dc-5a3184c6715f.jpg,0.291809995802599,1.8334962781150266,1.8334962781150266
2850a1ce-bce4-44c6-8aa1-cab4648c8d45.jpg,0.28719059659981205,1.8044717369160788,1.8044717369160788
f7d108ee-3138-4faa-87c6-212ce58a61fb.jpg,0.29266630526697734,1.8388766291600076,1.8388766291600076
5a6ab0bd-40f2-4c18-ab27-20b2deda0409.jpg,0.27943024223223456,1.755711992375209,1.755711992375209
e319b238-1b8c-4c46-ac74-36f2e4d70f34.jpg,0.2756864494205511,1.7321890483877147,1.7321890483877147
64679698-8c49-4649-9797-a2650c8ad387.jpg,0.26872536580143064,1.6884512700700087,1.6884512700700087
0ff81a73-c10e-4925-9733-3d14b0264f95.jpg,0.25290822712450234,1.5890692567335107,1.5890692567335107
8ea7bc67-1254-44f5-a3dc-af2132a0af87.jpg,0.2505257921337515,1.5740999762043144,1.5740999762043144
85b12708-0473-4c8d-bd22-7c73f922e0f9.jpg,0.22353057706826382,1.4044840375406893,1.4044840375406893
f6a1ebbe-949f-40d9-ae40-5e23fb63d181.jpg,0.21393679090113968,1.3442045012551922,1.3442045012551922
023d3941-e7bc-4b3d-9d99-2405827e764e.jpg,0.19440205862484478,1.2214641584370893,1.2214641584370893
5ca3c027-dc6b-41c2-ba8b-30dd06adf8a1.jpg,0.16011254522635185,1.006016791661341,1.006016791661341
adcc62c0-a9f3-4177-9bac-330460c34db1.jpg,0.11264421200298837,0.707764457795999,0.707764457795999
a4e3d9a6-c6c1-4ec9-a2e3-cfb7886125f2.jpg,0.080041147592463,0.5029133625227562,0.5029133625227562
4cd29b66-fcb8-4f3c-b81a-de968e16cb57.jpg,0.047746879077851793,0.30000248908563876,0.30000248908563876
e14bc94f-438e-4c25-82e7-5372217c0a0e.jpg,0.024832391345116497,0.15602651644176949,0.15602651644176949
f302238e-65c6-40c1-8029-521b0bc6ae67.jpg,0.010258603584544963,0.06445670731459274,0.06445670731459274
c78eec95-658d-4ab4-90b3-9809c19c678f.jpg,0.02018114168150379,0.12680185289533413,0.12680185289533413
8594111b-526d-44e3-a51a-1853f8e1eed0.jpg,0.009018193013722493,0.05666297784113076,0.05666297784113076
2db85a8f-a676-454d-aaa5-8ca56758a167.jpg,0.0040261911051101915,0.025297304795525496,0.025297304795525496
b71cf816-7aa5-48ab-8a22-f6569fe9b5eb.jpg,0.00815233404829918,0.05122262551149328,0.05122262551149328
6c3d41d9-666b-4dd6-a656-6bd7df966114.jpg,0.0,0.0,0.0
b54da70a-74df-481a-9d49-338cdc4a8db7.jpg,0.015098514893118196,0.09486676693667241,0.09486676693667241
7d10b1b1-f885-4a8d-af21-9e77eceae95f.jpg,0.055954281975658465,0.35157112238324084,0.35157112238324084
031f63fe-2d92-4ecb-868c-7fa6c9b69bcc.jpg,0.07816906802765736,0.4911507397072983,0.4911507397072983
c0f3a221-4515-4dee-af7a-8e477b9a62fe.jpg,0.09955370392436527,0.6255143697728786,0.6255143697728786
2fb40299-cc5e-40e7-b4e6-d7a10b7f911f.jpg,0.13860907665641722,0.8709065138893297,0.8709065138893297
a527d9ff-eed8-4ced-b04d-a8a61718e6a6.jpg,0.20532149091590823,1.2900729749710416,1.2900729749710416
ac8a543a-4347-4233-b222-775255b09704.jpg,0.23447156755092122,1.473228308187314,1.473228308187314
076f1f1f-ae37-4638-a071-21d72758d06f.jpg,0.27578202112211175,1.7327895430987428,1.7327895430987428
ee294b01-6713-4b18-a8dc-8bd0dc577539.jpg,0.3157981875594743,1.9842185321076322,1.9842185321076322
74019698-9b30-4d3d-bae0-01416a55fdcc.jpg,0.32316643757193947,2.0305146123255793,2.0305146123255793
d20e2c41-d36f-4f26-916b-1c84ad539a5a.jpg,0.3226274709312652,2.0271281850478347,2.0271281850478347
e84b7047-e44e-4035-b3a0-de53d153125f.jpg,0.320620993263615,2.014521114047271,2.014521114047271
5bc97de6-9de3-474a-8129-85c1416e1526.jpg,0.31775320733730583,1.9965022836509487,1.9965022836509487
d83c8fc5-0889-4e62-8cbd-20ddc9270a57.jpg,0.32685991764718103,2.0537214320666974,2.0537214320666974
8b464970-30ac-4ba0-9a8a-5888dc934204.jpg,0.32403894726784543,2.035996752427267,2.035996752427267
911c990c-d9a7-4ce0-a76f-7b45ad42a0a7.jpg,0.31544921232204143,1.9820258560232245,1.9820258560232245
7d6ef342-b2e1-424c-bc68-4fc71e99ad38.jpg,0.3107331144335066,1.9523937390627617,1.9523937390627617
daefca22-b21f-4668-b44a-92d0c139186f.jpg,0.3115468277343932,1.9575064505191488,1.9575064505191488
6deebe41-2826-4fd4-9389-86642f897fb4.jpg,0.3099347336368626,1.9473773645717536,1.9473773645717536
0e91090e-59bf-461b-abd2-d17de29f28eb.jpg,0.3130865606917067,1.9671808780135214,1.9671808780135214
38253bc6-0678-427e-96e4-b10548512a28.jpg,0.3111471147479022,1.9549949797553399,1.9549949797553399
99182592-78bb-4d99-a551-89598e2ea960.jpg,0.3115046957122356,1.9572417272165665,1.9572417272165665
20afd59a-e2b7-48a1-914c-d71a6bc8e217.jpg,0.3229127047294429,2.0289203618576557,2.0289203618576557
fcadf021-d4c7-4b85-8146-78f223f16f12.jpg,0.3193758718664609,2.0066977855790173,2.0066977855790173
62378dfc-2e56-4ed5-8b61-c78887af11ce.jpg,0.33238281888260496,2.088422843962117,2.088422843962117
8f6373ca-41f8-4c07-8d86-1df531aa75f6.jpg,0.33190574763831393,2.0854253169295096,2.0854253169295096
1534788b-69b0-482d-aea5-87d6a1bd5897.jpg,0.3341918092997103,2.0997890659717022,2.0997890659717022
56fd9b09-b454-4f3e-b003-f5fea293645c.jpg,0.3338891994143873,2.0978877119864334,2.0978877119864334
4e6d05c7-1557-470c-9baa-875688651733.jpg,0.336035366772792,2.11137247919951,2.11137247919951
7ba85bbc-2ab8-400e-b1a2-7ac1ddee0c3b.jpg,0.33281896777714515,2.0911632482880345,2.0911632482880345
d11dda25-7788-4888-92be-3f7640f301b9.jpg,0.3499567761346757,2.19884327395733,2.19884327395733
915f2284-ae8d-4e63-850a-44ce045eafb6.jpg,0.3462053030197072,2.175272073201081,2.175272073201081
f661afe2-bf8b-411c-8169-c5afa628d134.jpg,0.33492809590219585,2.1044152911343126,2.1044152911343126
553a4b99-d628-4f6d-b23e-1987713f9bc5.jpg,0.34949040026683953,2.1959129479569186,2.1959129479569186
af229f27-8f88-435b-b3d8-92ef92f8a964.jpg,0.33988987151656985,2.135591046772069,2.135591046772069
d1435c2b-d789-4560-b1e5-a7ec458ef05d.jpg,0.32187872810991625,2.0224236951538788,2.0224236951538788
93c8756a-47ee-437e-9f32-7466fe3a0c55.jpg,0.2930062711211317,1.841012697619773,1.841012697619773
5e2faf4e-85c7-47c6-877c-2d35bbcc46fd.jpg,0.2104830600404069,1.3225040702560833,1.3225040702560833
9d648f04-297f-4861-9e4d-a7a3b1472c52.jpg,0.1180390691244735,0.7416613447960474,0.7416613447960474
b6a153e1-2ab8-4319-aeba-a62eb18f6298.jpg,0.07025307051883588,0.44141306046820095,0.44141306046820095
3f3fed14-b372-4987-8bac-e1b14aaa08f2.jpg,0.060439085167762745,0.37974997190546256,0.37974997190546256
420a06ce-6658-47bf-b351-ee95635af70f.jpg,0.049340207713614206,0.31001366815936965,0.31001366815936965
21b6a648-8aef-4330-b43a-ce4b19dbef38.jpg,0.05333281802699355,0.3350999786176884,0.3350999786176884
f25c4e1f-0363-4f22-8434-087d8eb3c3fd.jpg,0.05273097589018412,0.3313184929464459,0.3313184929464459
7b1ba416-d9c4-4a25-a24b-581e2fe831ad.jpg,0.061261054204278326,0.3849145556786538,0.3849145556786538
bde31b57-9665-4a5e-a60c-ee57d88ab51c.jpg,0.050542317497444714,0.31756674669075036,0.31756674669075036
693002f8-1ea6-49ff-ac27-ce96b773ee42.jpg,0.055424081540183884,0.3482397747972067,0.3482397747972067
661aff73-61bc-4ac1-b157-b5dc0c72f6eb.jpg,0.05650216518372552,0.35501357410621814,0.35501357410621814
17bb29f8-d38e-45e1-b6ec-7d711f2982a0.jpg,0.057055836773767236,0.35849239530577104,0.35849239530577104
5f52b4cd-951b-43bb-9a63-921c45203959.jpg,0.05324878759347969,0.3345719998324782,0.3345719998324782
32e0869c-18cf-4b10-ae00-f37875de4079.jpg,0.04530003247139165,0.2846284984390062,0.2846284984390062
ba7a2ad0-e3f6-4c90-bc4c-c3952d0b8040.jpg,0.04239195317092011,0.2663564973061703,0.2663564973061703
832fe3dc-900c-482f-9240-738c99b66c42.jpg,0.06000644547739223,0.3770316165596238,0.3770316165596238
2556d2b6-5895-4cdb-b78c-ea024e0b04a5.jpg,0.04596232072482201,0.2887897782620774,0.2887897782620774
221fada4-2820-4ea5-8ec2-c15a33dd023d.jpg,0.04883156721366928,0.3068177856434792,0.3068177856434792
f2187444-6812-46b0-9fcf-e270667b2fcd.jpg,0.047161837964742964,0.2963265673596574,0.2963265673596574
7dd81884-602f-4e47-96ef-8e966685fc70.jpg,0.05989560611560232,0.37633519231016827,0.37633519231016827
79ae3bc5-a79d-4d2a-8a3e-325aa26eade8.jpg,0.051579642309899636,0.32408445071113995,0.32408445071113995
74d94f4b-42ed-4772-a2d9-09deb9c6c2ba.jpg,0.04868001405657592,0.30586554907357355,0.30586554907357355
60bceab6-07bb-456d-aafd-be8599114613.jpg,0.045264373052528166,0.2844044437023406,0.2844044437023406
62ba7e18-8227-4fb6-b8f6-bbe2edb0d3f3.jpg,0.041147396068917,0.25853671440891834,0.25853671440891834
2185ee2f-2fef-4255-b6ec-1268aa1dc2de.jpg,0.040015752700711296,0.2514263894248411,0.2514263894248411
6813391f-9db6-4518-b4e8-19b04db2e3d5.jpg,0.02211365257307899,0.13894417693524397,0.13894417693524397
503c9c87-a2f4-4ff9-b3a5-02117f8b6779.jpg,0.001011537359733213,0.006355676676338955,0.006355676676338955
51a2a55e-f950-4a06-bb87-e39ca0d0ac08.jpg,0.0,0.0,0.0
534a6516-4dd6-47f4-bfbe-1bfbaeb14909.jpg,0.0,0.0,0.0
7aa32328-8665-4fc2-9e8f-b55162bf8f84.jpg,0.0,0.0,0.0
d12c59c3-ed78-447e-88e8-8f6e0439831d.jpg,0.0,0.0,0.0
e683edb7-3598-4f8a-8b66-f26b39bb9903.jpg,0.0,0.0,0.0
0dec91ac-341e-4cbe-b47c-308f06799d86.jpg,0.0,0.0,0.0
80d5b585-8bb3-4836-ae3c-b8254c0789fa.jpg,0.007845187170659369,0.04929276476276073,0.04929276476276073
0a622274-a41f-48e9-8b24-cbeebe7ec13e.jpg,0.0,0.0,0.0
4853a13e-e1e3-4f8b-a234-98f62ea2ab5e.jpg,0.0,0.0,0.0
320209a2-7225-452d-b029-33578dd4a151.jpg,0.0,0.0,0.0
4f34c458-432c-430d-b2cc-e731b69591aa.jpg,0.0,0.0,0.0
78d643d7-be36-4cb1-af7e-189772e9a428.jpg,0.0,0.0,0.0
9b1cc3b3-4037-4ede-b097-8e78c8b0ab84.jpg,0.0,0.0,0.0
6cf7a558-dd8d-4572-a54d-462ab669b197.jpg,0.0,0.0,0.0
7ff46d33-864b-498f-b903-a9fbe613b715.jpg,0.0,0.0,0.0
4b29670f-6768-4078-8d86-0eb2d80f05e1.jpg,0.0,0.0,0.0
82bafd45-7abf-429d-85fd-5ff160eea78f.jpg,0.0,0.0,0.0
289632fe-bac7-4c76-b9fe-e9d8d26c9277.jpg,0.0,0.0,0.0
a323a4f0-b44f-4350-b4b7-7b2a88b02252.jpg,0.0,0.0,0.0
776c6f8b-f8c9-4b39-815b-53ec932ea1cc.jpg,0.005059601427338337,0.0317904133484371,0.0317904133484371
d7e646e4-bb2f-42e6-b1af-801511aadeca.jpg,0.0162820437804817,0.10230309825237738,0.10230309825237738
b5f936e6-d58a-4670-a2f4-453a93796585.jpg,0.03573783068873422,0.22454741269392656,0.22454741269392656
90d7dd04-3e3e-4375-bc94-fc20c91ec487.jpg,0.04707303445070124,0.2957685984250045,0.2957685984250045
d8e0eb6a-6d3e-419c-9819-d39f927d8d5b.jpg,0.041117443823176496,0.2583485188985646,0.2583485188985646
b0caf824-477c-43ea-b6ab-f66ec3319cda.jpg,0.050590162585503376,0.31786736624506123,0.31786736624506123
45caaf36-ea01-4697-a167-fc3835942754.jpg,0.04524345650268176,0.28427302114366876,0.28427302114366876
ba14e446-4abd-43d6-9df4-bb5b75fd2314.jpg,0.04376635992279035,0.2749921496156098,0.2749921496156098
3cb879ab-5b88-4247-9b83-f447627a5b00.jpg,0.049861550594533594,0.313289362088765,0.313289362088765
312ad0f3-5e1c-4564-a362-f841c9a58601.jpg,0.049428031190475445,0.3105654793388096,0.3105654793388096
f1204ab8-1d20-4fd5-b028-068b4802a442.jpg,0.054902538153861286,0.34496282105520787,0.34496282105520787
d4c7baa4-6370-4e61-90e4-348ff08beb54.jpg,0.05547507357418083,0.3485601671959995,0.3485601671959995
866750e5-5df5-4b95-ae39-7d8ec1a3e7ef.jpg,0.06291987267378266,0.3953372195135215,0.3953372195135215
2ecca10d-5621-4c1d-abc7-d589c7ca02cb.jpg,0.05848008036358931,0.3674411817031858,0.3674411817031858
fe33c67a-86f6-4c5e-9ea0-a33ae04dc757.jpg,0.05927423054557641,0.3724309744583411,0.3724309744583411
39d65565-a57c-46b9-8cf9-efcb15ca7099.jpg,0.05625746777665011,0.353476094953377,0.353476094953377
39d88e71-0bf4-4b4c-8908-3b17fe890b99.jpg,0.05680492901906086,0.3569158953879425,0.3569158953879425
79ed56f7-3b16-4907-963e-5f22a645dc85.jpg,0.06135238629947118,0.38548841215724344,0.38548841215724344
35276f77-787f-4f51-ad46-72d858ba25d1.jpg,0.06640344238210619,0.41722513352139584,0.41722513352139584
0ad5a4da-f6d6-4daf-99cd-330209905362.jpg,0.06147821213599653,0.38627899920456316,0.38627899920456316
2d85f413-3e9a-4892-a53e-f196f61843b0.jpg,0.052158330422697456,0.3277204553589107,0.3277204553589107
9df80d60-ecea-42dc-b392-6efed71393c8.jpg,0.05952025606026126,0.3739767983574003,0.3739767983574003
b2074511-5ec8-4a4e-a4ea-87e98df380f4.jpg,0.050053430042326645,0.31449497621588807,0.31449497621588807
038fc35b-48fd-4393-95c6-a02b9509f4a5.jpg,0.048271217434015704,0.3032970041410786,0.3032970041410786
e78fd4ff-fa0c-4790-95cc-544dd782d118.jpg,0.06841771501614023,0.42988118174021245,0.42988118174021245
6912c205-ecaf-4d63-8467-9a91667808cc.jpg,0.08098076732765228,0.5088171674372335,0.5088171674372335
5b7d0571-265e-4972-8f33-427d7ad65c8c.jpg,0.07969251483106415,0.5007228382787335,0.5007228382787335
153a35d4-6b84-4e19-be31-f9e141f1db8a.jpg,0.10389643326189207,0.6528005429394848,0.6528005429394848
6dbe57f8-318f-49de-a94b-7131d898cbbb.jpg,0.10804119469103034,0.678842847052811,0.678842847052811
11c911c9-4d83-49b6-bb6f-2cd75247d3f2.jpg,0.1174918249986928,0.7382229085455019,0.7382229085455019
659734a1-7bcb-4c9b-ae04-d3d56200215e.jpg,0.12895386470512357,0.8102410280192567,0.8102410280192567
8a0c13c1-5c88-4761-b66b-aead7dbf5bc0.jpg,0.12529333853080024,0.787241263744202,0.787241263744202
aafdf8cb-3f1a-4de6-991c-c9e3a5caec47.jpg,0.12488612548852213,0.7846826687400682,0.7846826687400682
03dd1e40-3858-4f5b-a671-31126853b470.jpg,0.12723097477690476,0.7994157913363845,0.7994157913363845
dd39c1f2-2efc-47ef-af2c-1ea92321d981.jpg,0.1321498298241393,0.8303218690973148,0.8303218690973148
8d7cdc89-35a0-45e0-98b5-38a181b8fa2b.jpg,0.12031117011848019,0.7559373763780184,0.7559373763780184
916d11a0-033f-4b6b-bece-1bb25e907542.jpg,0.1269889610253207,0.7978951740882961,0.7978951740882961
2f7eb059-a5f3-4b49-b601-a47aff4dcc8e.jpg,0.12668978001203532,0.7960153643414344,0.7960153643414344
1a4e454a-f16b-4401-8cd0-cb3daafcd302.jpg,0.12344467226647299,0.7756257510343024,0.7756257510343024
f6942073-cf0a-46a5-8180-9586304e02b8.jpg,0.12285092248620676,0.7718951111387925,0.7718951111387925
6412aa68-df4c-46dd-b86c-a6654ee936b2.jpg,0.11608716066115575,0.7293971422183698,0.7293971422183698
348bd7be-3d8b-4b6e-858a-6cfa4f7e6b80.jpg,0.11867045097474843,0.7456284339609147,0.7456284339609147
afffc740-af71-4350-8be4-760aa9e94df8.jpg,0.13084534945499843,0.8221255772084246,0.8221255772084246
b2782992-d79f-4597-969d-9338ffb17d78.jpg,0.12192602036787198,0.7660837797382922,0.7660837797382922
1abd74f8-cb41-4d56-965e-97b5bb8fc74c.jpg,0.1257079534301016,0.78984636598763,0.78984636598763
7115c954-c0e0-4ec4-8da8-480fb0da8106.jpg,0.12553645174997924,0.7887687891509286,0.7887687891509286
8e80e16a-4b53-4e3c-9e70-a0a95a2c6c24.jpg,0.13194079326445265,0.8290084536568282,0.8290084536568282
0358d3e9-8607-4075-a19e-97bd14f6590c.jpg,0.13047811561054815,0.8198181789126755,0.8198181789126755
65c9b313-c98e-4e7d-a8b2-3a0a5c82a4f8.jpg,0.13976013372231513,0.8781388187335046,0.8781388187335046
5a77ea40-57c7-44ad-8ee9-dd80d2e0e278.jpg,0.14594126419786022,0.9169760069192094,0.9169760069192094
7e2c5eca-a8dd-4b2a-800b-50e3fcc31168.jpg,0.14875860337970873,0.9346778710719414,0.9346778710719414
0ab189f6-4822-4dee-8a38-8fe7c9c61410.jpg,0.1492910329621962,0.9380232248017345,0.9380232248017345
87f28056-9249-41fd-91c9-5c1450821b93.jpg,0.14606393925740144,0.9177467970508763,0.9177467970508763
2201121b-2ade-47bd-b9d5-e280fda682f4.jpg,0.15139728886594297,0.9512572209493164,0.9512572209493164
5449fceb-6b05-4f20-8c33-6b2499af172d.jpg,0.15401081960913424,0.967678518914798,0.967678518914798
8ac7177f-5fe6-42f9-9417-dbd823c7479b.jpg,0.1504793502896314,0.9454896427737421,0.9454896427737421
6364d0f0-9f24-4153-bc64-9b4122c08948.jpg,0.15638661557477374,0.9826060852189605,0.9826060852189605
69827ba6-599c-448a-9228-1950f38907e9.jpg,0.15538787940808224,0.9763308408106557,0.9763308408106557
f7c7fefe-c4fe-401f-968d-159bc2d120e7.jpg,0.1590812918399533,0.9995372355359423,0.9995372355359423
6160321a-0307-4138-8866-b63314e44d51.jpg,0.16556274879489813,1.0402614306443687,1.0402614306443687
18c6ff73-8e2a-4097-a822-3fba83af0b8c.jpg,0.1637426694328551,1.028825534738879,1.028825534738879
dc544eeb-3232-4e46-b90b-4627e0c41142.jpg,0.1619381030222503,1.0174871095819373,1.0174871095819373
0e4c6d98-9fc0-4122-8ae4-23846212a0e7.jpg,0.17071644520661194,1.072643060216113,1.072643060216113
93ec5496-a9d2-4d93-9131-9054516c5cf4.jpg,0.1671286026431079,1.050099980536631,1.050099980536631
86b5482c-2eda-4acc-ad06-548008ac012e.jpg,0.174856346472656,1.0986548270240952,1.0986548270240952
663d8afd-598f-4c83-9dcb-ccf4cb798e52.jpg,0.19489764163047907,1.2245779982965785,1.2245779982965785
02d91b7e-f00b-4aa5-aec9-3e775f2cdd49.jpg,0.21042563056906455,1.322143230245546,1.322143230245546
04964737-82f2-4d68-a320-82de14ea0cfe.jpg,0.22991386265608293,1.4445914037576058,1.4445914037576058
5ea602a4-9d79-4d5c-a796-01614cc8cb0e.jpg,0.2526722674809772,1.5875866785682264,1.5875866785682264
2e1d7b95-bc20-4477-a305-0346996edcaf.jpg,0.2561538670770228,1.6094622139955825,1.6094622139955825
d2875534-1880-464b-81f9-62a6388d8f5f.jpg,0.2558945129378905,1.60783264387923,1.60783264387923
5134d9bf-4285-47a2-a560-2c590df37ee6.jpg,0.2554122929970907,1.6048027666323676,1.6048027666323676
1111ea93-64e4-4bcc-bc2f-c96a19b1cc00.jpg,0.2675416601506249,1.6810138281168407,1.6810138281168407
5cf62e60-73ee-4d6a-85fb-7859b7b47582.jpg,0.26952181702447914,1.6934555206925521,1.6934555206925521
37302ea3-b297-4497-89d8-25ebdb217d36.jpg,0.28650906970328455,1.8001895771333694,1.8001895771333694
52ea7a52-dcde-47be-ba2c-68b234700992.jpg,0.2816565676982737,1.7697004078324257,1.7697004078324257
302c1dba-5ac4-49c4-8940-a8aa902cd3aa.jpg,0.28394065845082744,1.7840517732891361,1.7840517732891361
a09a4f50-f9a7-49e9-9d0b-ef681b8a6084.jpg,0.27939055770828036,1.7554626471573775,1.7554626471573775
996a8fcd-68a1-4a2f-af46-b8911636706b.jpg,0.2814718705632518,1.768539921507378,1.768539921507378
509125f5-c8ad-49ff-8dca-1a4b622a8874.jpg,0.2739986482139774,1.721584280645131,1.721584280645131
28684bcd-cf48-4a7e-8fc1-ff348aa0bd56.jpg,0.2734673222109903,1.7182458609098399,1.7182458609098399
64031668-6d37-4d8a-b5ac-9847da2a9fde.jpg,0.27167854597161806,1.7070066483247843,1.7070066483247843
37d6ba99-3cb7-48d9-8a3d-20eaaca45048.jpg,0.2720289650193041,1.7092083961365614,1.7092083961365614
ca85e56c-e816-400e-aee0-70f1dc7fe9ef.jpg,0.2760799716784371,1.7346616216565125,1.7346616216565125
795edfce-bce4-4c6f-8a2a-4cc388c20129.jpg,0.2801082322623129,1.7599719293706113,1.7599719293706113
ac383903-582f-4566-8b67-974b32f0263b.jpg,0.28385167237842507,1.783492657306474,1.783492657306474
5bada33e-e0e1-44c8-8a4c-b252d6d529fb.jpg,0.2865172312590989,1.8002408577009459,1.8002408577009459
966adcb2-6f1b-4202-8066-e747aca7c071.jpg,0.28853466268275224,1.812916753180287,1.812916753180287
4ffec8c1-f8a8-4725-bad1-365e75f719fd.jpg,0.2821527689125249,1.7728181320112135,1.7728181320112135
6d6637ad-f78d-4273-aa1f-590d444aae49.jpg,0.2894375513079609,1.8185897697242175,1.8185897697242175
5bd44362-edba-4bc5-8399-649fae33ebe9.jpg,0.2884166257080726,1.8121751049952757,1.8121751049952757
7cf2ded2-8327-454b-8440-607291a6683f.jpg,0.28839625715421957,1.8120471255969781,1.8120471255969781
25234899-3deb-4560-a3f1-a6d9183a96df.jpg,0.2907285483523541,1.8267013433851613,1.8267013433851613
0fcb7490-83cd-4887-8645-bfebfd48b213.jpg,0.2872930676176599,1.8051155813098319,1.8051155813098319
11e1c92f-b7a4-49fc-bf78-bde72ea6f7b2.jpg,0.29338493272847205,1.843391898667407,1.843391898667407
398ebf97-3480-4e52-9a3a-9ffd45d33acc.jpg,0.29128902437973353,1.830222918125418,1.830222918125418
dfab59e9-f6f1-4af9-a3ad-07c5a51fa64a.jpg,0.2865652596224153,1.8005426288076634,1.8005426288076634
dfb50ac5-c80b-4cb7-b0b2-afd3e72b18b4.jpg,0.2909031006535691,1.8277980878394897,1.8277980878394897
c9a74be5-041f-43f8-b131-c33865f73de6.jpg,0.2875154883526239,1.80651309200377,1.80651309200377
9b4fa609-a2c1-47fb-a921-35939266238c.jpg,0.29079441976005277,1.8271152256461767,1.8271152256461767
2d3a1737-d5f5-45a8-ba82-7088dd5cfd60.jpg,0.29042166291407284,1.824773125308365,1.824773125308365
1dfe87e4-ac9f-4f53-acb2-4136b46d03bc.jpg,0.28914430674306024,1.8167472597826235,1.8167472597826235
542b625d-66bb-4e1d-83dc-9bcef50b20bd.jpg,0.2870966883854958,1.8038816942036633,1.8038816942036633
83ed1448-bfcc-4155-a21a-3d641ad9e7c7.jpg,0.2898046857111332,1.82089654321199,1.82089654321199
2cc4bf9f-5a36-478b-9c75-419814164889.jpg,0.2794131875612665,1.7556048347171636,1.7556048347171636
3e394150-ddd2-44dc-98a7-80ceb8d2cd85.jpg,0.28955537846945467,1.819330099614102,1.819330099614102
2271dd96-c0e1-4d99-99fa-2db74768de7b.jpg,0.2830844721574188,1.7786721961501823,1.7786721961501823
88650ce0-efad-412a-bd05-6c90ddebd3eb.jpg,0.28175050508278393,1.7702906338265754,1.7702906338265754
611da7bb-f7fd-4dbf-88f3-bfb39987f2db.jpg,0.2839650445311644,1.784204995550809,1.784204995550809
b0cca781-e2a2-44d9-9f81-25e402db3a2e.jpg,0.28752955878513986,1.80660149913862,1.80660149913862
2bb4fe80-7ab3-40a2-93b2-eb75b87ca9d5.jpg,0.28258870148749,1.7755571771611551,1.7755571771611551
ed9ef6c9-f72b-48fe-880c-f73fa75952ec.jpg,0.27946347562625684,1.7559208039482375,1.7559208039482375
d5223d31-4e15-451f-846a-30e802812adc.jpg,0.2858935816699381,1.7963223517655023,1.7963223517655023
6a4e43d6-3940-4db2-b8b8-4077bcf1adbd.jpg,0.27970955070542236,1.7574669392701132,1.7574669392701132
30bb9fa4-6af5-4635-bdcf-a0fdef16c421.jpg,0.2896084193245812,1.8196633651357133,1.8196633651357133
2978647a-ce6d-4d83-b7c7-834f3684bca4.jpg,0.28507829647030336,1.7911997637779962,1.7911997637779962
71e006bb-6dfd-4196-9650-d632f010c582.jpg,0.2851414563691005,1.7915966091261213,1.7915966091261213
7c2162a0-9cbe-44e1-bae9-a0a3a9579d9a.jpg,0.2880607810686451,1.8099392671851862,1.8099392671851862
73773117-95e2-46be-9600-eb2e34fa6ec8.jpg,0.28917180880107857,1.8169200603094815,1.8169200603094815
b915f10f-3cd8-432e-b9ea-bee0d7d3b6e7.jpg,0.28979776423432985,1.8208530542906352,1.8208530542906352
6797f45f-a501-4821-b03c-c9993cbc5b43.jpg,0.2833847296775526,1.7805587697890575,1.7805587697890575
34088f03-706b-4648-a1ff-ad6747153e56.jpg,0.28728908456842595,1.8050905550734075,1.8050905550734075
e9702e2b-18a9-4b7d-9b8b-5f6bc164e1ef.jpg,0.2832445108110511,1.779677748667266,1.779677748667266
37198ac9-e833-4c4f-a0a0-1297501ff942.jpg,0.2852136692921147,1.7920503363029927,1.7920503363029927
2849eec5-4b2b-41ea-a07c-7d2384374a00.jpg,0.28229814628785005,1.7737315649998528,1.7737315649998528
84ac75f8-7512-49dc-869c-9be81e6baa73.jpg,0.2900979713171605,1.8227393110225878,1.8227393110225878
12ca6382-8d37-4322-9a1f-05c293d53b42.jpg,0.2883679644567099,1.811869357335685,1.811869357335685
00b8289d-eb3b-4e64-9b96-8bc4c12d741d.jpg,0.2819831556337567,1.7717524203501547,1.7717524203501547
90bc85eb-f994-476a-b3bc-0f2289d82184.jpg,0.2897997113559793,1.8208652884167744,1.8208652884167744
ae2616ad-f4d4-459c-804e-100cc2f110f3.jpg,0.2876000294492579,1.8070442793799935,1.8070442793799935
f5639552-090b-4be2-be8f-11ae3d3de09c.jpg,0.2782682274447371,1.7484108381356795,1.7484108381356795
0df9a192-c060-49c7-9bf7-b61c3dc519fb.jpg,0.2856852337610762,1.7950132632457594,1.7950132632457594
299f897f-b21c-4ead-88eb-c38e3345e4b7.jpg,0.2816729421404027,1.7698032914866242,1.7698032914866242
bfaa5ee1-be39-41e2-985f-c60858731e01.jpg,0.278362753514153,1.749004762946179,1.749004762946179
4c63a877-2fa2-48ab-aafd-bf25185eb68b.jpg,0.27610135790291124,1.7347959952679042,1.7347959952679042
d9d25977-173b-48e6-90bd-60aa91f8d904.jpg,0.2690116878206246,1.6902502843741303,1.6902502843741303
ebb1d127-388d-4f78-b41c-eba062a8adc5.jpg,0.28124915562178326,1.7671405622594536,1.7671405622594536
5d1b52fb-9d71-4106-9634-0b789a4a7cf3.jpg,0.27644806451783704,1.736974417176708,1.736974417176708
91e8c550-26ec-412f-bf83-a394d8c755d2.jpg,0.2701288141941708,1.6972693963906584,1.6972693963906584
9ef6b113-605a-47f1-a082-23b36d8b135b.jpg,0.2638225639005009,1.6576460572020748,1.6576460572020748
807fe501-d275-4038-affe-bc3f29157eca.jpg,0.22063201547702838,1.3862718379386838,1.3862718379386838
666d8e54-b9fa-40bc-b182-9f99406f21f4.jpg,0.18190305600054502,1.14293060879369,1.14293060879369
1b077490-7a92-4582-ace0-5a255f306d5b.jpg,0.1595247445064903,1.0023235308147571,1.0023235308147571
4d050171-984e-4cbe-aab9-34b9ed9d387f.jpg,0.14967758820045324,0.9404520229951644,0.9404520229951644
8f13b761-fe32-498f-ab72-daa94dcde6be.jpg,0.13468348056296317,0.8462412661930175,0.8462412661930175
8a092c95-9d3e-4dc3-a70d-a59e1746bdb6.jpg,0.139220569232066,0.8747486350560955,0.8747486350560955
5a90b32c-ea9c-4e17-a575-b33b80cca772.jpg,0.12554971506030502,0.7888521249874921,0.7888521249874921
96daf8bc-0d25-4c53-99c1-cb1166362948.jpg,0.10880750085350664,0.6836576906736832,0.6836576906736832
b1e68ada-20ac-4bab-9794-8190b64cb3a7.jpg,0.10228526577346758,0.6426772790488106,0.6426772790488106
4398e32b-dda1-41ab-ba68-dab2ff7d6ae8.jpg,0.10376755406869052,0.6519907710863596,0.6519907710863596
5d322d41-56dd-4f98-8175-54d51d068735.jpg,0.10199826055368713,0.6408739720688021,0.6408739720688021
822128f7-e429-4c0b-a0c9-3d087537d1d5.jpg,0.08516320174709156,0.5350961779296965,0.5350961779296965
d91d4ebc-e681-4228-a345-3d6a93229526.jpg,0.07594452874511344,0.4771735471719745,0.4771735471719745
8d30b65b-eb34-4bc5-b8f9-fe85589c1fac.jpg,0.07361286585301403,0.46252327714703967,0.46252327714703967
874dbe9e-21e7-410b-9836-9ec0ce6f6efa.jpg,0.07526690614723718,0.4729159188211855,0.4729159188211855
254ae77a-0e6b-4e19-85d3-4793b8a85c19.jpg,0.06718257943835718,0.42212059602551116,0.42212059602551116
00899340-9baf-4975-9ced-063a8b05a439.jpg,0.07168944909269002,0.45043809321898887,0.45043809321898887
c76bb527-32da-4803-b562-91e9666d32a0.jpg,0.07076168432729178,0.4446087752765197,0.4446087752765197
e600e713-6b49-4bc3-917a-95c8a0fe077a.jpg,0.06678202587133289,0.41960384373844584,0.41960384373844584
3f4ef49a-e10c-4d69-8d79-e6001048cdf9.jpg,0.056510633385187796,0.3550667813852242,0.3550667813852242
f6da2ddf-45e8-4ee2-8386-057e88621b79.jpg,0.05473196440934616,0.34389107460987983,0.34389107460987983
a992d207-de4b-4217-9451-15f6644a0e2d.jpg,0.04969494394599427,0.3122425416425843,0.3122425416425843
aa305ea8-922f-42e0-8351-ebd21f37d775.jpg,0.04458140155590891,0.28011320722956,0.28011320722956
ea0ce084-960d-4e6b-8e8c-b768c06c2dd0.jpg,0.0415118503921504,0.2608266484577965,0.2608266484577965
03326281-f76b-49ea-b16b-97b44f1b46d8.jpg,0.0327195029507867,0.2055827001986021,0.2055827001986021
14a4199b-1ab5-4ef8-af88-ec8726f848c5.jpg,0.0368042599660967,0.23124798546059666,0.23124798546059666
be024f2e-869e-41af-b906-68823347f2b6.jpg,0.039675231130687855,0.24928682929929205,0.24928682929929205
e924e5e9-f04f-41a8-84ad-6f9eccf8e7c1.jpg,0.04491929876179042,0.2822362779888917,0.2822362779888917
52eed6d2-4a52-4aa6-a934-6004866ff11d.jpg,0.04566894441426346,0.2869464405381014,0.2869464405381014
a159e15a-56bd-47db-b76e-3fa2a6d5c2f4.jpg,0.04467412658463768,0.28069581576767644,0.28069581576767644
5494c7aa-2a91-4528-a4d9-82d745027243.jpg,0.04256638483063031,0.2674524837475684,0.2674524837475684
499e129b-e220-4c5a-a295-93735280e493.jpg,0.04205824476586868,0.2642597455586688,0.2642597455586688
9277ee74-7d3c-4c9f-a640-08ac1fceabf0.jpg,0.04214327786441947,0.26479402427410714,0.26479402427410714
70e36780-12be-4d4d-a123-085c5869300b.jpg,0.04674470892812051,0.29370566832555317,0.29370566832555317
5d70eb4e-dde0-4436-8110-bc7322f9950e.jpg,0.04255677262414473,0.2673920884730086,0.2673920884730086
eae8d7cd-56ee-47ac-89c1-2563550bb271.jpg,0.04897331935858247,0.30770844063765895,0.30770844063765895
953ca046-6cbf-4a66-81f7-659688e452c7.jpg,0.04623613789559425,0.29051022228632706,0.29051022228632706
66a590fe-af1c-444f-88f1-ff12710366fd.jpg,0.04827167064220464,0.3032998517321124,0.3032998517321124
eddd1050-2f42-45b9-94de-85f20fb14e7e.jpg,0.0434005738754419,0.2726938480973387,0.2726938480973387
26555a92-430a-4f4a-ad2d-fb558e99eeb6.jpg,0.04095785408246269,0.25734578698453503,0.25734578698453503
55d1ab35-aab0-47ce-9639-b8e729abb2a6.jpg,0.04624623171864535,0.290573643647015,0.290573643647015
fcf29d20-4ea0-4b87-85f4-cbadb0ba08b6.jpg,0.0441479968288703,0.27739004501656883,0.27739004501656883
551b8658-dad1-451c-9ad9-6a087f89cc81.jpg,0.04700278748964318,0.29532722375141046,0.29532722375141046
74dfff38-88eb-4e65-ad43-c6c612699d1e.jpg,0.04458237248904539,0.28011930778237737,0.28011930778237737
ecfe567b-d711-455b-9242-6b6b551b5a2a.jpg,0.051442211142944665,0.3232209452221799,0.3232209452221799
10cbcd6c-7a3a-45fd-8b02-09f966686825.jpg,0.053560560875926526,0.33653092913991933,0.33653092913991933
bd7f0854-7507-434c-b2de-7f7636740e64.jpg,0.0554448799826936,0.348370455265596,0.348370455265596
7238319a-0956-4bbf-bf46-477f5b5e92b7.jpg,0.0455004693598863,0.2858878805518126,0.2858878805518126
f13716f7-3a7d-47f4-b9f5-14e66cc5d726.jpg,0.05253115750825561,0.3300629970250083,0.3300629970250083
77b1d649-366b-4ab7-a3e2-d2977593168c.jpg,0.05292665123221166,0.3325479573804506,0.3325479573804506
9f780952-51ae-4314-9442-1868fcd10509.jpg,0.0744120904008949,0.467544953083422,0.467544953083422
e4fe6101-17d3-4787-a877-9fb66b923f8d.jpg,0.0816901674721478,0.5132744600020388,0.5132744600020388
50e86fe7-6c7f-4a4a-ac29-e2c17bfda582.jpg,0.10204173994379043,0.6411471611338643,0.6411471611338643
0655dc97-780b-487a-a36b-f8aeb9014e4e.jpg,0.11370918991571516,0.7144559113697146,0.7144559113697146
f2512d5e-aa75-46bf-b33f-ab10e894486d.jpg,0.1250584056068497,0.7857651366482632,0.7857651366482632
604268a9-ef5b-4715-9b54-bd21070d748f.jpg,0.12917344184138033,0.8116206718555776,0.8116206718555776
d3001664-c683-4cb1-99d2-32490bee368f.jpg,0.1290165780142005,0.8106350673614134,0.8106350673614134
be530d66-d5e7-43f0-9810-c9cb45007fe7.jpg,0.1358374877769075,0.8534921073640518,0.8534921073640518
e6a72295-81d9-4365-ab21-6afd2bbdba37.jpg,0.14405894199511268,0.9051490277115283,0.9051490277115283
9266ff75-2e88-4f8a-b18b-fa6329a6cdb4.jpg,0.14800434645277802,0.9299387350308119,0.9299387350308119
7f0deb9f-7a5c-40cd-8654-10246b046d80.jpg,0.15375634248674735,0.9660795919984033,0.9660795919984033
7b214921-c548-471e-8983-2a57205f7033.jpg,0.15237075324246968,0.9573736780169718,0.9573736780169718
cdd5672e-08c6-4d7a-8133-4a61aaed34c3.jpg,0.1633970319341717,1.0266538302855412,1.0266538302855412
ab5fcc98-9c7f-469f-a586-d81d5d8a060d.jpg,0.170964559190024,1.0742020063511937,1.0742020063511937
dc01cd0a-0c96-4c90-8c50-b65437f80074.jpg,0.1521352674895084,0.9558940773939153,0.9558940773939153
cb7086ae-0efc-463f-81c0-b07ca037e9a3.jpg,0.16027303050353045,1.007025150396928,1.007025150396928
30b944e9-975a-44a4-8484-0f7a57408f69.jpg,0.16834734872546847,1.0577575880145016,1.0577575880145016
25b3af2a-32ed-4540-8cd1-f3acb46255bd.jpg,0.16407234973175827,1.0308969771490142,1.0308969771490142
44ec4562-8b4f-4f48-874a-e61430af1fb5.jpg,0.1657047322764071,1.0411535391692481,1.0411535391692481
06dc5e52-5682-46df-b557-93bdae360ffd.jpg,0.1627641657728653,1.0226774149194098,1.0226774149194098
17646c9a-52fa-4969-b47d-151ff3b6332a.jpg,0.16832170396818186,1.057596457252312,1.057596457252312
3f9a329f-bb37-438b-832c-865071028165.jpg,0.17085017254110563,1.0734832938393721,1.0734832938393721
d2b1f5bb-ab7e-4195-bbea-7668db7e732b.jpg,0.17314611076549558,1.087909099157051,1.087909099157051
7849c87b-7a34-4e01-a278-e60795e8758d.jpg,0.17853473960969884,1.121766852736793,1.121766852736793
8d13197f-3103-4385-bae4-8a35c513b8cf.jpg,0.17612682925223552,1.106637505757774,1.106637505757774
0e26809d-92f0-4ec2-8158-e6c673f4fa6c.jpg,0.17871029842008646,1.1228699212747664,1.1228699212747664
7719f034-8c96-47bb-8f40-d590d25b85de.jpg,0.1681687238129294,1.0566352545885398,1.0566352545885398
4d20ba73-e3b9-464a-b043-8f6b7038aee5.jpg,0.1738778151717629,1.0925065335317083,1.0925065335317083
440efcbf-d485-4f5c-9724-32f2e8f39cea.jpg,0.17411685316950176,1.0940084535669587,1.0940084535669587
5904f2a0-6be6-4a0d-8d7c-5356ca949c90.jpg,0.17409286635708285,1.0938577399796023,1.0938577399796023
f7f4e068-ceaf-4e48-b0c1-3113caa6e52c.jpg,0.18049122440933427,1.1340598092835825,1.1340598092835825
7bb4557a-dfb3-43e9-848a-a721333449e2.jpg,0.18137758113041708,1.13962895281041,1.13962895281041
88478945-5ae4-463e-b1ba-250125d3ed77.jpg,0.1768833097101143,1.1113906126558863,1.1113906126558863
dc1c1cca-16a3-4630-8b6d-7612baf263eb.jpg,0.18090018082223766,1.136629358208414,1.136629358208414
39533b04-9bce-436b-9782-96c2877c9d5c.jpg,0.1841018285522381,1.1567459041843178,1.1567459041843178
a8873abc-08d5-467f-89ba-c5797bd75a5b.jpg,0.17645639955542355,1.1087082570444478,1.1087082570444478
0a71ec24-c9e5-4c35-bd40-01dc87286d97.jpg,0.17236594672481914,1.083007183919483,1.083007183919483
d89923a7-3141-4126-bd60-e2d0b741f8e6.jpg,0.1810736028551061,1.1377190009772742,1.1377190009772742
f70397b3-52af-4644-b077-83a329451fa8.jpg,0.17861528102103838,1.1222729093491413,1.1222729093491413
8c802a31-8e92-49bd-aa80-c50cc29efc05.jpg,0.18262649102933678,1.1474760851372934,1.1474760851372934
56b4c1c3-2d22-4143-a3a4-4754567446ec.jpg,0.17900851014142458,1.1247436407807068,1.1247436407807068
24588565-7edc-4a78-bda1-223775a1a13e.jpg,0.18105869635473132,1.137625340673138,1.137625340673138
c41f0c16-058d-444d-9726-ab9495e5a4a1.jpg,0.18582868822295723,1.167596083494941,1.167596083494941
09795e82-be42-463d-ae6f-4b445abf3506.jpg,0.17973569154394553,1.1293126562846807,1.1293126562846807
f9725da9-a7ce-4ba4-a279-d60a6a6bc4e9.jpg,0.18795296070224193,1.1809432811252287,1.1809432811252287
5b39b46c-33cc-402c-a5a3-360a3ced93e9.jpg,0.18705526605364006,1.1753028992987997,1.1753028992987997
b119bd53-bbf3-40c8-89a8-d542d7772cac.jpg,0.1930226538425017,1.212797102576018,1.212797102576018
4f5abf5d-cea9-4b03-ab61-868bd3d23aac.jpg,0.19490542071127231,1.224626875702722,1.224626875702722
47ef2ab5-a7e1-4a25-858c-1d09bc2a23c7.jpg,0.18455014476854822,1.1595627580476078,1.1595627580476078
1cfce3fe-d988-4d2d-922d-bd762c2f32b7.jpg,0.1820307678629281,1.1437330460909678,1.1437330460909678
33b9ae60-81d3-453f-8b5e-e515932e6593.jpg,0.17716413089820487,1.113155064218842,1.113155064218842
9226ea35-3608-4649-aec7-532a6c4cf237.jpg,0.1813015411101737,1.1391511792724591,1.1391511792724591
65ff110b-5ba5-4b0b-95a0-be39b5c10faa.jpg,0.17844255509041412,1.1211876403196739,1.1211876403196739
9d564a72-8cd0-4a89-b02e-eb58d0355031.jpg,0.1860105037334053,1.1687384640388057,1.1687384640388057
af530a86-ef10-44cc-b2cf-8d8aabf032ae.jpg,0.18696236470461866,1.1747191829076111,1.1747191829076111
3f464eb5-6f9d-4324-af01-f96e072ecfcc.jpg,0.19287434971807865,1.211865280280449,1.211865280280449
2ceb563f-39dd-4e23-a143-3a48eb2175b9.jpg,0.2137549527134443,1.3430619782259805,1.3430619782259805
c734764d-b27c-47cc-94b5-cf2862fd6c30.jpg,0.23584087095414832,1.4818318952115417,1.4818318952115417
cd7175dc-9819-4c85-96db-2318f5929c7d.jpg,0.2653593804723547,1.6673021605061766,1.6673021605061766
cc0e56ec-d331-4f2e-b1ad-a1b5c0db6db7.jpg,0.2739597497001291,1.721339874074448,1.721339874074448
79b7644f-3e1a-44dd-8b07-be2c0c868865.jpg,0.35557279609813747,2.2341297680765804,2.2341297680765804
4f02da0f-43e0-4268-8b32-b5dd836c1098.jpg,0.44308265732311236,2.783970442358667,2.783970442358667
1a3bd15c-008e-4b5a-af11-bd5ccec82df4.jpg,0.5,3.141592653589793,3.141592653589793
67e9ae50-0f74-47aa-87ad-568614e8e281.jpg,0.5,3.141592653589793,3.141592653589793
06692180-1d94-4737-9e2c-e8e02356affe.jpg,0.5,3.141592653589793,3.141592653589793
f2269297-45de-48d5-ba08-957bd189445d.jpg,0.5,3.141592653589793,3.141592653589793
82ee05e5-7d0d-48d6-a419-8c1f59f863d2.jpg,0.5,3.141592653589793,3.141592653589793
8f3803dd-6182-4d13-95ca-62f361f8237e.jpg,0.5,3.141592653589793,3.141592653589793
22471493-f184-4793-a15a-ce96f42d2376.jpg,0.5,3.141592653589793,3.141592653589793
1020949e-5a21-4107-9a9f-066e8cf7d698.jpg,0.5,3.141592653589793,3.141592653589793
40ff7c60-3cb2-4df7-8c52-2391d20e59a3.jpg,0.49420049796053017,3.105153307586438,3.105153307586438
65abff54-c429-4239-9acf-c8381c75c3b5.jpg,0.5,3.141592653589793,3.141592653589793
0596edce-ab5a-4862-ae70-94f8caa2441e.jpg,0.4930434687425168,3.097883478603839,3.097883478603839
bf3f645e-2e9d-44cd-bfdf-4cf3b9dc94e8.jpg,0.5,3.141592653589793,3.141592653589793
0fa06b24-4fda-4a1b-9fd7-59b5bfc0bcad.jpg,0.49416742118683754,3.104945480087964,3.104945480087964
36048878-b0c8-4d0d-87e7-3a15b25b37ba.jpg,0.5,3.141592653589793,3.141592653589793
ef24fbae-68f3-4da9-aed0-141e93bb3c92.jpg,0.49442127329837726,3.106540479945387,3.106540479945387
80b3f211-dbc2-45ab-a247-9a54be547bce.jpg,0.490746923072152,3.0834538565905363,3.0834538565905363
8042097e-3d89-421b-a2c3-10be6c08bc5e.jpg,0.49676560595951114,3.1212703564769644,3.1212703564769644
56a8c0f9-23c4-41c1-919f-64f6f4db7f51.jpg,0.4923482073433388,3.0935150223958745,3.0935150223958745
3ef2763d-63f4-4e6d-95cb-732a25f61ca5.jpg,0.49916059618263225,3.136318523857718,3.136318523857718
577d9ed1-5b19-44f7-9a85-caecea8c9c9b.jpg,0.49238540238437517,3.0937487257312144,3.0937487257312144
0b51374f-bcc4-4cf9-b199-367df678ec87.jpg,0.49142624554081205,3.087722165544458,3.087722165544458
2f80d3b4-502c-42e4-8212-0054cca373ac.jpg,0.4893575987821326,3.0747244746245785,3.0747244746245785
0702c36a-1c4e-4fbe-8b4c-a69eb4823252.jpg,0.49552650575721474,3.113484860291772,3.113484860291772
57f41252-c323-4598-aa5c-3e2ddb1c4b5b.jpg,0.4923114270364481,3.0932839249120256,3.0932839249120256
804c8e8b-9ebd-4aaf-a5f6-890d6e5e37b9.jpg,0.48706908481133876,3.0603453172680113,3.0603453172680113
fa2491c5-1426-42c0-a431-0ab21df16700.jpg,0.48188652273377514,3.0277823193687174,3.0277823193687174
51286f31-ffd9-4793-81be-f021b3bed011.jpg,0.4889523255935708,3.0721780680808135,3.0721780680808135
26e2ffd1-d648-45e7-b2ec-d12b01ad7a76.jpg,0.4824707486685928,3.0314531191784373,3.0314531191784373
947778f1-645b-4761-9f2b-abbf3c3982d3.jpg,0.48568788665107193,3.0516669932811196,3.0516669932811196
9852716b-2b97-4b40-b57a-c7c180af9e49.jpg,0.48566772957779697,3.0515403426544823,3.0515403426544823
6003c0c4-93cd-4db5-8422-bcc10fce37c5.jpg,0.48104417124184556,3.022489668851145,3.022489668851145
61bb63ed-62e2-43e7-9b94-70f7beaf5127.jpg,0.47546738804375815,2.987449706599596,2.987449706599596
c91d25eb-f9aa-4999-85c9-ed6240641cea.jpg,0.4776882471211307,3.00140377572386,3.00140377572386
029e7944-01be-4d45-87b0-34e8d6b28b48.jpg,0.481975901306739,3.0283439015051408,3.0283439015051408
bd91aee4-aa78-4316-8bed-e5aed208ce72.jpg,0.4745304443262091,2.981562715599838,2.981562715599838
0c7add9c-919b-4660-bd2c-28ab46c34845.jpg,0.47899148105778605,3.0095922360464704,3.0095922360464704
432a6e94-5cd9-4ece-accb-2fa792d99d16.jpg,0.4818601145652956,3.0276163919525376,3.0276163919525376
8beee26f-0e79-432d-bf5f-0ab7843f0245.jpg,0.4549198016485933,2.858345413663493,2.858345413663493
6151eeef-6bdf-48eb-92e0-b704183e2365.jpg,0.43299777727544764,2.7206052722185117,2.7206052722185117
7611acf4-b758-44a0-a5ad-c1ddbc2b8ceb.jpg,0.4148275948686273,2.606438649091205,2.606438649091205
775cf909-946a-42ea-89d1-e3721837ec70.jpg,0.36454975772112425,2.290533681449246,2.290533681449246
ba9731f5-6b5a-458f-9e2e-683e552b6e90.jpg,0.3591261050329345,2.256455866567567,2.256455866567567
857bca1d-dcb9-445c-af7f-1aff5166a0d1.jpg,0.34196323548309865,2.1486183767829985,2.1486183767829985
b09d2013-c6b2-4889-858c-1b5a1658d61b.jpg,0.33537380681351325,2.1072157753835516,2.1072157753835516
6e612fa2-e85e-4745-ba66-55dfa1d59765.jpg,0.32788666385977616,2.0601726687838773,2.0601726687838773
8c8e0bf0-ebb8-4372-b03a-8e42799805b6.jpg,0.33706646230759485,2.1178510435140816,2.1178510435140816
379e0288-4145-4abd-b7cc-4fa6c01f46d8.jpg,0.3336350284031036,2.0962907084228246,2.0962907084228246
bcef6f14-dfa9-4ef4-8316-a0adc6666495.jpg,0.33897268204176745,2.1298281753400907,2.1298281753400907
ab61377c-6f9e-48c8-affe-247d03e76e5f.jpg,0.34180833233955943,2.147645091627477,2.147645091627477
0b958fa9-17d7-4b55-a0b0-ba36bbb17d11.jpg,0.34033294804729364,2.138374978719869,2.138374978719869
7e3273e8-d112-40dd-9aa0-5161f4bd9c0c.jpg,0.3435532020926107,2.1586084316227905,2.1586084316227905
28efc753-7406-4f03-a138-7b990e2f6558.jpg,0.3347671273188801,2.1034038956967054,2.1034038956967054
21963b18-dc14-45e2-ab16-d9e1d7c53b9b.jpg,0.3439452933728187,2.161072013793667,2.161072013793667
1889580b-aa56-4403-a5f4-90d92bcc5be0.jpg,0.3436013251251758,2.1589107975539408,2.1589107975539408
1aedb03d-5f2c-47dd-bce1-cd5f245a4354.jpg,0.3427709411241569,2.1536933409994217,2.1536933409994217
7037f008-442f-4e77-9f20-980473606ebb.jpg,0.34091815151134514,2.142051920526908,2.142051920526908
6238346a-588e-4d89-ae45-7ad8a622b71a.jpg,0.3491449049122961,2.1937421366215526,2.1937421366215526
e821ce5b-60a8-41d6-9ccf-6585aecf49ee.jpg,0.3303069446446192,2.075379741450452,2.075379741450452
329975b9-f9b9-487d-b279-7af19cab864f.jpg,0.3430295120765623,2.1553179902084385,2.1553179902084385
5f382de2-7af5-4af5-810f-f5ac02fda5d2.jpg,0.3376129681047801,2.1212848407092446,2.1212848407092446
1bb7a573-882c-4787-b77c-f8bccb5f54dd.jpg,0.342843115148013,2.1541468237656742,2.1541468237656742
ff2d8e36-744a-4bab-b78c-346762237eda.jpg,0.34882891159971335,2.1917566920827656,2.1917566920827656
84d97dd1-b571-4ccc-84e9-bb5c456b363e.jpg,0.3423599157464725,2.1511107923854773,2.1511107923854773
4cd5c110-823e-4a46-b701-08905d4c9d64.jpg,0.3456231028525352,2.171614001664868,2.171614001664868
85c1cb05-0137-4e00-b89a-e2b41807fd91.jpg,0.3447914142306666,2.166388347935795,2.166388347935795
051ac6e9-669e-4998-8dd8-66fc1831933e.jpg,0.33911694081561894,2.130734579948386,2.130734579948386
0db67a70-b0b6-4335-b497-7f3285a0199a.jpg,0.34461858446603466,2.165302426498016,2.165302426498016
43af5c3f-0b73-4651-b0a0-8a592be31508.jpg,0.34772749614542514,2.1848362946832816,2.1848362946832816
75a31398-a0fa-4c5b-a36a-2eeae15e5082.jpg,0.3433275553293574,2.1571906511953047,2.1571906511953047
fa59dabb-fef7-47c0-9b5a-c1a0a10de58c.jpg,0.35113534717141454,2.206248454178835,2.206248454178835
8f71209b-2ce2-4075-bc72-365e65f0707b.jpg,0.34996218287114517,2.198877245484475,2.198877245484475
3aca7dfd-3d5d-4401-9783-26492f103dde.jpg,0.3429604875607113,2.1548842963846084,2.1548842963846084
159dae09-4969-4a9a-997f-202266103680.jpg,0.35175225938917265,2.2101246279612723,2.2101246279612723
99943bb8-a437-43ce-821b-e1933b45f380.jpg,0.34382923403512505,2.160342791468309,2.160342791468309
ffeec29d-628c-464f-8d71-f7ff36b8e368.jpg,0.3538998341617734,2.2236182382185468,2.2236182382185468
bb9139ef-cd26-4e66-8d9b-160c53fafc2b.jpg,0.33976491882353443,2.1348059458470963,2.1348059458470963
9db268ff-b56d-4499-85a0-3abc8fa94f90.jpg,0.3425012493288004,2.1519988174733706,2.1519988174733706
d5326a2a-fbdc-4e9f-9954-38687fdd1817.jpg,0.34833822828862765,2.188673637912074,2.188673637912074
d140540d-0f3e-4555-9e83-5610eb4f3331.jpg,0.3412846996585359,2.144355010459711,2.144355010459711
e0af5e5b-a3ed-47e0-8658-4688037b2c15.jpg,0.3550499492674108,2.230844624551853,2.230844624551853
adeb1a70-b5b1-46c1-b0ca-fdc30b11a572.jpg,0.3502139227410742,2.200458973736444,2.200458973736444
f06d575b-02e1-4634-8049-95ace7d4b206.jpg,0.35154560498873344,2.2088261800687685,2.2088261800687685
e72a652d-59e8-4e66-a4f9-6e29584419ba.jpg,0.341108813003047,2.143249882010214,2.143249882010214
7ac4f5f9-75b1-46b0-8051-366f6b215be9.jpg,0.3438465831254311,2.160451799017613,2.160451799017613
7a495287-4261-4dc4-b2b2-1aa90265a9d1.jpg,0.3472897544870177,2.1820858827268355,2.1820858827268355
70bd4844-8bce-4a49-b4ee-94c2bb518e24.jpg,0.35044365704392005,2.2019024369326403,2.2019024369326403
88b35a68-019f-494a-ae0e-7a07d335db37.jpg,0.3511682643084544,2.206455278650638,2.206455278650638
a390d030-3e9b-4e25-ab50-4ec1efbee238.jpg,0.34639408038651265,2.176458196378521,2.176458196378521
8128880b-890f-4f0d-af64-0d3aca7fbc7b.jpg,0.3473552412405243,2.182497348134283,2.182497348134283
31036cfd-a9e1-4df8-875c-02197ec91c16.jpg,0.34602243551982803,2.174123082812679,2.174123082812679
e80a293d-5d8d-465b-bfed-efb62a2fc586.jpg,0.3235984374522153,2.0332289476260312,2.0332289476260312
0bd82176-6460-448d-b8a9-2c71559d595d.jpg,0.29056060728442484,1.825646138534676,1.825646138534676
5e0f3541-c7c0-4e5e-812a-97be631c197a.jpg,0.23036956522190155,1.4474546674236013,1.4474546674236013
f3675738-b82e-42a7-b6d1-a506a10ca2d3.jpg,0.21894975753976287,1.3757018995843708,1.3757018995843708
71ec1ebf-4ed3-4bb2-9f57-e7d64dbcf768.jpg,0.2240466988614923,1.4077269264086179,1.4077269264086179
897e0cec-d2f6-46a2-a0bc-b8d0b03c41b0.jpg,0.21577635685375035,1.3557628350202233,1.3557628350202233
00c0400e-6932-44ef-8a55-295cdc666c2e.jpg,0.2149127595659411,1.3503366932301402,1.3503366932301402
6662eed5-14a1-44df-bcc6-8b957143dfc8.jpg,0.21044624781583327,1.3222727722275176,1.3222727722275176
4ac751b7-0be0-4cdd-ab72-2821546c655e.jpg,0.21890731665918647,1.3754352356671096,1.3754352356671096
b708589d-cd95-4502-9cf9-3272efedcce9.jpg,0.21197696680984512,1.3318905633201137,1.3318905633201137
1326fb69-4751-4ef3-b4b3-734efe6acae5.jpg,0.19261314243568747,1.2102240665216004,1.2102240665216004
7f5c28a3-511e-412a-ba70-00f6df28c729.jpg,0.1814206239779934,1.1398993989978807,1.1398993989978807
7c8baa91-1b04-46bd-b553-0eecdd0f87bc.jpg,0.1857301506369324,1.166976953582225,1.166976953582225
693120f5-05cb-445e-8e58-4a08824836a4.jpg,0.17783994927184482,1.1174013562944183,1.1174013562944183
93146dd9-5146-425f-b311-72cbe2da36ea.jpg,0.18916542031571631,1.1885613895541596,1.1885613895541596
76476ee5-421f-4d7f-a33f-3a976eeeecb7.jpg,0.18247498461237427,1.1465241422442911,1.1465241422442911
dd41c6a2-23c5-42f2-b811-acd5ad2b287a.jpg,0.18782345984612867,1.1801296032488306,1.1801296032488306
f3db455b-dc19-47d0-9f09-1e942ea59714.jpg,0.18015220789509806,1.1319297057024424,1.1319297057024424
b94a40ff-5d32-4eb2-bb23-0a2e42d8444d.jpg,0.16705741740237107,1.0496527104779452,1.0496527104779452
b4702cf1-0591-47c0-9bca-e77ce370ab86.jpg,0.1638891422318711,1.0297458504775578,1.0297458504775578
cda28592-2eaa-4e29-a5c8-d2a28642af42.jpg,0.15926060701501743,1.0006639060092597,1.0006639060092597
10147056-2a9b-4720-931a-92a483c69530.jpg,0.16636561071038686,1.0453059608354616,1.0453059608354616
d7a76edc-ca6d-4d2d-8def-28dead98b7a0.jpg,0.16427434088889079,1.0321661250196894,1.0321661250196894
ab871d69-e99c-4c7b-b0c8-f19441282a6f.jpg,0.16114247283000904,1.0124880176480986,1.0124880176480986
4fe5f843-a174-4b7b-a63e-44080179fb55.jpg,0.16486637451882297,1.0358859820246353,1.0358859820246353
62409d42-8fe6-4af8-bd58-d4df8353f128.jpg,0.16589622080611652,1.0423566970856117,1.0423566970856117
655e6c59-d4cb-4b74-81a7-05b41bb96806.jpg,0.16657921952954918,1.0466481046295062,1.0466481046295062
395567b6-ebde-4ca7-b9dc-46a80909540b.jpg,0.16832183211142288,1.0575972624000414,1.0575972624000414
eadd4877-0680-478a-9976-a3455a735661.jpg,0.17326614576179286,1.0886633012821334,1.0886633012821334
71d475e2-72f4-4681-92be-70e9bcfa8c92.jpg,0.17721683604145683,1.1134862204005354,1.1134862204005354
cdcb099d-a58d-4fe2-ad49-d90fd73ae11f.jpg,0.1750673343298875,1.0999805028286456,1.0999805028286456
4b33dccb-fb12-4898-814a-63764e152817.jpg,0.16055427521364368,1.0087922630272337,1.0087922630272337
e9f8baca-5db2-40d4-b371-7e8ae4fbf532.jpg,0.1683027290081007,1.0574772340619258,1.0574772340619258
2148ee83-edaf-473f-b1e2-39bf4591fff4.jpg,0.16455368418447208,1.033921290710145,1.033921290710145
25927e9d-adec-4075-acc3-2a8d9bb66973.jpg,0.1705511439932139,1.0716044420608315,1.0716044420608315
d98525dd-d16e-4718-912f-3388a70eee69.jpg,0.16644395687067692,1.04579822427867,1.04579822427867
1caf7e9b-33c3-4087-9424-19597017d4ed.jpg,0.15358348512487738,0.9649934971620641,0.9649934971620641
549ad104-f276-41ad-961e-c2078d181255.jpg,0.17116440756444304,1.075457690721007,1.075457690721007
2a49ddff-3c82-49c0-96c2-8534a5b5c750.jpg,0.17263261159341234,1.0846826887037686,1.0846826887037686
3c39561d-73ef-4b8e-9c61-93f736085d26.jpg,0.16589891151898922,1.0423736033331994,1.0423736033331994
3ac17389-9a40-4df0-aa1d-b2260b0dfb23.jpg,0.16210463518645207,1.0185334620292226,1.0185334620292226
dcd362c1-ee2e-4e99-84d6-534686426c5c.jpg,0.17256268632425684,1.0842433352800103,1.0842433352800103
21cff473-bbb2-412c-b4f4-c348271d1660.jpg,0.1664255586393611,1.0456826247819884,1.0456826247819884
c1d30438-1301-49a6-a9e1-8f92020dd23c.jpg,0.1714983955363843,1.077556199039083,1.077556199039083
610bca3a-22df-41e1-8030-1ea16c74b6b3.jpg,0.17091160056786123,1.0738692575145319,1.0738692575145319
ffab515b-46f1-48ac-80ff-433d8c906be1.jpg,0.16633530107161507,1.0451155197584647,1.0451155197584647
be8bc47e-41b6-4b05-acbd-bfc91893abbf.jpg,0.1550839968874327,0.974421490621802,0.974421490621802
ea1b8af5-39ce-4347-9b92-3ef07c384934.jpg,0.13231597471130838,0.8313657882112385,0.8313657882112385
0c27bda6-ae68-40aa-95e8-3f1064cdb4fe.jpg,0.10318156399530597,0.6483088868671166,0.6483088868671166
296d2541-fdd3-4d77-8de3-775d31f05b6f.jpg,0.07551054854136299,0.4744467691321629,0.4744467691321629
b36653b3-0480-40d8-9865-7c0a63c4994d.jpg,0.0741404935177281,0.46583845953763253,0.46583845953763253
1f1afeee-6b8f-4e64-ba7f-b49f79ce02d2.jpg,0.06858136741213179,0.43090944007019133,0.43090944007019133
340cbcf1-43b1-4b76-a4b5-9e5ba7865f72.jpg,0.052482489542209715,0.32975720717581836,0.32975720717581836
d67a9dfb-ed9d-4760-944b-9632b5349310.jpg,0.052603847528623154,0.3305197218929602,0.3305197218929602
c7ea2948-1191-4556-96b4-ebc1123eb607.jpg,0.05172626784605652,0.3250057261255782,0.3250057261255782
2dc9f6bb-b93d-4917-b94c-40082d75bd39.jpg,0.04580651271803811,0.2878108076831119,0.2878108076831119
48482c0e-02cd-4922-a19a-e1ef91a17172.jpg,0.052490994612915204,0.3298106461111116,0.3298106461111116
3fef65d9-25dd-4cae-a351-4cd4528ecbc8.jpg,0.04603385636992881,0.2892392499763521,0.2892392499763521
45d8c627-bb76-4040-a2e0-a18069f45e9f.jpg,0.04653083638365288,0.2923618674965451,0.2923618674965451
607c1bca-c4de-4765-a306-d548cdd64938.jpg,0.03878461436580604,0.2436909191278588,0.2436909191278588
d0d55d2b-5380-48fe-9bc1-1e01c10cf6b8.jpg,0.042195620879194956,0.2651229051354779,0.2651229051354779
eeddabbd-7b51-456b-96b4-3de85e91a872.jpg,0.042165589276117646,0.2649342110082715,0.2649342110082715
0f320024-78c1-484e-a8ba-7e77dc8e5916.jpg,0.045787931087667426,0.2876940558561834,0.2876940558561834
47bd3587-888e-47c0-888f-54dc80faedb8.jpg,0.038263344135857816,0.240415681677978,0.240415681677978
19b31c73-323f-4653-8973-693452d0eb91.jpg,0.03447605106420966,0.21661941749621527,0.21661941749621527
71f1d0e5-60da-45ad-9bfc-0992257aefe8.jpg,0.019336379812959954,0.12149405753483393,0.12149405753483393
ecacdca9-4348-4b7b-8782-26e32b4f7468.jpg,0.019254647640782514,0.12098051915148478,0.12098051915148478
ef018e43-1c0d-4628-972a-5f6a6f02c8d3.jpg,0.017450078506102324,0.10964207687867243,0.10964207687867243
e8269f93-f807-4442-9c32-4dc2848ed10f.jpg,0.014521057583176305,0.09123849565132207,0.09123849565132207
293021b2-66ed-48bc-a8a2-42ccbe571724.jpg,0.010069227854798133,0.06326682451191105,0.06326682451191105
45c4859d-b3b3-4a9c-a30d-fa350acbcabc.jpg,0.012612447118052945,0.07924634241972978,0.07924634241972978
e4e668bd-5ed6-4685-baf0-3df9980e4d5a.jpg,0.012404526653065535,0.07793993960905894,0.07793993960905894
a5f4dca7-c40a-4d24-b6a4-55719ffd9b9e.jpg,0.010590666385721554,0.0665431194280064,0.0665431194280064
edc1db58-90ec-40f8-9f7e-345a357cdf76.jpg,0.016306486675487692,0.10245667749114397,0.10245667749114397
277ef2e0-1e75-42c7-809a-21dd4ed19546.jpg,0.013018987977542935,0.08180071397484544,0.08180071397484544
056643b3-ee4b-4d39-9b0f-edb9d80add4e.jpg,0.006645213594937415,0.04175310842278081,0.04175310842278081
eeff0792-2533-4a7d-b4ba-68f6fd992173.jpg,0.011146429439041759,0.07003508167890117,0.07003508167890117
265ecac5-94ac-4552-ba05-eac4825d85ba.jpg,0.007659962765090658,0.048128965499160334,0.048128965499160334
0d0099f7-331e-4dd8-9746-7eb7b00250f4.jpg,0.0033395351741758814,0.020982918339191317,0.020982918339191317
986e7b6d-14e1-4934-98f5-538a0ffd2f8f.jpg,0.004716966985873575,0.029637577660092024,0.029637577660092024
41b0f37e-d44f-4e41-86e2-65de646dc67a.jpg,0.0,0.0,0.0
9dfdf6cf-9e2a-4c70-818b-83d22d233cf0.jpg,0.012588708207866096,0.07909718644803532,0.07909718644803532
c93f980b-46c3-4f69-96cc-c9fb86edd268.jpg,0.0122840378493629,0.0771828861279549,0.0771828861279549
ffe25f2d-5dd0-46e5-9b98-d12a0102fb5f.jpg,0.005949537482503967,0.03738204649458315,0.03738204649458315
c76ce034-07de-414b-847b-39976bcfc542.jpg,0.012913876353388696,0.08114027816234574,0.08114027816234574
9893b965-ea79-408b-bdcf-ebd2340fa3ea.jpg,0.010974001652839791,0.06895168594608747,0.06895168594608747
92a9bf89-de73-4838-baf7-c3bda8b483a7.jpg,0.015178231821504533,0.09536764316984293,0.09536764316984293
daf685ac-8562-44d1-8515-8e084cd4dc37.jpg,0.013696901598388432,0.08606017087687878,0.08606017087687878
bb7b0754-5820-4299-8258-fe071d1fc4fd.jpg,0.011912253100997045,0.0748468936595891,0.0748468936595891
f108221c-864e-434b-875d-d0cdff94ee19.jpg,0.011430622821658926,0.07182072136495903,0.07182072136495903
c3b450cc-373a-46f0-8fe7-2ca9ada63e4f.jpg,0.01005063119412619,0.0631499782468145,0.0631499782468145
ebc3c5a0-9bb7-4eec-a351-17453c358fde.jpg,0.012900440692997967,0.08105585941838647,0.08105585941838647
bf6efb91-1c9d-49f3-9b5b-55fe79bd356b.jpg,0.018958133663143174,0.11911746688380791,0.11911746688380791
81133316-63f9-4e71-9b18-114fc84d90be.jpg,0.023252866660325996,0.14610207014996635,0.14610207014996635
3c624470-4ab1-407b-b3b9-74f9ea9304d0.jpg,0.027180405858419073,0.17077952673279667,0.17077952673279667
66e59a66-0ed4-480b-9db1-a83c61e48cc3.jpg,0.04140865686309946,0.26017826439226766,0.26017826439226766
75feb5be-4d7c-4114-881d-b968490f4619.jpg,0.05322509958292975,0.3344231636726345,0.3344231636726345
39b01666-772f-4775-a43c-c75235194080.jpg,0.05025804621602477,0.3157806175520794,0.3157806175520794
7a64c911-4cac-46a6-adf6-b452bb85626e.jpg,0.05755325399533032,0.36161775988383427,0.36161775988383427
7c8d7a28-83e4-49e1-8c70-8a08b5bdcc53.jpg,0.07318209381843539,0.4598166566286313,0.4598166566286313
2bb811db-09ee-4666-9fcc-d03625ab8ef0.jpg,0.07718093266991576,0.48494210214603156,0.48494210214603156
6d706c50-d979-4647-8472-2f07e6a1fa01.jpg,0.08407666299496888,0.5282692536066781,0.5282692536066781
6690115c-24db-41ec-bb55-8f98923d323a.jpg,0.09536567195916407,0.599200188863128,0.599200188863128
7eed9dff-8edf-4b8c-9abf-590c7b2545a5.jpg,0.12239715975812505,0.7690440358327638,0.7690440358327638
cccdeee2-829e-4b88-b806-4d6530be07ed.jpg,0.13469952690919568,0.8463420883598995,0.8463420883598995
526fad63-73f1-4890-a346-f44e819f07cc.jpg,0.13844027336845327,0.869845891550591,0.869845891550591
9d79d714-fe09-4161-a562-2066c6d2cc42.jpg,0.15282154653084928,0.9602060957830937,0.9602060957830937
8cd3689f-d9dd-4baf-b3b5-906f463a6781.jpg,0.15031624179173456,0.9444648018562807,0.9444648018562807
e053407d-41ca-49d9-b5de-8dd76786f3b5.jpg,0.13203088308186114,0.8295745046738957,0.8295745046738957
f8101cd2-27bc-47f4-a29f-43d48b5c5058.jpg,0.1458104957039687,0.9161543642397483,0.9161543642397483
7dfd9ab8-8c92-4f43-b488-8f98b4cc4ca0.jpg,0.14327000705466958,0.9001920032854156,0.9001920032854156
e9d4842e-c700-40fd-a7b0-29c38c9fa635.jpg,0.14711681684889472,0.9243622220640054,0.9243622220640054
a3b3118b-1b79-470b-be4d-70d9b016d449.jpg,0.14141997764810119,0.8885679257002149,0.8885679257002149
058bec9d-4d46-4ef2-b28f-2a682ca54f67.jpg,0.14656225953868265,0.920877835720492,0.920877835720492
5faf5be0-236d-4dd2-9c0c-963ad3208e6e.jpg,0.14736254172972194,0.9259061570248275,0.9259061570248275
bbc96300-22c2-4ad9-9270-2e9def551b20.jpg,0.14208834810952325,0.8927674211631749,0.8927674211631749
beaf2f38-0486-40b8-9770-bce071ead534.jpg,0.14850859690346346,0.9331070340536974,0.9331070340536974
1acdc8fb-b1e0-4ac8-9259-80282fd40737.jpg,0.13944141126400614,0.8761362264663894,0.8761362264663894
d748622c-cae0-4723-bb98-7f53ad9d070e.jpg,0.1334806625598835,0.8386837377888563,0.8386837377888563
9cddccfe-440c-423c-9af1-f545a6c09e1d.jpg,0.13560996494687486,0.8520625392613428,0.8520625392613428
ab91bcee-a464-4667-bd3e-5e54ba0fc9dd.jpg,0.12770667131789035,0.8024046808533813,0.8024046808533813
a632c324-9730-4d7e-a7b2-fcc13e3eb2ee.jpg,0.135169771202324,0.8492967203932686,0.8492967203932686
7466d254-0c4d-4f84-8b33-0bc658eb0541.jpg,0.13270614567649977,0.8338173046870171,0.8338173046870171
61f80df8-6f66-40a2-909c-6818147e5860.jpg,0.13884006480475977,0.8723578552291282,0.8723578552291282
59a6391b-3e05-4941-81f0-d78d17ad4b32.jpg,0.1292121602835544,0.8118639470025627,0.8118639470025627
4b888b12-5828-4988-88ea-d47e4b0bf07a.jpg,0.13369147583646043,0.8400083166708029,0.8400083166708029
4de17be4-a14c-4fd8-9478-74fa09bfcf24.jpg,0.12917159747342957,0.8116090833499685,0.8116090833499685
a6562813-4b33-4eba-97af-882897562155.jpg,0.13570598523490682,0.8526658525242964,0.8526658525242964
ce77968c-a986-437b-be95-f945d96e8af0.jpg,0.12995977498111339,0.8165613486856969,0.8165613486856969
0db9931f-e0cf-472a-9089-addfd278c669.jpg,0.12621666152897057,0.7930426732400868,0.7930426732400868
88a0a12a-489a-4a10-b213-5169ab2aeea0.jpg,0.13086659009796422,0.8222590361042224,0.8222590361042224
8e46eb3c-4253-4b2d-b584-d119ecf46390.jpg,0.13094770736975456,0.8227687109544939,0.8227687109544939
93c89ceb-80c4-4e5e-ae2a-421dd49a15ad.jpg,0.13466678095141607,0.8461363394391093,0.8461363394391093
38dfe6e7-fe9b-4e52-928a-93024499132c.jpg,0.13333060671262867,0.8377409090941283,0.8377409090941283
48a2337b-72dc-4c65-9e68-9b30f1f279bc.jpg,0.12891131475942968,0.8099736788256515,0.8099736788256515
1b0cfc03-b862-41be-bbe2-08acb7ee190c.jpg,0.12129946044436436,0.7621469876328416,0.7621469876328416
9045f39b-9e4b-451b-ac3f-aeb5ed3f203d.jpg,0.13240737038055891,0.8319400441374133,0.8319400441374133
f6deab96-616f-4578-bfbb-4ac60251c419.jpg,0.1286529686401999,0.8083504422851401,0.8083504422851401
d7fcfba8-a9da-4065-b21b-99ffd2075e50.jpg,0.1191769779648416,0.7488110369027581,0.7488110369027581
74bd4479-4605-4afb-9a3f-57b8c1fe60a9.jpg,0.11283202753568976,0.7089445375915284,0.7089445375915284
3dce4528-68c3-40eb-b691-ca78383bb6fb.jpg,0.12368528720804145,0.7771375792998533,0.7771375792998533
34f45ec3-5a49-412d-88e4-ce548c0d524a.jpg,0.14890794957457523,0.9356162408892098,0.9356162408892098
b0bd83f3-5133-430f-87eb-6dcfe21b67d7.jpg,0.1600617384665285,1.0056975633745133,1.0056975633745133
ade48fff-6019-420d-98b1-201240f67feb.jpg,0.17234615866676348,1.08288285188385,1.08288285188385
096d7a3a-07a7-4d38-ab37-bbbd9730529e.jpg,0.17742882534046894,1.1148181884493675,1.1148181884493675
8db5b614-8a99-414d-89ae-9ba0c986e9ed.jpg,0.1930610046267513,1.2130380676601338,1.2130380676601338
7f0d8977-6060-45b6-ad54-975a985e99a7.jpg,0.19880972071381192,1.2491583161135,1.2491583161135
1f0247c1-bc00-4fe1-8d32-2694564bc635.jpg,0.19779449538585364,1.2427794672493961,1.2427794672493961
afef106c-3c3c-49d3-a7a7-301325c189ae.jpg,0.20693145056894435,1.30018864980815,1.30018864980815
94dae230-e619-4e3b-92b9-5c9f6632cf2d.jpg,0.20840235571449278,1.3094306194069147,1.3094306194069147
c01580a0-2c33-407a-92f3-df1dd73e68c6.jpg,0.206804865617771,1.2993932931028276,1.2993932931028276
b51d60c1-0b7b-457c-9dde-746660b73429.jpg,0.20833798046514082,1.3090261377860404,1.3090261377860404
e0daadbf-ddb8-461b-95d7-f62e75b836b1.jpg,0.22643546166504228,1.4227359657582201,1.4227359657582201
6d012f55-9b8a-4b3a-a529-a390e72e1f50.jpg,0.22250394341701854,1.398033508067329,1.398033508067329
87fa87cd-93c8-412f-88c8-b0ebea9943b1.jpg,0.22353913420434537,1.4045378036123886,1.4045378036123886
da283051-8369-490d-b3a4-343f58bc99fd.jpg,0.22942820952107698,1.4415399551153505,1.4415399551153505
c629ba84-b6ab-4bdc-846a-74f6f9c79582.jpg,0.2315759246641502,1.4550344473463153,1.4550344473463153
9130675b-9b31-4ec2-8b2e-44ddec39dcb9.jpg,0.2275953615782298,1.4300238318505587,1.4300238318505587
f0710ffb-54cb-4831-bfb8-96b319a46b0f.jpg,0.2298560009417651,1.4442278478843555,1.4442278478843555
baa78797-fe82-412c-9e04-4233431477f7.jpg,0.23575857478652315,1.481314813140282,1.481314813140282
ef8edd99-69de-40a7-9ad7-8d0b101850b0.jpg,0.2305747981623736,1.4487441840197246,1.4487441840197246
c900b2a9-b469-41a2-8fc5-b05c765395c3.jpg,0.23396513522619136,1.4700463000454906,1.4700463000454906
bcc0fdb4-f8d2-4b26-8e36-b22c3a31be6c.jpg,0.22834402949276092,1.4347278510910975,1.4347278510910975
a70ea458-c7de-405d-a137-b4693cbc0982.jpg,0.22693022331213616,1.4258446448697963,1.4258446448697963
c8940fed-41b6-44c5-b4fc-964e20440009.jpg,0.22754299337304437,1.4296947927131745,1.4296947927131745
4f7cca46-76e9-41e8-8b4c-b802a28f6e37.jpg,0.2307968679185216,1.4501394894487225,1.4501394894487225
8879bed2-b297-466b-83ba-76019db145ff.jpg,0.23586922451749384,1.4820100459041603,1.4820100459041603
70fd1e01-6b8d-457b-b038-65dd6833e1ac.jpg,0.22728674175647035,1.4280847163209753,1.4280847163209753
bd7d55b0-df14-46d4-9081-92529886dac4.jpg,0.2335857201715735,1.4676623649489928,1.4676623649489928
ec22eeb3-9bfa-4a21-9d5c-82f8a4a76a11.jpg,0.22342644627147001,1.4038297644482496,1.4038297644482496
947f1375-8257-4fae-b99c-1f7291adb899.jpg,0.224676281454092,1.411682710504096,1.411682710504096
7ffd40d5-4906-4716-b803-92d4059e1694.jpg,0.22474154883886835,1.412092797577161,1.412092797577161
307f3151-729d-4b14-81e6-6728ab441dfa.jpg,0.23425916943843028,1.4718937714876383,1.4718937714876383
9ef5cc88-9317-440c-94fd-37ab1a56c18d.jpg,0.22731212077059004,1.428244177369603,1.428244177369603
32ac753b-fddf-444a-8a61-043d36a733da.jpg,0.2285609653844859,1.4360908994985837,1.4360908994985837
875b172e-f01a-4428-bb9f-88c966e6e28f.jpg,0.22679258146409342,1.424979815632521,1.424979815632521
f55dfd16-3708-41cf-ba1a-584b0226ba00.jpg,0.23330859652352262,1.4659211457152876,1.4659211457152876
ebeec74a-54cc-4ee8-8415-773152171ec2.jpg,0.2329242308565702,1.463506105004108,1.463506105004108
42f1a2fc-80ce-4442-951d-b6794e54a6d6.jpg,0.22454697729780385,1.4108702685291492,1.4108702685291492
5bb4c0fb-ec1f-472e-89ed-3a9096fea2df.jpg,0.21939075308378034,1.378472756307073,1.378472756307073
78ae01ac-203f-4525-9d1a-3b8138c3081a.jpg,0.22234144039785017,1.397012471484918,1.397012471484918
7c69947d-6f65-4364-b82d-381968521609.jpg,0.23266040193628282,1.4618484190085492,1.4618484190085492
074d7f2c-2895-4670-96b2-955cd9facadc.jpg,0.22882871771312907,1.4377732369958778,1.4377732369958778
7b5ed412-f85b-421b-848b-926815215c3d.jpg,0.23052286338757033,1.448417868205749,1.448417868205749
85687be6-a32c-40ec-b5e3-693c937063fc.jpg,0.2111500128348383,1.326694658254637,1.326694658254637
5be8c8fd-644c-41d6-89d8-aaf5f2a1c023.jpg,0.15993113512629958,1.0048769583861186,1.0048769583861186
13e0fc71-251d-4eff-918e-a97535217ee3.jpg,0.11253108635159657,0.7070536683653088,0.7070536683653088
8899bda6-2991-44e0-bc73-fa2d91fc436f.jpg,0.0847002438344833,0.5321873275753538,0.5321873275753538
6fabad9f-73e7-4d0c-be42-343c2b898108.jpg,0.07190714991906247,0.4518059478526131,0.4518059478526131
51fbc69b-e196-420c-80c6-7db01d4dcb7f.jpg,0.06514043951661866,0.40928945247403886,0.40928945247403886
8ef50358-50f3-464a-b4c2-73fe146a751a.jpg,0.06215125035229473,0.3905078230363784,0.3905078230363784
391a76eb-05f5-42fe-9a76-d4dde63884b9.jpg,0.04809634814354646,0.30219826798452526,0.30219826798452526
725640d7-cd8f-4d7d-a259-023176f5c388.jpg,0.05053800605924326,0.3175396571255901,0.3175396571255901
c161d682-5438-4211-ad40-9db73d994dea.jpg,0.03794069965316486,0.23838844660487904,0.23838844660487904
c4e36bb9-91eb-486b-9a1f-79584ca2b441.jpg,0.049228575219425835,0.3093122605120815,0.3093122605120815
a89d46d0-3ebd-48c1-8b43-e1c4906f4dd7.jpg,0.05016292303818873,0.3151829409987278,0.3151829409987278
b9e7716c-6765-44fc-81cf-9dfac6e7bc4d.jpg,0.04254589039153785,0.26732371338898375,0.26732371338898375
4f8665bb-5f22-45d6-aeec-8156c8b0d429.jpg,0.036262372306218496,0.227843204877908,0.227843204877908
71c6236f-9921-4ffb-993d-b32fefa705c7.jpg,0.03857907373757611,0.24239946927253606,0.24239946927253606
8aa0c780-dc2e-4637-88a2-513c27e28eb7.jpg,0.03791780302686842,0.23824458285894928,0.23824458285894928
b3d58567-b092-4013-a5c1-85732d58ed1a.jpg,0.04005739319314841,0.2516880243551057,0.2516880243551057
9f494074-43ea-46b1-8964-64b91c1706d4.jpg,0.03372887865943715,0.21192479482061857,0.21192479482061857
352a314f-3a49-4c45-928f-6a22cfabef60.jpg,0.04140619734529245,0.2601628107861199,0.2601628107861199
dc274d2b-7ae9-47ed-8bcc-096e32a3a808.jpg,0.035500203328092485,0.22305435595295856,0.22305435595295856
231c7233-2745-4da3-b202-2cba37d217fb.jpg,0.03594702658266742,0.22586182926100995,0.22586182926100995
fdfb8e6b-af73-4f79-baa9-93702824fdf2.jpg,0.04064509354550993,0.2553806545740878,0.2553806545740878
a15f3f79-7cff-43a8-ba22-002a7d510fbb.jpg,0.03342875539672644,0.21003906474601186,0.21003906474601186
e1b476c1-3cea-4d8c-bd3a-e2c49904c81d.jpg,0.031970470060845115,0.2008763877499269,0.2008763877499269
692fd0ed-2137-4ead-aec2-b300584fe74d.jpg,0.03504223122141788,0.22017683234120258,0.22017683234120258
95c7b59b-1204-47ff-bfe1-9cfe00e531c0.jpg,0.041404619294167305,0.26015289559847643,0.26015289559847643
300a9d81-d957-43e6-8bf2-72d4b7d67c3e.jpg,0.04072825385171785,0.255903166188194,0.255903166188194
55987f8d-4c1e-40bc-a164-03f88aaa94e2.jpg,0.038811636185686796,0.24386070222950684,0.24386070222950684
f4de62fc-823d-4797-acbb-dfaeab2d75ef.jpg,0.03999211666628069,0.2512778798405867,0.2512778798405867
911bc366-2b60-4520-8667-a55fb3886a33.jpg,0.04691615710142685,0.29478290896901443,0.29478290896901443
e2beaaba-974b-45f7-a1c9-6fc8e10225f8.jpg,0.04405889086392833,0.27683017572686336,0.27683017572686336
160c945f-71ff-4835-8279-798ae96eb5b2.jpg,0.044754669316466315,0.2812018806769022,0.2812018806769022
3f7bb200-d2cb-493a-9214-6c44084ac51d.jpg,0.04748702511037668,0.29836977845518686,0.29836977845518686
f772ec06-14ac-4874-8cb5-aca9c3ac6a9c.jpg,0.045936686842361255,0.2886287158284341,0.2886287158284341
788e8ee1-cc54-4f2f-a23b-0ede0a908c7e.jpg,0.04722416522324209,0.2967181810744959,0.2967181810744959
8a43c237-f778-4f81-a1dc-e9529a0787dc.jpg,0.0515768317999915,0.32406679175657943,0.32406679175657943
31a34c60-d06d-4909-8389-d2e73bfa7389.jpg,0.05029908951396155,0.316038500198634,0.316038500198634
6faa396f-a071-44d1-b8cb-226f6cb1a057.jpg,0.04865477164178991,0.30570694630387235,0.30570694630387235
0b44f1f6-edaf-4251-878e-3cf53cfa97f4.jpg,0.048939603535535496,0.3074965978736708,0.3074965978736708
bad90647-b6c7-4c1a-bce5-4b5577ec65ab.jpg,0.0409887776823109,0.2575400856927464,0.2575400856927464
db05b200-2e42-4610-9f12-82eb756caff0.jpg,0.03788319944799556,0.2380271621605995,0.2380271621605995
62b9cfa2-a10f-4992-8bb9-ac3cfe972fdf.jpg,0.030886874523233607,0.19406795618908088,0.19406795618908088
f8505659-a598-406b-868e-a81320acfa10.jpg,0.018734260359049567,0.1177108294288572,0.1177108294288572
c5657b12-d04c-40e3-b0a6-2c2aa91f1712.jpg,0.012558293355596401,0.07890608429513433,0.07890608429513433
96687230-af2f-46d6-8823-5bbecd89b119.jpg,0.014234981143058283,0.08944102436604227,0.08944102436604227
893083cd-670b-401f-b4e5-b7b77100f51e.jpg,0.01818325989507596,0.11424879140936911,0.11424879140936911
082ac8b3-0b14-42f8-a369-d15cffe03b4f.jpg,0.01620061033400529,0.1017914368179638,0.1017914368179638
cfe69cfd-b419-482f-9be4-8093b878b37b.jpg,0.012674102407980354,0.07963373403151157,0.07963373403151157
4e06c528-3ed3-488d-bc6e-5646b4b80292.jpg,0.014634072231755795,0.0919485876307728,0.0919485876307728
5739ec5a-2f38-455d-a2f7-3d102f5d1298.jpg,0.014594274571921305,0.09169853155924058,0.09169853155924058
34b4b989-526d-46ee-bb95-dc17e1a0267f.jpg,0.010645489456326446,0.06688758293972553,0.06688758293972553
f8789901-bfc9-43f4-9d5e-3467a4e6ba4f.jpg,0.011756003360853435,0.07386514758806814,0.07386514758806814
33283d28-7596-47ae-b705-bbdc23186d01.jpg,0.003401837689737489,0.02137437658956834,0.02137437658956834
33e4a6d9-47fa-4064-9b98-45cf526b1a67.jpg,0.0075623833560661815,0.04751585599009448,0.04751585599009448
75c2fcf0-61c6-48e2-92b6-42d6468a9a95.jpg,0.007874106945661706,0.04947447306814236,0.04947447306814236
34f9459c-4e9a-4963-9f81-c84a4d564841.jpg,0.006232028748391349,0.03915699146581331,0.03915699146581331
8ccc9863-0810-4b40-ba04-6c16816e7edb.jpg,0.0060214419676659255,0.03783383569927308,0.03783383569927308
cc202f2a-5638-41ee-acb9-a189d9d4849b.jpg,0.0,0.0,0.0
fc1a8555-4c59-4283-a6df-c0b6c15c6055.jpg,0.0,0.0,0.0
f9e39707-2f12-4cc3-b0b6-e728b5d97f54.jpg,0.0,0.0,0.0
d0c1f507-64d2-46c3-bcb7-6969eb0fd40a.jpg,0.0,0.0,0.0
a8cb3b65-1466-40ab-8d5c-be572fb8cc8e.jpg,0.0,0.0,0.0
18eecf8a-3977-495c-853d-22f2e0d61cdb.jpg,0.0,0.0,0.0
cb5bc89a-0ab4-4d66-a8cf-bac2eec7f525.jpg,0.0,0.0,0.0
2f3706cb-5ada-4fa8-81bb-573c3d527995.jpg,0.0,0.0,0.0
06306fc0-8574-4926-bd27-82554d027534.jpg,0.0,0.0,0.0
cd181eed-1c14-42bb-a029-7a631809da3b.jpg,0.0,0.0,0.0
3a4d1de4-42cf-44dc-bbee-8cf65372970d.jpg,0.0,0.0,0.0
e7c26ffd-2909-42ae-9707-608f349d7bd0.jpg,0.0,0.0,0.0
c65daef2-f782-45e3-bda5-46c4127f0de5.jpg,0.0,0.0,0.0
d50e1e99-54e5-4d4b-9f46-eaa523930208.jpg,0.0,0.0,0.0
56a0cf17-df83-4f84-8821-1e6616bb04e7.jpg,0.0,0.0,0.0
32b49779-4785-4de4-a834-2dbe5e2d338d.jpg,0.0,0.0,0.0
77ee517d-21b8-430f-a07f-2ffe86350023.jpg,0.0,0.0,0.0
d8e813c4-04da-4c32-a396-9c90284f0bd6.jpg,0.0,0.0,0.0
fee6b312-e3c6-4907-8ae4-33de2dabb661.jpg,0.0033531139801878935,0.021068236493615035,0.021068236493615035
8f519c81-eccd-484d-acb9-12c9985b9b87.jpg,0.005083839013636699,0.03194270259454847,0.03194270259454847
afdd85cc-ae62-4c36-bdce-bf220268f7e3.jpg,0.02149527364437538,0.135058787536144,0.135058787536144
c87c1394-156b-44fd-8b69-c061e32cf39d.jpg,0.05015954422159999,0.31516171126798176,0.31516171126798176
f4806be5-7bac-4520-85fe-08bdf6731156.jpg,0.06482063907120268,0.40728008701417173,0.40728008701417173
98ce2451-ba3e-44bd-856b-2d2fd645c661.jpg,0.07562230574558847,0.47514896035572385,0.47514896035572385
00a465d7-016c-40e0-a092-2ab27830b216.jpg,0.10183199953473682,0.6398293232773768,0.6398293232773768
4f5e2cae-2991-41f5-badf-cdb671f352f4.jpg,0.11033232435887051,0.6932384393186276,0.6932384393186276
4ba06225-3072-4a2e-8468-cc439ee20e83.jpg,0.10829924061073469,0.6804641973840749,0.6804641973840749
8132f24d-bd4a-4951-a7d2-6dbbcbba50b1.jpg,0.10769051728544105,0.6766394759304525,0.6766394759304525
fe77c3fb-347f-4b90-9655-c03df7af56b8.jpg,0.11672464212344652,0.7334025563758346,0.7334025563758346
2a5ef29a-4a6a-415b-8944-82a2106241a4.jpg,0.11332030942017067,0.7120125031538608,0.7120125031538608
985143cc-8456-4cf8-968a-6e39582d7091.jpg,0.10782239686734546,0.6774680997817912,0.6774680997817912
65fdcdd3-11eb-4cab-9b70-2b90392873f0.jpg,0.11456291899235894,0.7198200493603949,0.7198200493603949
f7eb7e9d-6762-4004-bfb2-c8eaea77ab5f.jpg,0.10442276036713086,0.6561075536738914,0.6561075536738914
95ff079d-8ecd-4a2a-bf0e-e3a0cfffa3a9.jpg,0.11334473991289819,0.7121660044668136,0.7121660044668136
80a7c4a9-e48c-4d0b-9600-3fa575a358df.jpg,0.10982317687986,0.6900393713593211,0.6900393713593211
6202e56f-3f0f-43d0-a2fa-246d9b2bfa79.jpg,0.11854157400344677,0.7448186760683984,0.7448186760683984
20d83505-561d-4769-ba33-4173c3e860b4.jpg,0.11261948658235504,0.7076091033963617,0.7076091033963617
c3fb296b-a1b2-4610-ac60-e6cbf2543de9.jpg,0.10469935004361922,0.6578454178653206,0.6578454178653206
0e031d80-99dc-4229-b4cd-45a062f3f001.jpg,0.11894404688224648,0.747347487747011,0.747347487747011
9bae4b85-751a-4277-b3d1-c86e80032185.jpg,0.12035739110769862,0.7562277914183589,0.7562277914183589
6f835da1-736d-4ca8-b0c9-621c469a6003.jpg,0.1122386698492115,0.7052163612939462,0.7052163612939462
8ee05df5-9356-4c36-b12a-2692564603ed.jpg,0.12445143437144163,0.7819514239000666,0.7819514239000666
02b2383e-1337-48e6-bc2e-f94e03e7fa6c.jpg,0.11902931109264749,0.7478832185810308,0.7478832185810308
30046928-e488-41f2-877e-e085a18c5dbe.jpg,0.11918723763278329,0.7488755002976258,0.7488755002976258
2fe20c45-4cdb-45a1-879c-0f45a985be75.jpg,0.12241038464246602,0.7691271302317442,0.7691271302317442
77cc9376-a7c6-487c-b4c2-d562da2e264d.jpg,0.12655205198798294,0.7951499936443216,0.7951499936443216
c68c480a-db61-4c24-97ff-423f93805327.jpg,0.11234036602993341,0.7058553372424543,0.7058553372424543
26d707dd-c4af-47b7-b3af-02f82d2cbaa9.jpg,0.1202325831628483,0.7554435999730561,0.7554435999730561
7286c0c7-152a-41af-ac9e-8e63ba0e9be3.jpg,0.11602942809886957,0.7290343978312676,0.7290343978312676
a2835a73-124a-4687-94fd-1a2a00f528ea.jpg,0.1246501733038944,0.7832001374404184,0.7832001374404184
65e1e542-fdb8-4a3c-b75f-e673b58189d6.jpg,0.10652871208359836,0.6693396385564296,0.6693396385564296
3c3d65fa-fd7d-4c8c-861d-6372c380dccf.jpg,0.12190513212195385,0.7659525350184466,0.7659525350184466
74158e27-dc89-4ada-82b1-56ef33954ddc.jpg,0.1174491588534654,0.7379548292486949,0.7379548292486949
e480a382-3b8a-49e0-b884-0666ce6d9b33.jpg,0.1204952768431755,0.7570941530455769,0.7570941530455769
6b04365b-0f07-4593-b96e-2b15a2983af3.jpg,0.11621805325384166,0.7302195646335526,0.7302195646335526
572a2fa8-fe77-43bb-a575-fcf895fd9873.jpg,0.11121353230762038,0.6987752321547825,0.6987752321547825
3184505c-7ed1-44ab-9652-c3426768b666.jpg,0.12464606929727523,0.7831743512063283,0.7831743512063283
57399c78-f193-40c5-925c-bdf8e1e27c5c.jpg,0.11655580173453915,0.7323417009249933,0.7323417009249933
c3dc9af8-0f1e-421b-8ba7-3c226de2b90f.jpg,0.1174013507313128,0.737654441958022,0.737654441958022
a93b4dd0-97ea-4037-b60b-a48fd4f9337e.jpg,0.11159620581149109,0.70117964069175,0.70117964069175
812bc632-0d12-49a3-8ced-5687377c9cd8.jpg,0.12081562005309926,0.7591069287954246,0.7591069287954246
f219037a-fee3-474a-82fa-5757024ef184.jpg,0.1160724210941514,0.729304530787534,0.729304530787534
3c4b0a3e-050a-42de-8e65-b256024c9156.jpg,0.11443742273591534,0.7190315331258024,0.7190315331258024
5bcb8c63-7407-44a2-9b32-11e449273a2d.jpg,0.11318386865068047,0.7111552205156998,0.7111552205156998
dc446fa8-8c2b-4c6e-8fc5-fb21efa397cf.jpg,0.10767325048216331,0.6765309854057958,0.6765309854057958
a55ec614-a511-48e6-9b5b-5c55f906fc39.jpg,0.1000167065641183,0.6284235011561602,0.6284235011561602
838eb336-3f22-4195-befb-415ebeee6baf.jpg,0.11472667687517663,0.7208489704836498,0.7208489704836498
a896ff16-809c-4056-9160-121f75306a05.jpg,0.09194922218810092,0.5777340018588669,0.5777340018588669
a1460539-a344-4ca9-9407-61e7792a77cd.jpg,0.06975324693370051,0.4382725762618966,0.4382725762618966
e667e274-6a30-4509-b9e8-3247554f3135.jpg,0.05464316266173255,0.3433331167740222,0.3433331167740222
c9a54e42-1c25-41ae-9527-fa6c6ad1bfaa.jpg,0.046024725323640464,0.289181877920474,0.289181877920474
f7d189ff-d468-4cae-8999-3e1a99fdedd6.jpg,0.04653734508385039,0.2924027628659949,0.2924027628659949
5c42e8f6-507b-4afc-8e78-fe9722651921.jpg,0.03157025893891533,0.1983617871088478,0.1983617871088478
870a623f-e652-45c9-b208-8fe36f78bf06.jpg,0.029943773787836817,0.1881422795052455,0.1881422795052455
27f7efc4-f342-4677-beda-b015d66dcfa3.jpg,0.030114935096024285,0.18921771772200666,0.18921771772200666
7d433c4d-7785-48a6-820f-b042732a8b03.jpg,0.036117495505703825,0.226932917093563,0.226932917093563
012a1bcf-6b70-47c3-bb3c-f2be1627e16e.jpg,0.05347159986432111,0.33597197061888834,0.33597197061888834
6decae41-ceaf-4241-882a-019593dd5860.jpg,0.08802401811642138,0.5530712173080086,0.5530712173080086
ae219305-bb6f-4f95-a84f-ee1b96e81261.jpg,0.12661693910367847,0.795557691416285,0.795557691416285
10181159-63a9-413d-aa37-8587c033ae1a.jpg,0.19594977200314756,1.2311887283953666,1.2311887283953666
71ffa51b-82ff-4638-bd3e-afe19641d5eb.jpg,0.2826765941071307,1.7761094227774912,1.7761094227774912
1ea392cb-4b4e-4105-a985-eddb8c034d23.jpg,0.31564595229430015,1.9832620097262552,1.9832620097262552
269884cf-9db8-48c6-b31d-3adbc3df216b.jpg,0.33640921833001614,2.113721457810927,2.113721457810927
167abf3e-c874-4051-b3fd-592cd6274161.jpg,0.355136780800984,2.2313902031678,2.2313902031678
ca38e004-6055-4f10-854f-ac3b6dc5e1ab.jpg,0.40245965996855515,2.528728622246918,2.528728622246918
3e9ef3fc-d31f-4cef-8259-b42a8138abe8.jpg,0.42670111688067996,2.6810421881418076,2.6810421881418076
63a68eee-ed17-4a22-b9a5-b1f218f53c6e.jpg,0.5,3.141592653589793,3.141592653589793
f774c68b-4f48-4986-9504-cee7d4a7202e.jpg,0.5,3.141592653589793,3.141592653589793
31697f20-6488-49df-81a5-3cee178403d1.jpg,0.5,3.141592653589793,3.141592653589793
23144a75-22e9-4162-a571-8becbfc2330c.jpg,0.5,3.141592653589793,3.141592653589793
092b8b57-f92e-4245-b6f2-4041a3845974.jpg,0.5,3.141592653589793,3.141592653589793
b214598f-5103-4271-bf00-53f224354126.jpg,0.5,3.141592653589793,3.141592653589793
fa1fc625-c443-4fc6-b6aa-80c506b58122.jpg,0.5,3.141592653589793,3.141592653589793
f5339c4f-6748-452b-8a9f-d269de6ab50e.jpg,0.5,3.141592653589793,3.141592653589793
ece8a22e-82f5-417f-ac27-4aff679e2fc9.jpg,0.5,3.141592653589793,3.141592653589793
afb81635-5593-487c-8cca-42e121809775.jpg,0.5,3.141592653589793,3.141592653589793
20e1c31d-6930-4444-8102-dbbe29f63974.jpg,0.5,3.141592653589793,3.141592653589793
567929f0-6e2c-4d83-b9a5-5d8766553193.jpg,0.5,3.141592653589793,3.141592653589793
68e1ac6b-6b84-4459-a772-16b67b1dd801.jpg,0.5,3.141592653589793,3.141592653589793
eda1fcbf-9559-4d96-a039-903c66861cee.jpg,0.5,3.141592653589793,3.141592653589793
584b49d4-d117-430a-a0ab-05dd1e2b494d.jpg,0.5,3.141592653589793,3.141592653589793
4d940fef-9cb1-4276-8da4-3c9791af4e6b.jpg,0.5,3.141592653589793,3.141592653589793
53d25cc1-fb06-49ee-b7c6-668ecc1cbd4e.jpg,0.5,3.141592653589793,3.141592653589793
0d721619-ec29-45f4-a1d3-448d1beb7985.jpg,0.5,3.141592653589793,3.141592653589793
7b9fce81-fdb0-44a7-95df-fc77962a5290.jpg,0.5,3.141592653589793,3.141592653589793
16af92fb-ab9d-4f2a-be74-ddb91dcf5cbd.jpg,0.5,3.141592653589793,3.141592653589793
21bb226c-f1da-43c5-884d-9ece01ef7f49.jpg,0.5,3.141592653589793,3.141592653589793
44322610-ca62-4deb-8d83-9746cda71ba9.jpg,0.5,3.141592653589793,3.141592653589793
c1e953de-7337-4592-acbd-b6743cd1ad36.jpg,0.5,3.141592653589793,3.141592653589793
2875d18a-21ea-4fcf-81df-affe4ea60e2c.jpg,0.5,3.141592653589793,3.141592653589793
5d9ad452-933f-4469-81c7-43b4d593b9bf.jpg,0.5,3.141592653589793,3.141592653589793
604a1121-9bda-4529-a3e4-54ce7c7e3d58.jpg,0.5,3.141592653589793,3.141592653589793
18d48692-85a9-4cd7-bf15-c10209916fd7.jpg,0.5,3.141592653589793,3.141592653589793
b712f8cf-9a57-42f6-98ec-abb72938f092.jpg,0.5,3.141592653589793,3.141592653589793
2b6e67e2-984a-40e4-8cdd-4c0546e64df8.jpg,0.5,3.141592653589793,3.141592653589793
225fb45b-bcf7-48db-93ad-8c35a0c48459.jpg,0.5,3.141592653589793,3.141592653589793
48cc3398-0e98-4d05-bc34-315ae89f3b28.jpg,0.5,3.141592653589793,3.141592653589793
1c7a008d-c123-4119-a539-dba8723246fc.jpg,0.5,3.141592653589793,3.141592653589793
2ecfcb14-df67-4b5f-8220-e6e52ec615c7.jpg,0.5,3.141592653589793,3.141592653589793
cee9fb3b-abc1-406c-9bb6-4a98765ec582.jpg,0.5,3.141592653589793,3.141592653589793
cbec3c63-74a0-4b85-b2d4-762cc9080f81.jpg,0.5,3.141592653589793,3.141592653589793
68ecf2e4-1ad4-4f02-9b38-f9bbabd15a12.jpg,0.5,3.141592653589793,3.141592653589793
d12aa0ed-31cc-4621-8217-322598a0167b.jpg,0.5,3.141592653589793,3.141592653589793
1df1926b-6e4a-481b-bbf3-26008f5c0623.jpg,0.5,3.141592653589793,3.141592653589793
818f64a3-3fe7-4380-b6f2-8b1afcac74ab.jpg,0.5,3.141592653589793,3.141592653589793
61630146-5bd4-45bc-90ab-01d4bea2d3b9.jpg,0.5,3.141592653589793,3.141592653589793
d8f11aa8-c02c-4650-be79-8c8531a981ea.jpg,0.5,3.141592653589793,3.141592653589793
309045e7-82b1-4d1c-92f7-171cb5e826a1.jpg,0.5,3.141592653589793,3.141592653589793
784b77cc-a6c1-4a03-a80a-c26bb80757d6.jpg,0.5,3.141592653589793,3.141592653589793
59f38171-f14b-4c1b-8e41-07a1c6d88afb.jpg,0.5,3.141592653589793,3.141592653589793
bdef5a1d-23b1-421a-9767-ec7be598b13e.jpg,0.5,3.141592653589793,3.141592653589793
c06d19e9-48e7-46e8-9f0e-7b35b7b2138b.jpg,0.5,3.141592653589793,3.141592653589793
412cd205-a83b-455f-b916-7f9c34f3fc7b.jpg,0.5,3.141592653589793,3.141592653589793
0f9fdf90-6c84-44fe-b084-6b44729b4003.jpg,0.5,3.141592653589793,3.141592653589793
17e166c3-a75a-46ae-82fb-46017051c949.jpg,0.5,3.141592653589793,3.141592653589793
b2ca3c79-b8df-4e4d-a3ba-fc2bc3401d89.jpg,0.5,3.141592653589793,3.141592653589793
0a138410-a522-48e8-bacc-54f67aafd652.jpg,0.5,3.141592653589793,3.141592653589793
1272effc-a96d-4932-ac1b-804ab3974b0a.jpg,0.5,3.141592653589793,3.141592653589793
9268de7a-cca1-4145-8093-f689947ea572.jpg,0.5,3.141592653589793,3.141592653589793
1adcf6c3-ab4f-4a80-80e5-94acdd999e7c.jpg,0.5,3.141592653589793,3.141592653589793
b0eaf88c-7301-499e-9eb2-dd651550db13.jpg,0.5,3.141592653589793,3.141592653589793
c0cdcdc0-4665-4c5a-a692-f00d1c1a1e64.jpg,0.5,3.141592653589793,3.141592653589793
b8f6527f-c3fd-49b1-bc08-c3d4955931da.jpg,0.5,3.141592653589793,3.141592653589793
6b0bc4c9-307b-451d-9ff0-4ebedaa55d69.jpg,0.5,3.141592653589793,3.141592653589793
cd2a29a5-0a88-4817-ac3f-fd66f98ec3ab.jpg,0.5,3.141592653589793,3.141592653589793
07912594-a182-474a-b3a4-8fc7c76e1976.jpg,0.5,3.141592653589793,3.141592653589793
a8c32198-11bd-4b1d-ab4f-c5b8beb5500f.jpg,0.5,3.141592653589793,3.141592653589793
f48a61e7-727a-41a6-a47d-fb1999664f60.jpg,0.5,3.141592653589793,3.141592653589793
d6e55dbd-f060-46c8-bbef-9acdea7b4cd6.jpg,0.5,3.141592653589793,3.141592653589793
08831459-89fe-4c0d-97ce-085c8c60f595.jpg,0.5,3.141592653589793,3.141592653589793
cbe67f33-a8f2-41f4-973b-7a615d631ea2.jpg,0.5,3.141592653589793,3.141592653589793
11e34376-37bf-4af6-88f3-ab4168ce8ee9.jpg,0.5,3.141592653589793,3.141592653589793
271ac58f-c480-4355-8ce0-76a79425ea61.jpg,0.5,3.141592653589793,3.141592653589793
423543cb-697d-43d6-9730-bebc2da80a06.jpg,0.5,3.141592653589793,3.141592653589793
de0f570b-465f-4ad8-984b-37ce2edc7bfd.jpg,0.5,3.141592653589793,3.141592653589793
2ee75e2f-7211-4634-8e10-c767053c4d33.jpg,0.5,3.141592653589793,3.141592653589793
9c3855cc-43fe-4748-9661-0cd10e5ec4cf.jpg,0.5,3.141592653589793,3.141592653589793
b2188565-cc3f-4b6f-9810-449bf22d864b.jpg,0.5,3.141592653589793,3.141592653589793
8f8ecf1b-360c-4f8a-afbd-ccce55aff7f1.jpg,0.5,3.141592653589793,3.141592653589793
8f357a76-f4d3-4c18-a54f-f1d2f10ddea0.jpg,0.5,3.141592653589793,3.141592653589793
784bd6c8-48d4-4eb1-974d-0b66efad1760.jpg,0.5,3.141592653589793,3.141592653589793
8710bb9d-976b-4a51-93d8-feaf392b751a.jpg,0.5,3.141592653589793,3.141592653589793
b0dbfb98-9f0a-46cf-8f1c-e3a046d9130f.jpg,0.5,3.141592653589793,3.141592653589793
efc742ac-9320-4d19-9dfc-6a59f042461a.jpg,0.5,3.141592653589793,3.141592653589793
52382461-c7a4-4c47-b746-3f7ef795b05c.jpg,0.5,3.141592653589793,3.141592653589793
d74ecfc9-561b-4a97-b8ce-4c49361da3b2.jpg,0.5,3.141592653589793,3.141592653589793
d9fcf05e-3684-4346-bebe-04592c771874.jpg,0.5,3.141592653589793,3.141592653589793
e0902139-a312-45f7-a6d4-c19a5ecfd7d2.jpg,0.5,3.141592653589793,3.141592653589793
0a1f3da0-fff9-4a62-95c0-ab0b1be90015.jpg,0.5,3.141592653589793,3.141592653589793
889b16f0-a350-4c5b-af91-30be97aac5c0.jpg,0.5,3.141592653589793,3.141592653589793
cf92e919-fec6-47a7-84f6-d7b5bdca9eed.jpg,0.5,3.141592653589793,3.141592653589793
e0ac4556-ad8f-4403-a033-df0d9962583d.jpg,0.5,3.141592653589793,3.141592653589793
25ea20a5-e028-49f6-bc75-de22bf3c7a66.jpg,0.5,3.141592653589793,3.141592653589793
aa48963d-016a-4c3f-817c-e79b9c964fbb.jpg,0.5,3.141592653589793,3.141592653589793
78deb610-c5df-4e24-9553-8490fd573a79.jpg,0.5,3.141592653589793,3.141592653589793
3e01acf0-bfea-4547-9c43-654592859ee9.jpg,0.5,3.141592653589793,3.141592653589793
4b23edc9-0119-437d-8083-8049c1c7581b.jpg,0.5,3.141592653589793,3.141592653589793
04d2ffb7-74ca-4943-a8bb-ef62086418bf.jpg,0.5,3.141592653589793,3.141592653589793
e5a4fc61-c208-46ee-b52e-aabae7c4ebda.jpg,0.5,3.141592653589793,3.141592653589793
e3b52710-77c8-499e-8fc0-f680ed8e7125.jpg,0.5,3.141592653589793,3.141592653589793
f5d3f579-515a-472b-9961-459fd212694f.jpg,0.5,3.141592653589793,3.141592653589793
f7f04c39-90a6-4457-b49a-aa9306f46add.jpg,0.5,3.141592653589793,3.141592653589793
347ae9bf-53f7-464c-b898-574008e22f33.jpg,0.5,3.141592653589793,3.141592653589793
6fdc11e5-34c3-4708-9a88-8905631b8fb2.jpg,0.5,3.141592653589793,3.141592653589793
13e1e1c1-28bd-41ac-80b4-61fcade0e00f.jpg,0.5,3.141592653589793,3.141592653589793
84331e0c-8cca-4762-b2dd-0f1e05ec25f7.jpg,0.5,3.141592653589793,3.141592653589793
520517c9-ea9f-4732-8bef-02642b5eca92.jpg,0.5,3.141592653589793,3.141592653589793
2412da80-805a-4867-b7b0-658cc5454058.jpg,0.5,3.141592653589793,3.141592653589793
2f3ab7e3-3692-4686-aac0-b5e7f4786491.jpg,0.5,3.141592653589793,3.141592653589793
e2c968c8-1213-43d5-991b-dde7750824f7.jpg,0.5,3.141592653589793,3.141592653589793
a6bb6cfc-5d12-445a-816f-62cc107ed8bb.jpg,0.5,3.141592653589793,3.141592653589793
839493c9-e57e-4c40-af21-a2c7aebf7da1.jpg,0.5,3.141592653589793,3.141592653589793
ce418b1a-07c2-43f9-ae11-98f946d94d26.jpg,0.5,3.141592653589793,3.141592653589793
be5a6e32-e60b-4503-9d56-0d7e13abc0f4.jpg,0.5,3.141592653589793,3.141592653589793
4a9ccab7-fe01-48fd-af52-440967477242.jpg,0.5,3.141592653589793,3.141592653589793
57c5b8b0-0a9c-4789-bab6-9cbc6014771c.jpg,0.5,3.141592653589793,3.141592653589793
4a922ac1-9e0a-4f19-a56e-f5baad7a8a3f.jpg,0.5,3.141592653589793,3.141592653589793
0e4c270a-9ffc-4bba-b1d8-e4407ad2775a.jpg,0.5,3.141592653589793,3.141592653589793
057bfb0c-8e8a-4a91-b4e7-35ee3f9bf2ff.jpg,0.5,3.141592653589793,3.141592653589793
ab5b8e31-5d88-4a15-a8bd-61034e70b750.jpg,0.5,3.141592653589793,3.141592653589793
dc53b853-88ca-44ee-b0f1-673a0056615a.jpg,0.5,3.141592653589793,3.141592653589793
715451d4-2067-41ab-8e35-d6f9f9d4722b.jpg,0.5,3.141592653589793,3.141592653589793
652d44a5-13ae-4377-93c2-773872a7c82c.jpg,0.5,3.141592653589793,3.141592653589793
82d97274-fb03-4f91-b955-b3edd80e3a47.jpg,0.5,3.141592653589793,3.141592653589793
3980643e-1322-4f6b-9e8d-f62fa4b1d1fd.jpg,0.5,3.141592653589793,3.141592653589793
225db949-3d54-4289-969f-09e5b266e7ba.jpg,0.5,3.141592653589793,3.141592653589793
07b4f72f-9ce6-4aec-aa9c-91990eee3f02.jpg,0.5,3.141592653589793,3.141592653589793
8c4c5d01-0386-486e-89e6-88b80cb357a4.jpg,0.5,3.141592653589793,3.141592653589793
fb30c204-c6ce-4dcb-862c-bcc165995d9b.jpg,0.5,3.141592653589793,3.141592653589793
77ad34c3-5bbf-4c03-acdf-2a39bbbd46ea.jpg,0.5,3.141592653589793,3.141592653589793
046c03eb-e384-45bd-9790-33bcf1158f0f.jpg,0.5,3.141592653589793,3.141592653589793
adb0b28c-e5d8-4f64-8117-7ffd464a55ff.jpg,0.5,3.141592653589793,3.141592653589793
fe9e80c2-94fc-4884-ac92-5d375648627d.jpg,0.5,3.141592653589793,3.141592653589793
2824fd01-63d2-401a-b72c-0b29099e7860.jpg,0.5,3.141592653589793,3.141592653589793
06d68330-ea76-4a7f-9155-4fa98d21e211.jpg,0.5,3.141592653589793,3.141592653589793
adc31505-bb26-473f-b3e6-1934536a216b.jpg,0.5,3.141592653589793,3.141592653589793
8dbb79e3-de33-476e-8645-3b3fe5b6b941.jpg,0.5,3.141592653589793,3.141592653589793
d12d60a8-e7c2-4257-9687-d01f278ad0e9.jpg,0.5,3.141592653589793,3.141592653589793
27c68435-0670-4aa8-bdf0-f01080a93b1d.jpg,0.5,3.141592653589793,3.141592653589793
730ab2a6-795a-4d05-9d70-06e3a650faf6.jpg,0.5,3.141592653589793,3.141592653589793
3b70bcc4-0033-4c1a-ad4f-d22009a5730d.jpg,0.5,3.141592653589793,3.141592653589793
b258c970-ee32-4fc5-9b09-a7e586eae026.jpg,0.5,3.141592653589793,3.141592653589793
79f30bc6-37b7-4afd-b2e5-aa79896dd867.jpg,0.5,3.141592653589793,3.141592653589793
7920f046-5490-4ae4-a385-3f60fffb13e4.jpg,0.5,3.141592653589793,3.141592653589793
ae9b0b92-8c91-4fa2-8804-594db5dfee3a.jpg,0.5,3.141592653589793,3.141592653589793
7e849d00-a346-42af-8631-7ec9836ecd1b.jpg,0.5,3.141592653589793,3.141592653589793
ed0b087c-f3fe-41ca-a998-b67e25c50e4d.jpg,0.5,3.141592653589793,3.141592653589793
42e72b9d-064d-44b2-9634-41342ef0bd61.jpg,0.5,3.141592653589793,3.141592653589793
c7c321f7-7e78-40b4-b18a-b29183273f5c.jpg,0.5,3.141592653589793,3.141592653589793
e68d3ae0-c29d-4492-8f57-7c1421a80910.jpg,0.5,3.141592653589793,3.141592653589793
ecd641d6-6f1d-4d8b-b645-31ea52f78bee.jpg,0.5,3.141592653589793,3.141592653589793
109c01e1-7709-42b2-b8ea-ff4a811e8c73.jpg,0.5,3.141592653589793,3.141592653589793
6e614289-9afe-465c-aa7d-fa21c1142b26.jpg,0.5,3.141592653589793,3.141592653589793
aa778e99-8a7c-4df8-9a3c-159414c8e404.jpg,0.5,3.141592653589793,3.141592653589793
a0bcdd05-e812-4b68-8a05-7744806e3b73.jpg,0.5,3.141592653589793,3.141592653589793
f25b2e7b-35a2-4882-918b-15b5ef8a987e.jpg,0.5,3.141592653589793,3.141592653589793
e7743576-2371-49d7-bf07-b2328b9225ac.jpg,0.5,3.141592653589793,3.141592653589793
f06884fa-b1ed-4df4-a81d-076c449b3842.jpg,0.5,3.141592653589793,3.141592653589793
92c9332b-fe98-477e-859a-2eb2f60fd9d3.jpg,0.5,3.141592653589793,3.141592653589793
7adeb383-41a9-4161-b648-8b220b6cde76.jpg,0.5,3.141592653589793,3.141592653589793
17ab9bb5-8428-4203-852c-97a999d3049f.jpg,0.5,3.141592653589793,3.141592653589793
99079a40-2e71-453b-8ff0-f3df20077fd4.jpg,0.5,3.141592653589793,3.141592653589793
5df81ade-bd86-4a81-8ff7-09b900871a8f.jpg,0.5,3.141592653589793,3.141592653589793
63b12a8a-8ada-4305-8280-d0fc1d0fe404.jpg,0.5,3.141592653589793,3.141592653589793
54d348ff-0e93-40a6-8ec2-4c5d58824109.jpg,0.5,3.141592653589793,3.141592653589793
78eb2454-556d-46e6-b5e8-d09c0436a814.jpg,0.5,3.141592653589793,3.141592653589793
2f090084-54e5-4160-bb36-67b43dc4279a.jpg,0.47070703336229713,2.957539516008077,2.957539516008077
de311187-627a-4a51-a1dd-d00bd03431cf.jpg,0.473005720316435,2.971982592104121,2.971982592104121
49192cc1-3156-41b5-8703-62c97374219f.jpg,0.44358960180801427,2.7871556684977583,2.7871556684977583
9bcdf9f2-0fc8-49ae-ab7f-44ecaaf20144.jpg,0.44371092611950874,2.787917971629144,2.787917971629144
5b631268-2257-4131-af73-fe6d7c77ed08.jpg,0.4310072583244243,2.708098472791779,2.708098472791779
c318ef6a-07a6-4581-995f-b3ebbe6ab5b0.jpg,0.4374961448832896,2.7488693494783965,2.7488693494783965
e229a045-d96c-4356-8540-4c791a523899.jpg,0.42627619307222914,2.6783723131118786,2.6783723131118786
17b422cf-9764-4598-b074-363cc38accf6.jpg,0.42395377806711887,2.6637801492745963,2.6637801492745963
bbe104c4-f96d-4c95-bd69-1bad42c9159b.jpg,0.4185635554934759,2.629912381997455,2.629912381997455
fa2d1a1f-4294-4bf3-8750-253151ac6773.jpg,0.4173457080311608,2.622260420715851,2.622260420715851
e1187c2a-d287-4d8a-aba9-4fd20f770a42.jpg,0.4305172454317311,2.7050196309840806,2.7050196309840806
05524bf4-62fd-41fc-8a48-ed42873d1ba9.jpg,0.43002309006800143,2.7019147612632306,2.7019147612632306
ef292959-a6e8-41ce-bc91-4c74dd80c54e.jpg,0.43116984931085767,2.709120062088817,2.709120062088817
e471adb7-82aa-4f00-8d13-55e2b1c1972a.jpg,0.43754182767853583,2.749156382946279,2.749156382946279
dbe97658-3670-479c-aa67-6b9e381001dd.jpg,0.44058287358703035,2.76826383791699,2.76826383791699
11902a64-e71f-4bb9-ac7e-3f7b40fd2b04.jpg,0.43882871566169057,2.7572421386140227,2.7572421386140227
393ac546-b3b0-47af-8d75-184244d37e1a.jpg,0.4400540582110238,2.764941192916255,2.764941192916255
04c63469-6c0a-4389-a1c8-1add794e3fc7.jpg,0.44500256843182534,2.7960335996280232,2.7960335996280232
74c0c7aa-5514-4e5d-a28c-7840f54d7c96.jpg,0.44719174860413263,2.8097886243214334,2.8097886243214334
2909f18e-2cbb-4ebc-b230-518e004980ac.jpg,0.450245272680886,2.8289744819356093,2.8289744819356093
a2aa8090-f4c2-4628-84bd-1fc38b53a51e.jpg,0.45069189616385535,2.8317807000416435,2.8317807000416435
a9846d18-dbf6-4b6f-8e6e-60686853ec12.jpg,0.4565296654076422,2.8684604859809104,2.8684604859809104
fe6f256e-e917-4c38-b0a6-86803af19cdd.jpg,0.4585016087833465,2.8808505716257256,2.8808505716257256
9e25e1f8-ee83-4a9e-ac29-f5123e1b03cd.jpg,0.45519591154867584,2.8600802633308584,2.8600802633308584
00624e40-a60b-4b60-92b3-46bb619ec877.jpg,0.4603485866585169,2.892455475873682,2.892455475873682
c8a0c355-5ff1-48f9-9b0a-7c86f853aa54.jpg,0.4576673857479971,2.8756089937071074,2.8756089937071074
d4fd4419-f989-4f7a-9993-272ae17a5e68.jpg,0.44835657290025416,2.81710743122427,2.81710743122427
cc1ee19d-666e-435f-b8d0-4c1c6335e769.jpg,0.45266451143092773,2.844175007304431,2.844175007304431
e99ae764-6aa3-4581-a952-bb320670c5d8.jpg,0.45254745750269826,2.843439535782432,2.843439535782432
5b1003fc-b10f-4a63-95c9-10171565f877.jpg,0.4547786425757018,2.857458485050726,2.857458485050726
b940d6b6-985a-4042-b014-f57bac6251eb.jpg,0.45254940493676227,2.8434517718715298,2.8434517718715298
5664e182-3284-43ac-92bb-ea12f7307f49.jpg,0.4525922129764786,2.8437207427177045,2.8437207427177045
ebbf06a3-04db-4bbd-848a-3d48d5192e63.jpg,0.4499930406276689,2.827389661204836,2.827389661204836
6ad2a8f1-d6be-4db2-b1de-beab19bee69c.jpg,0.46000773051184324,2.8903138135410402,2.8903138135410402
3be9a001-586c-40ac-a9cc-0f53200b1288.jpg,0.4553666491067218,2.8611530390469566,2.8611530390469566
563fe8d2-f594-4bef-8065-65c91548f70c.jpg,0.4583561877700623,2.879936864451703,2.879936864451703
d0636c67-e474-4c94-af71-602ba7f9e0e8.jpg,0.45546063648771645,2.8617435791782824,2.8617435791782824
faa0752e-c212-436a-990d-32ad2aa76eb4.jpg,0.45420781170986757,2.853871848941632,2.853871848941632
5555b306-2501-44f2-81df-0977f9f2a81d.jpg,0.456354479315153,2.8673597592985596,2.8673597592985596
08b2dde4-c40e-4434-ba50-d341a154a149.jpg,0.4625154573869418,2.9060703261970784,2.9060703261970784
7a8b7119-47f1-4401-b160-1bb43b04bbf3.jpg,0.4552819664053864,2.8606209619421534,2.8606209619421534
eb7719ef-01b6-46c5-892f-0044513dd72f.jpg,0.45218766848375475,2.8411789147049213,2.8411789147049213
05961fad-17de-405e-8db1-e2a3ec0adda6.jpg,0.4521357368483983,2.840852618616672,2.840852618616672
54754205-a9d2-412f-a513-6f7945d3a2cc.jpg,0.4472051751094348,2.809872985542275,2.809872985542275
b525b4e5-64d6-4f79-8a87-2212284088c1.jpg,0.44735567332447296,2.810818593715759,2.810818593715759
f091c4bb-0997-4d87-8568-7a5e8d25d5c3.jpg,0.4512394700577535,2.8352212082863795,2.8352212082863795
7cf503c7-8128-43d9-9575-fa931379daf5.jpg,0.4382186920631506,2.7534092473026437,2.7534092473026437
89a0e44b-3224-4d0d-9eee-d2e6d4971b04.jpg,0.42545627992646434,2.673220646881246,2.673220646881246
29e41d3f-a28f-4857-9709-c43a472facbf.jpg,0.40786680773032763,2.562702733617436,2.562702733617436
7fc6813a-5d5c-4e00-a306-3620b0335ee6.jpg,0.3832677071938726,2.408142026556948,2.408142026556948
a19972bc-c181-4523-871d-ea432c2c4999.jpg,0.3441810979080646,2.1625536173848903,2.1625536173848903
3a7378e5-7d38-4d72-bac3-d8a8ebfef904.jpg,0.2993196152607293,1.880680608756861,1.880680608756861
4b4709cf-68fe-4cb6-a5a1-b4668d262079.jpg,0.29069032057808064,1.82646115119552,1.82646115119552
1571dede-3822-4061-9817-dc8d26ae6c3d.jpg,0.2832794596258945,1.7798973385471932,1.7798973385471932
8ba74afe-44cf-4845-ac23-422079962b61.jpg,0.27388962916296905,1.7208992937456327,1.7208992937456327
90d498c6-4364-4abd-b1a0-f380507c7a90.jpg,0.2736876788736216,1.7196304026548241,1.7196304026548241
0229dd07-7835-4743-b6ba-4e4cf5bd68b1.jpg,0.28079128091241373,1.7642636506130138,1.7642636506130138
2bd5e290-71dd-476d-9ed6-27f46c80e971.jpg,0.2924051249272761,1.8372355846870727,1.8372355846870727
742c9a9f-8a71-42af-99ef-0b785e2889a9.jpg,0.2970553420982023,1.8664537608906302,1.8664537608906302
b905cda2-7e01-407b-845b-450afe6f6af9.jpg,0.2915045623511856,1.831577183140785,1.831577183140785
d692a2eb-f286-40b2-bfd3-c189088fec24.jpg,0.2915539475665165,1.8318874796001439,1.8318874796001439
b36e4231-bd78-425b-be75-bb4bd623fc3a.jpg,0.2867981393807147,1.8020058554833496,1.8020058554833496
807cb081-b0f4-4cd2-83e9-fce981988b3a.jpg,0.29310280100672986,1.841619212778667,1.841619212778667
aa7407ef-df50-43c9-b571-46958876b196.jpg,0.2919521400877343,1.8343893969988885,1.8343893969988885
f92e04fe-044b-4f84-996c-69698fa67fd1.jpg,0.29511842564821605,1.8542837559108423,1.8542837559108423
f0c7a82b-6ac7-4cfc-a249-e587c5a48df1.jpg,0.2893825622774559,1.8182442634556926,1.8182442634556926
acf74c15-c75f-4567-9e3b-5a4e675e477a.jpg,0.2976453705536643,1.870161019012807,1.870161019012807
d2e06295-b19e-45b7-980a-c631812e6aab.jpg,0.30323111586023294,1.9052572918526864,1.9052572918526864
53687056-a8db-4ead-a03a-3e971b0eca04.jpg,0.30118553656731345,1.8924045380947438,1.8924045380947438
be2f4a38-9126-4d97-a649-bf0684b7295b.jpg,0.2996507547144605,1.8827612193071723,1.8827612193071723
19300a8b-91ac-45cb-b34b-8c6975756350.jpg,0.3067831236379838,1.9275752149328385,1.9275752149328385
fbc59dc0-6045-4499-a083-ec0e9b989248.jpg,0.31290194592471227,1.9660209092220535,1.9660209092220535
49c55fa5-6ad1-49ab-8079-23030eecce72.jpg,0.3066755032748543,1.9268990162484698,1.9268990162484698
418ea854-b707-487d-a73f-fc51e293477a.jpg,0.3090491150531038,1.9418128588985153,1.9418128588985153
12012a9c-b762-4861-b315-4004fc010a36.jpg,0.30761991937519806,1.9328329576140133,1.9328329576140133
f0c859d5-b339-4656-9113-daf5bc69b469.jpg,0.31816009119687455,1.9990588103391194,1.9990588103391194
229cb583-492a-4c7b-8dc3-62f10f76630b.jpg,0.32833262529141144,2.062974727098697,2.062974727098697
537aa14a-2283-45fa-999f-a2c49a275210.jpg,0.3345707387995605,2.102169950237618,2.102169950237618
46f121b8-c264-48e8-8334-ff35c2dc6f19.jpg,0.32898744979041783,2.067089110769635,2.067089110769635
d649a7be-f766-4a7a-a8be-4a22f8a669ba.jpg,0.3300148621422536,2.073544532963105,2.073544532963105
3f9cb87a-bab3-4d73-88e3-0f45c8f85140.jpg,0.3483874839104139,2.1889831201111773,2.1889831201111773
23cbce2d-0a0a-4c8a-9e42-db50ea32d3ef.jpg,0.33912974007230934,2.1308150000499664,2.1308150000499664
9b42dd70-9683-4f50-8e3c-b8c7a5009940.jpg,0.34256439013135753,2.152395542836281,2.152395542836281
9bc7f47a-7609-4e33-a934-eed096258aaa.jpg,0.342529408957658,2.1521757496396643,2.1521757496396643
4302bdea-b755-43c6-9458-238b0f582768.jpg,0.34141266363980993,2.1451590318667,2.1451590318667
c6bfef6a-464a-4a83-a1df-a1396b5e4914.jpg,0.34763631242586335,2.184263370476277,2.184263370476277
59a18bd8-9cf5-4cac-94ff-d7405b2c7538.jpg,0.3485164848677124,2.189793657030687,2.189793657030687
c69a3e52-dbcd-4518-a614-3aa370345e4b.jpg,0.3422718849704825,2.150557678707197,2.150557678707197
c8573f43-cf64-4a5e-be7a-eb337d66aea1.jpg,0.3468637960141346,2.1794095067085477,2.1794095067085477
3bcb9f4f-ae46-4982-a216-6d0b0a566320.jpg,0.35953214859794647,2.259007113529325,2.259007113529325
5fcdf393-febb-4bea-a76f-4abd46479fc0.jpg,0.353903520848041,2.2236414023515354,2.2236414023515354
b03fbcee-de9b-46c2-9f07-5d7b766b09fa.jpg,0.3500474772084673,2.199413165611523,2.199413165611523
3a7bf9bc-c1f5-4d5f-91f3-2a77d52bfe32.jpg,0.3525738217495451,2.2152866565128964,2.2152866565128964
07ec0fed-20b2-4c66-bd48-07eedf74df7f.jpg,0.35592052069437974,2.236314586150635,2.236314586150635
79a77125-3408-4753-8a50-602c3cddd67a.jpg,0.34837038996944025,2.1888757157124097,2.1888757157124097
3de94d77-4bf2-4db2-9a62-7be6f7fb2cb4.jpg,0.3444542237863494,2.1642697178903396,2.1642697178903396
87a33ec7-991e-450a-90cf-97af2f43e3d0.jpg,0.35295917083617856,2.2177078762321667,2.2177078762321667
e70986d8-130d-48e3-a568-ec9ed3f07849.jpg,0.34598215452435255,2.173869989853749,2.173869989853749
9ba550a3-0da7-41e7-bc20-3f36b406c84c.jpg,0.338864022956045,2.129145450169188,2.129145450169188
33992722-ff4d-4c3e-844a-993c3ef713b3.jpg,0.33088353080343463,2.0790025391318445,2.0790025391318445
33b5b7f5-d694-42f6-8adf-5f76d746cd55.jpg,0.31262271434778605,1.96426644548061,1.96426644548061
7fc4622f-ac20-443b-babb-ce231a434ecd.jpg,0.3032221251119293,1.9052008013150445,1.9052008013150445
d0c69fb5-277d-4306-8fde-7c511f034823.jpg,0.29969403432658964,1.8830331531302027,1.8830331531302027
d10e97dd-d119-41de-9866-ff977ba0e407.jpg,0.3063641366413353,1.9249426419915971,1.9249426419915971
863b3191-cf73-42eb-beda-80a20eb372cd.jpg,0.3019289848122406,1.8970757611839186,1.8970757611839186
b906c6c1-b5ef-4ac9-8aef-e44bba9b639a.jpg,0.29985424122573817,1.8840397627650414,1.8840397627650414
072e5907-15a8-4556-a9ca-011a4baeb38d.jpg,0.2851965136266171,1.7919425440776031,1.7919425440776031
bbb1fc23-bac9-4f6e-bf11-43c8ebaa6214.jpg,0.28014007363852433,1.7601719946377834,1.7601719946377834
0d86ff1b-609c-4087-8e08-1fa753309fb7.jpg,0.2652902323261178,1.6668676898897223,1.6668676898897223
a6f1db2c-0ef4-48f4-bb20-5d543d432393.jpg,0.2581077725774818,1.6217389643276838,1.6217389643276838
25fa6535-f700-4840-bf58-296939c24e25.jpg,0.2593800086234752,1.629732659159134,1.629732659159134
07f22bd7-8066-4c6f-a584-8db96c4e6a71.jpg,0.2647840490951971,1.6636872468504607,1.6636872468504607
ff82d769-7bed-422a-999e-eab8c0dbfe1b.jpg,0.275212693147492,1.7292123499336458,1.7292123499336458
16f79eb4-43b0-46eb-a976-247b1406e0e3.jpg,0.2688637397726719,1.6893206993730079,1.6893206993730079
16f072ec-fc27-497d-bb9d-296dfa3f2e94.jpg,0.26212164352411743,1.6469588592844997,1.6469588592844997
49339a05-0564-4a17-85fe-0fad67287572.jpg,0.2481636517157,1.5592582102361183,1.5592582102361183
82f68b8c-1c23-4b53-929f-1a7dceacb5a4.jpg,0.24335817362699738,1.5290645009152086,1.5290645009152086
87765559-0d11-44a5-8fc3-324295bbe5ec.jpg,0.24713157827936552,1.5527735015850113,1.5527735015850113
1b4e51f2-7110-406d-b686-6e3b66a31c8c.jpg,0.2392729671610453,1.5033963916715434,1.5033963916715434
357daf58-39df-40d1-a1af-e707ad9a287c.jpg,0.24304821325443757,1.5271169624565328,1.5271169624565328
bb9fafb9-7c45-40e4-9b3e-75ee29a18ef9.jpg,0.24552427634286034,1.5426745256733605,1.5426745256733605
a88a7970-7e0a-4a3e-8b2d-229338bb6a11.jpg,0.2502317092891831,1.5722521991962288,1.5722521991962288
a54f0fed-394f-4a96-8daf-28b11350e7b0.jpg,0.2657956011632711,1.6700430159420303,1.6700430159420303
c87b28ec-813b-4fed-ad69-1947048b7ca3.jpg,0.25988185981598927,1.6328858831983286,1.6328858831983286
661d3b90-c06a-4d4e-b412-36548083ad8a.jpg,0.2621157022215344,1.6469215289794046,1.6469215289794046
ca34c94a-fd3f-4af5-80d9-adcbef10eca9.jpg,0.25328674571604587,1.5914475591863915,1.5914475591863915
bfbc326e-4dcf-4b19-8bf0-4f315233b457.jpg,0.2542814228902684,1.5976973001928534,1.5976973001928534
eaefba48-2707-4c06-9a96-029030688d6f.jpg,0.25712202046077287,1.615545301111457,1.615545301111457
fb762fc3-efa4-4746-908a-bb112384cbe5.jpg,0.25442969977369256,1.5986289513281784,1.5986289513281784
8e3dcbf6-08d4-4f52-b01a-d2420d1f746a.jpg,0.25530487156221154,1.604127817851059,1.604127817851059
a96477ca-5052-4bcd-98e7-6f5750cf07d5.jpg,0.2616713981897156,1.6441298844147598,1.6441298844147598
d3ce665f-af0a-4049-a6a8-aa7937bc8b41.jpg,0.2605622949877021,1.637161183471723,1.637161183471723
b173a665-8a8c-4a49-b6f1-3772c854d089.jpg,0.2578481468984091,1.6201076880755678,1.6201076880755678
d8cda37d-1a59-43fb-a40c-d1d46f173bd6.jpg,0.2690512961882322,1.6904991510875236,1.6904991510875236
d87963ae-370c-4074-bc38-e2c31326e118.jpg,0.2609782458975198,1.6397746801167974,1.6397746801167974
27072ff2-46b1-4e67-ab12-ec8bba82db6d.jpg,0.2716496758316646,1.7068252518856126,1.7068252518856126
ac7d6f2e-65db-4204-8319-75edfebd0458.jpg,0.2729940821966451,1.715272406204937,1.715272406204937
5ca58287-60ca-428d-b305-4167deed0639.jpg,0.2686882243090701,1.6882179031909221,1.6882179031909221
9937f4d9-4715-4dae-ba79-2e8eb2296a26.jpg,0.28102976850515027,1.7657621123516405,1.7657621123516405
0e5aadfc-0c2a-4e89-b42c-25d06c589033.jpg,0.2687545711378016,1.6886347726103859,1.6886347726103859
79cd547d-cc95-4ca6-a56b-2209dc4a5c43.jpg,0.273656494456835,1.7194344651854574,1.7194344651854574
baec4c99-061b-4e62-8c7c-6a954153f9d0.jpg,0.26519434613026466,1.6662652191527765,1.6662652191527765
1c03cfb4-9583-4f92-81a4-a4c78b217e68.jpg,0.2698895233579212,1.6957658877241923,1.6957658877241923
7ad28994-529e-4fbe-803f-6f1420f480dc.jpg,0.27211478665780325,1.7097476293946172,1.7097476293946172
1e8cea03-2bcb-4f37-b226-1c1000faaf55.jpg,0.26795271537701426,1.6835965642757296,1.6835965642757296
541c0cbd-c57f-4f32-8c13-cb88fd368e19.jpg,0.2638582580198911,1.65787032996858,1.65787032996858
7a5120f3-5590-4ba7-a185-8b1efa68ae20.jpg,0.2585689247315185,1.6246364687663013,1.6246364687663013
d09953c7-08e5-479f-a2df-9f9f43ff14b3.jpg,0.26336664744980176,1.6547814496577404,1.6547814496577404
88bd9898-619e-44a4-bcb5-521b2b8fc195.jpg,0.2633461103767013,1.654652411421783,1.654652411421783
22d0886e-4d35-44d2-97d6-f783828e0d16.jpg,0.2596648623085214,1.6315224476477121,1.6315224476477121
8f88d402-4d8c-404d-8e0c-9e68d652fc5b.jpg,0.2547834033556408,1.6008513364773724,1.6008513364773724
6a94fdee-404a-446d-a107-7dbfb3ec4c0b.jpg,0.26602765724555016,1.671501067308648,1.671501067308648
72cd9f65-05f7-4045-a5a6-aac01c42e251.jpg,0.25821053673186617,1.6223846505526163,1.6223846505526163
2bb0a147-5d00-436c-b7cf-8d8496f15745.jpg,0.25782208939348644,1.6199439639434958,1.6199439639434958
97ceb28b-9fa0-457e-b08f-6875781541d9.jpg,0.25858026631008796,1.6247077300061292,1.6247077300061292
8482d033-92bb-4cdd-9d15-de73610ad10f.jpg,0.2559096417554237,1.6079277010432698,1.6079277010432698
d716c65f-0bc1-4635-ac9d-8ccbd9c3e705.jpg,0.25489843916780847,1.6015741278021838,1.6015741278021838
8b10c55e-701d-487f-a26b-be200fc9e1ef.jpg,0.25476762290438804,1.6007521849779203,1.6007521849779203
d6b37d53-7880-4ccd-b738-b74cf26ee638.jpg,0.2517913311855757,1.5820515925803982,1.5820515925803982
03dde126-5382-45f8-9241-8582c8c7457e.jpg,0.25343350131469894,1.5923696518075947,1.5923696518075947
7d956ca1-eebf-451b-82a8-054708985f97.jpg,0.2540550258272748,1.5962748054930633,1.5962748054930633
01be5229-bbd9-48b7-a4bc-153f078af6e8.jpg,0.2525467079860773,1.5867977649946945,1.5867977649946945
891d2136-034a-425d-90bc-7f5049d96496.jpg,0.24673454344878143,1.5502788581710467,1.5502788581710467
316ee2df-d63f-45b3-80dc-cfd81c442736.jpg,0.24691532010486328,1.5514147114004213,1.5514147114004213
2d8d6de0-1d44-422b-92f5-2dc973cca000.jpg,0.24480766460009515,1.538171921300266,1.538171921300266
6c429736-47a5-4f2d-ad7e-b51934905163.jpg,0.25211651123425877,1.5840947590844718,1.5840947590844718
a02c2d6f-ad1f-4705-9e68-b1f7b50855c3.jpg,0.25197185590823007,1.583185862865363,1.583185862865363
f7b1c531-cfd5-4ec8-9812-be2913dda55d.jpg,0.2419796266122398,1.5204028345668275,1.5204028345668275
beb43ce0-5e14-4233-b964-0d1531705331.jpg,0.23594018649125392,1.482455913135058,1.482455913135058
33c617a3-4881-4f34-ab26-26c07daac69e.jpg,0.22391965426386176,1.406928681659429,1.406928681659429
6c90001a-c14f-488d-8fad-b97de2485107.jpg,0.22023500784867975,1.3837773654414054,1.3837773654414054
522caf6c-1f41-4cc1-9aa1-50dcf49b167b.jpg,0.21168852772727914,1.3300782471145187,1.3300782471145187
bb494574-ab10-4ae0-8309-3d8aebafd939.jpg,0.2079183401179015,1.3063894597219667,1.3063894597219667
8ff90681-cefa-4bf1-ba5c-2157363d4f99.jpg,0.21356856676324565,1.3418908807622276,1.3418908807622276
762f3e81-45f3-4abc-a9c6-179500b8a261.jpg,0.20522974152389736,1.2894964965392162,1.2894964965392162
7db876aa-e49a-4aab-8352-d579c8c6a75b.jpg,0.20924463506487057,1.3147228166457492,1.3147228166457492
d9306eda-831d-46b1-8a88-d1c125c58add.jpg,0.2087199990161098,1.3114264311325587,1.3114264311325587
2df1cc78-ebbf-4ac2-9bd3-1814b20cbed5.jpg,0.21783966596759496,1.3687269885285016,1.3687269885285016
2f2a15e2-2c26-4d76-a36b-5ff2522ffae2.jpg,0.21163761740256634,1.3297583681102996,1.3297583681102996
bde88be3-8c9c-4074-aeca-326cdb686995.jpg,0.21020223030551305,1.320739564991979,1.320739564991979
f21450dc-bada-4eb9-b609-c8301df4bbc1.jpg,0.21098202019379192,1.3256391293607002,1.3256391293607002
b37b9feb-9ec7-4a61-aa74-a2727bb4f87d.jpg,0.20344427741875834,1.27827809470731,1.27827809470731
a07f6bc7-f6cc-4a3a-9cb6-6242e661ee5c.jpg,0.20716847131760047,1.3016778950936028,1.3016778950936028
befe7244-0a3d-4732-ae78-ee2b444dc709.jpg,0.20752254918824373,1.303902631968026,1.303902631968026
3f7b7df3-6cd0-44ef-90da-94e93e4573a4.jpg,0.208585714872476,1.3105826989742917,1.3105826989742917
16159717-c251-4850-ad81-39527cb8ec03.jpg,0.20951943566675102,1.3164494397498885,1.3164494397498885
0873d1cf-d836-44db-92de-75ab0a7df09c.jpg,0.2134129863052114,1.3409133399142226,1.3409133399142226
46d09131-bd99-4fac-8439-c03fed595765.jpg,0.2169572823049855,1.3631828084642985,1.3631828084642985
81aeeab0-61fc-4e8c-9e9a-4973ffafab8b.jpg,0.20104683805250578,1.263214538906418,1.263214538906418
39518a53-600d-4d6f-99de-671b826768d8.jpg,0.20475662471988376,1.2865238159876582,1.2865238159876582
3d0db50c-0092-439a-86c1-b7172efcbb68.jpg,0.19972199388959033,1.254890297527685,1.254890297527685
43ead8de-05c1-4157-a21a-5a5e6cf77143.jpg,0.1958040060234948,1.2302728537337257,1.2302728537337257
219c162e-4500-4945-b19c-a77b3a3da656.jpg,0.19225351054021897,1.2079644326799996,1.2079644326799996
efea5721-e4d2-4932-adb1-7ddd9885a9d9.jpg,0.19487353103521396,1.2244265069586615,1.2244265069586615
04553a3a-1951-442b-a91b-bb552970c4ff.jpg,0.18980473009850782,1.1925782913881313,1.1925782913881313
24faf919-a099-4b5b-af9b-6373f213384f.jpg,0.1865103119639847,1.1718788517695897,1.1718788517695897
a2ecfadc-dce9-4e7d-b9e7-daae8f234a0c.jpg,0.18392586798607868,1.155640311340382,1.155640311340382
492b1812-8eca-45c9-8715-0b100cbd5550.jpg,0.17810949789625752,1.1190949802508987,1.1190949802508987
c43afe22-419f-40f7-a14a-454910ad6ed3.jpg,0.1852368534182317,1.163877475745612,1.163877475745612
486e936d-c92e-42da-989a-e4b2724ebace.jpg,0.1883448585983673,1.1834056482280781,1.1834056482280781
bdbe1c12-a851-4949-a240-ad8980ca8db7.jpg,0.18340632154735542,1.1523759047901982,1.1523759047901982
22a2b701-1997-4359-92bb-1f5535a6674a.jpg,0.17669485388158598,1.110206509763025,1.110206509763025
8c2854dd-3a37-4f8a-b089-76abbbd5e853.jpg,0.1860219823935329,1.1688105865874656,1.1688105865874656
d2ba833d-21f7-4f3e-89c2-f26dbc09d6d8.jpg,0.1705269278426217,1.071452287499234,1.071452287499234
a4ab7869-4312-45cd-ace1-c4e86c970059.jpg,0.14938316456535555,0.9386021047370322,0.9386021047370322
722582aa-b794-4866-b58c-ba94cf8b3188.jpg,0.14589390137897376,0.9166784175514755,0.9166784175514755
f2a6f02d-10b8-4fe9-8d0c-119eeb5d9e76.jpg,0.1465812481178219,0.9209971444819439,0.9209971444819439
b3baee6c-a688-45fc-90ca-81836684fbc0.jpg,0.14811881772249177,0.9306579792307716,0.9306579792307716
9830a728-de56-4081-85bc-2497b0bb1619.jpg,0.15038657123183638,0.9449066947609905,0.9449066947609905
e3033d46-dcee-4a54-a1ea-971679cc9abd.jpg,0.14283304739327965,0.8974465047611402,0.8974465047611402
2e1d516d-4ab3-4759-b1db-c60d1df27d2f.jpg,0.1445172432835499,0.9080286196332984,0.9080286196332984
f107c966-df86-4cf2-84ac-cce4f42ad484.jpg,0.1490874185649149,0.9367438778124063,0.9367438778124063
1644c557-ecd4-4d90-92ab-2f2af57bb95a.jpg,0.14758359248881986,0.9272950599065325,0.9272950599065325
29cc277e-7301-4603-9b02-f6a8e9c5487c.jpg,0.14602692065094994,0.917514202286728,0.917514202286728
033aefe1-781d-4d93-974e-5752c0a8d14e.jpg,0.15018551964152876,0.9436434503627847,0.9436434503627847
7675dc85-8e77-4f5e-aff2-2662dd2aaf37.jpg,0.14524051097613527,0.9125730445725085,0.9125730445725085
04816802-ec97-4be1-876f-1ae565227c5a.jpg,0.14578410728330066,0.9159885609027272,0.9159885609027272
879c8de8-2fd9-494c-8f2c-ea5158b08805.jpg,0.1389295273652476,0.872919965074728,0.872919965074728
7f5bc51c-735e-452c-973c-dd7188321701.jpg,0.14260192020418855,0.8959942898025532,0.8959942898025532
c9802865-8118-4eae-bfae-60d3bdef3f18.jpg,0.1393668777707983,0.875667918716973,0.875667918716973
08a90115-3b1a-4cf0-9edb-5902d9799900.jpg,0.1385087756727112,0.8702763042222122,0.8702763042222122
f9187815-729b-4da9-a2c6-82e3e597546e.jpg,0.14478827601152913,0.9097315684875024,0.9097315684875024
4f7bb143-e064-480b-8151-6693b8b60b70.jpg,0.14227009995532575,0.8939094016902739,0.8939094016902739
19a52f67-2edb-4da8-a310-810434e61d59.jpg,0.14402739245144364,0.9049507960822987,0.9049507960822987
4124a223-af37-4cb0-9e52-36b54ea0d7d1.jpg,0.15438337677860994,0.9700193646481321,0.9700193646481321
e9768b06-4cea-4aca-bca1-988d70ada100.jpg,0.1514572500285399,0.9516339680451469,0.9516339680451469
0f095ec0-cd1d-41d9-aa08-93bfdea7e6af.jpg,0.15666090577626798,0.9843295013828925,0.9843295013828925
a6c1cd43-eda6-4768-bc36-74e6701a1d51.jpg,0.15452437052393092,0.970905254477137,0.970905254477137
66a26e16-1e45-417b-a048-87621771fbfc.jpg,0.1589862424155904,0.9989400223893296,0.9989400223893296
51db4105-5d38-441e-9dd9-d1b24fe6d52f.jpg,0.15792005975870213,0.9922409991847995,0.9922409991847995
9b7b376c-a73a-419d-ba2a-d50bb703cdec.jpg,0.16047809264688792,1.0083135938431307,1.0083135938431307
8b8d0c51-ceed-43a1-aa94-62d0022a477c.jpg,0.16024096698003565,1.0068236893372091,1.0068236893372091
b80391e0-8542-4de9-b15e-50b01c6c91cc.jpg,0.1531587200793442,0.9623246196689665,0.9623246196689665
227167b2-8a32-4b40-ae84-b18c580f1d74.jpg,0.1516785476431694,0.9530244219659009,0.9530244219659009
78c9f836-a3df-404b-a5d4-ae3e5d09de57.jpg,0.14831489927819203,0.9318899959805563,0.9318899959805563
50609553-94bf-41ca-ba1a-99a45131f1a8.jpg,0.15283693459673248,0.9603027818525569,0.9603027818525569
0b2985c5-7116-485d-ba32-08c4f40ca340.jpg,0.14705338807464902,0.9239636873216125,0.9239636873216125
7bcde815-e63e-4bac-a541-d3b41dd32318.jpg,0.14382338141302647,0.9036689569232136,0.9036689569232136
059a38bc-9843-40f2-afde-835f5fe24666.jpg,0.14740818165876632,0.9261929211564199,0.9261929211564199
eb382e25-2648-447b-ad8f-a154dcb995b0.jpg,0.14617901877543524,0.9184698629877436,0.9184698629877436
172dffb0-4acd-4fb4-8126-0e6c61cba775.jpg,0.13943855256270915,0.8761182647164025,0.8761182647164025
01270093-546c-4396-898c-8fc2a07cb70f.jpg,0.1323469871567769,0.831560645152946,0.831560645152946
f7ce05cf-d979-4c3c-8bc8-72028fd2c7fd.jpg,0.1283988346022585,0.8067536710318925,0.8067536710318925
ede7d4b2-049d-41f5-9654-186ea278d0e3.jpg,0.1288398010189921,0.8095243447424726,0.8095243447424726
34e4c0ad-d110-48fe-b85f-e384f5c296ad.jpg,0.13230018043183928,0.8312665498265407,0.8312665498265407
207831ac-0322-4d00-adae-4ca5ed1f57a9.jpg,0.13036105851553345,0.819082687493178,0.819082687493178
131b293b-c0d1-4948-afec-9e6b3183be08.jpg,0.13245593789186103,0.832245202810833,0.832245202810833
faeeebc9-9f53-4c1d-8817-2ebdea834e96.jpg,0.12174870220464445,0.764969656860405,0.764969656860405
fe3ec834-5c0e-433f-a48c-8166188b064b.jpg,0.11645144039822418,0.7316859793100214,0.7316859793100214
31a0ef7c-a5dd-4599-9e06-1f6fc9d6889a.jpg,0.11621839988723383,0.7302217425953893,0.7302217425953893
0428ad58-5354-43ca-a372-ee34c05de84e.jpg,0.11289972684453492,0.7093699048941705,0.7093699048941705
1dbb27c1-62d3-4f1c-835c-5ae739dab0fe.jpg,0.11167265971992411,0.7016600147658928,0.7016600147658928
948f448a-6a8e-4141-b2fc-aaebdc18dcf6.jpg,0.11400791566167724,0.7163328605876199,0.7163328605876199
b6f77f5f-29a2-49f4-847d-aaf7aca5984f.jpg,0.11243772700113432,0.7064670742661966,0.7064670742661966
fd52081a-da41-492d-a149-ce9886afb309.jpg,0.11117265376391884,0.6985183846896181,0.6985183846896181
0d99fd38-28dd-4a93-a7b3-ae28239f459d.jpg,0.11899890003740271,0.747692140285541,0.747692140285541
81eab624-39df-4d91-9b4e-c46a44361849.jpg,0.11275880748708757,0.7084844824579601,0.7084844824579601
cb94d746-6e69-4f49-8b8e-a16136a8717e.jpg,0.11539689511590288,0.7250600758863848,0.7250600758863848
c566f78f-f553-4c35-b7b3-d81cd54798d6.jpg,0.11965155567622637,0.7517928966060458,0.7517928966060458
6267d242-00e7-4c1a-a820-2ca106cae608.jpg,0.12704264489045416,0.7982324797609354,0.7982324797609354
e2fd214e-a7b0-43bc-a2db-274877bde58c.jpg,0.12052691572728848,0.7572929460173712,0.7572929460173712
812459c5-60d6-4678-9a33-dc0508ef1a3a.jpg,0.11910886198117882,0.7483830515550239,0.7483830515550239
47c8efd9-aa30-4946-8c35-36e825fc5102.jpg,0.12268485030419364,0.7708516488448365,0.7708516488448365
6fa3c6ae-b89a-406c-b1c4-8560d64e844c.jpg,0.12317075713535185,0.7739046915070279,0.7739046915070279
c9c4b0ba-6785-4fc3-a330-48d625ed8568.jpg,0.12799124190784103,0.8041926906030149,0.8041926906030149
b1251c6f-0835-49e7-a2e4-92936ffb1c08.jpg,0.12727355602135224,0.7996833371858583,0.7996833371858583
605b382c-d8cc-4767-817a-d7a7e64907b9.jpg,0.1259611383072793,0.7914371734879131,0.7914371734879131
4b311fee-77dc-4213-9a66-c09698038bcd.jpg,0.12303002066945251,0.7730204182123048,0.7730204182123048
25a023c8-2355-4ab4-9c06-4fb777e4f081.jpg,0.12378406456084011,0.7777582157116399,0.7777582157116399
e5f5cbc4-a578-4a40-a9e4-34b43fd8d7c6.jpg,0.12188007285511872,0.7657950830012594,0.7657950830012594
2ba7523d-f1a0-4009-8495-26349162a08f.jpg,0.11756653701422683,0.738692337983775,0.738692337983775
ae8f0444-f3b6-46e1-99ac-1104fdfe2d35.jpg,0.12044437751415632,0.7567743431293383,0.7567743431293383
b3d0d504-0a14-45da-a3bc-ae7a46d71fc8.jpg,0.12144014121313974,0.7630309109722138,0.7630309109722138
7a32bf05-b408-4538-8388-4de6a83162e2.jpg,0.12071058457866414,0.7584469714457213,0.7584469714457213
cf8c92ad-e180-4d4b-91f4-aec2213bdbe9.jpg,0.1145387816126092,0.7196683897305975,0.7196683897305975
ff483317-e828-414d-983a-64e8ccab0677.jpg,0.11018555367717618,0.692316251927881,0.692316251927881
db78a218-2d9e-42fb-acc5-f57dbea99d6b.jpg,0.10101731051675887,0.6347104812096972,0.6347104812096972
aff846b9-d5b0-497c-a651-9eaad9189377.jpg,0.09742930887686055,0.6121664020237518,0.6121664020237518
7d058205-0b46-4997-aa2a-27869c1d8c05.jpg,0.09531436922260438,0.598877844262558,0.598877844262558
83207288-1fb9-4841-8839-a0c5e75966b6.jpg,0.0947168873297031,0.5951237548117748,0.5951237548117748
fc9369f1-3cd4-4873-aa83-34c7700ad257.jpg,0.09818356556483497,0.6169055365634747,0.6169055365634747
f7e2a588-cc59-478f-ac1a-6e2d2a5cf14c.jpg,0.10624981513330059,0.6675872773361016,0.6675872773361016
4e4a1377-9ea9-4c4f-9a1c-3901c2e332e1.jpg,0.09959315429392174,0.6257622437552386,0.6257622437552386
395019e6-9dd8-4022-b9af-13855116bf33.jpg,0.0903541125393109,0.567711632350249,0.567711632350249
3dcab0ec-26e2-4af6-b123-1a8d93f23963.jpg,0.09842376463832864,0.6184147518528482,0.6184147518528482
10a413c3-f96e-43de-b695-47c80e5ae87a.jpg,0.09900542702861131,0.6220694444372112,0.6220694444372112
da87f2c3-f7bd-4211-abdf-04679044aa6e.jpg,0.095377667681568,0.5992755602098853,0.5992755602098853
f60e0401-a232-499d-8efb-48c7a0eb15cf.jpg,0.09885336133609089,0.6211139875122409,0.6211139875122409
ec5c6130-1344-4deb-b7a1-98d292572132.jpg,0.09541036693898625,0.5994810157036513,0.5994810157036513
d03135bc-1601-4dab-a1f6-75dbfc264fc5.jpg,0.09989287313060274,0.6276454327461576,0.6276454327461576
7c4edd7a-f8a3-421a-bebc-3db3c4ba156d.jpg,0.10926189182413336,0.6865127133440401,0.6865127133440401
e5cda21e-ab5b-465b-9b16-1e47930c8119.jpg,0.10241554334259956,0.6434958371570356,0.6434958371570356
40e5bf71-edee-4369-9ba3-784d9963f054.jpg,0.10681695068595508,0.6711506951077194,0.6711506951077194
668fd625-29d7-4d14-a134-2dd56d014b04.jpg,0.10429830364277617,0.6553255690120464,0.6553255690120464
83a91193-669a-4cfc-8da0-d07a56ca6a3f.jpg,0.11264081915680178,0.7077431399146898,0.7077431399146898
1b546671-c0a7-4c22-b427-ffb7250773c5.jpg,0.11431115834181381,0.7182381905399637,0.7182381905399637
40b63696-2e0a-48be-bb93-38a7814b8231.jpg,0.11226261625266704,0.7053668209842977,0.7053668209842977
53f76dba-51c7-411d-a41b-0649d6344ad4.jpg,0.09729914651097885,0.6113485677588962,0.6113485677588962
87933937-b61c-47af-8371-c93adf7eb96a.jpg,0.10944797923878145,0.687681935053608,0.687681935053608
20ed6f8f-5a32-48fc-8b3c-cbbb51e30f8f.jpg,0.10878949644938406,0.6835445656662357,0.6835445656662357
dde16420-785b-46c7-9ff7-f793f8af8fae.jpg,0.10575014954885922,0.6644477858774362,0.6644477858774362
e50c32cb-eb39-4547-9d07-28bd41f5db4a.jpg,0.10552666473674531,0.6630435893895843,0.6630435893895843
9949278d-3f1e-4fbe-a6de-d1f591f104fc.jpg,0.10556254624122018,0.6632690395313002,0.6632690395313002
8181dd92-6ce5-49ff-998b-24dc6aa39300.jpg,0.10206455884136655,0.6412905364958406,0.6412905364958406
5945bf97-2855-4535-93e6-ca18858591da.jpg,0.11403565888269424,0.7165071763862877,0.7165071763862877
2ccc6479-c676-4f8d-9675-5af8aa6bb67b.jpg,0.11546644962162084,0.72549709973476,0.72549709973476
16e2c2c6-537d-4c46-9972-7b3619eb6301.jpg,0.11033764857781382,0.6932718923728644,0.6932718923728644
9bdab716-a5bf-467c-a68e-57138659afaa.jpg,0.10826124928028738,0.6802254908148082,0.6802254908148082
aa794930-28e7-4dd8-a33a-af783337e439.jpg,0.11949641877665135,0.7508181427180346,0.7508181427180346
6e339deb-a4a1-4451-8467-6bb0e725408a.jpg,0.1219020237445691,0.7659330045073336,0.7659330045073336
f02c7051-a7bc-4e84-8f08-2dc4b57c0684.jpg,0.11325390658531441,0.7115952818375368,0.7115952818375368
87aef087-4c6c-4d1a-997e-535b276e9ac6.jpg,0.11593825993117884,0.7284615713395507,0.7284615713395507
dec82df6-72d0-4511-9f0d-6401c10278a9.jpg,0.11931402847589236,0.7496721506601336,0.7496721506601336
b414c97e-ffc9-40b8-8fe3-43d18f9e042b.jpg,0.11786846295483931,0.7405893946176877,0.7405893946176877
86b52617-dbcc-4602-91dc-ff49eeb2b24f.jpg,0.1198750679538026,0.753197265664487,0.753197265664487
0d1b6555-7b80-4ddb-a113-397e67a49791.jpg,0.11636632776188259,0.7311512008439047,0.7311512008439047
7c7e42a4-254c-40ff-9a2f-c8de0ac6fed9.jpg,0.1143122403892821,0.7182449892447181,0.7182449892447181
43b662e5-578c-4133-9cc6-5d05a159ad26.jpg,0.1192882770441796,0.7495103496427572,0.7495103496427572
06e6a64e-ae8a-49b5-8613-6b5647d8602d.jpg,0.11450197408533108,0.71943712121601,0.71943712121601
87d3788a-681e-49e7-8093-d0af1b3fbd8b.jpg,0.12021273176098318,0.7553188699365303,0.7553188699365303
67d2676d-56a0-414f-b70d-c07ffd3b5b88.jpg,0.1276933712876858,0.802321114299015,0.802321114299015
b6c8c837-507c-4629-9e14-d85773381583.jpg,0.1562706067855629,0.9818771804990873,0.9818771804990873
616eafb3-f166-4326-8c17-1d20b622904e.jpg,0.16161139381726194,1.015434335105434,1.015434335105434
c5a06a6b-5c21-41dc-9b57-48d7c1ad7505.jpg,0.17328740217558367,1.0887968592689472,1.0887968592689472
740138af-fcc3-46df-8a4e-6d002b2fb3fb.jpg,0.17653437074612177,1.1091981644842261,1.1091981644842261
b3434cf0-ffdb-42a9-b888-b7deb072fdee.jpg,0.17114218191430938,1.0753180428426445,1.0753180428426445
88fc526c-4fea-4ce8-ab4c-64b55062978e.jpg,0.17510068912176802,1.1001900771669133,1.1001900771669133
28fddaeb-3149-4864-8285-2c7a02bb644d.jpg,0.18134747606294388,1.1394397970927908,1.1394397970927908
71b89285-9e34-4f92-b0b2-c8fa13492ea2.jpg,0.19230976310554238,1.2083178779719308,1.2083178779719308
a9897943-a2e5-4799-a4eb-b168f4881380.jpg,0.1989481161997682,1.2500278805974407,1.2500278805974407
e954b4d2-8401-498b-b9ac-d7196c11425b.jpg,0.19494440576375466,1.2248718260116787,1.2248718260116787
dc7e147a-6748-4997-b4c7-a4d7cc3f27cb.jpg,0.19741938047539614,1.2404225507555056,1.2404225507555056
7e2cfe49-c87c-44a5-9a7d-21aa347b0292.jpg,0.1912077314811485,1.2013936090614918,1.2013936090614918
35f868f4-b43d-48e9-89a2-78049d872df3.jpg,0.18723926300182656,1.1764589862202108,1.1764589862202108
53e5b646-4b76-4516-83bb-df0da6dab446.jpg,0.1956112284870076,1.2290615967489151,1.2290615967489151
630cb904-295f-425a-95e6-ac1b68784748.jpg,0.19904505772576442,1.2506369821692356,1.2506369821692356
60b650ce-a82a-4182-997b-3d3e90dbb34d.jpg,0.20115508761760026,1.2638946909833282,1.2638946909833282
c05fef69-f491-44b2-aec3-c090fa377a24.jpg,0.19856210362300136,1.2476024920467126,1.2476024920467126
e6476b5b-1acd-4836-a39c-7b8f37ba7048.jpg,0.2027115367135379,1.2736741490742967,1.2736741490742967
4df7048b-e36c-43e4-9740-ada2ea9be0c0.jpg,0.19667902682376925,1.2357707715694868,1.2357707715694868
2fd44639-a78b-48bf-96fb-13faeadad2f1.jpg,0.20808634099370854,1.3074450403564308,1.3074450403564308
c0d15c2b-75b8-4af7-8e69-f63ed1694b79.jpg,0.2011512684062342,1.2638706941705882,1.2638706941705882
71db4cdf-96a6-4deb-8056-611479c3bfbc.jpg,0.20629516019865418,1.296190719502443,1.296190719502443
0035c99f-6c3a-4826-8f12-ac6049d50a50.jpg,0.2039904141312154,1.2817095728747316,1.2817095728747316
818ecb93-2dbe-4010-9774-56d20dfca9f0.jpg,0.194569282500188,1.2225148570336555,1.2225148570336555
f175de35-e900-4025-9d86-2e4cb7982687.jpg,0.19718176913334604,1.2389295946623171,1.2389295946623171
03994236-408e-4488-b27e-8974ccfe43d1.jpg,0.20252891769683345,1.2725267199517276,1.2725267199517276
e3ca7c6c-3bb0-435e-b76d-6f92bfbe1d6e.jpg,0.20152219889626655,1.2662013191755441,1.2662013191755441
643241c7-49a4-4c6c-8d9a-daeeb02bff82.jpg,0.2061323018887654,1.2951674505625976,1.2951674505625976
fb8a6c3b-fba6-4373-9015-e6d59b17c71e.jpg,0.20955922079573341,1.316699417087755,1.316699417087755
4bb4180c-d243-4743-b9ae-246e1346f00b.jpg,0.19883478158628062,1.2493157782191806,1.2493157782191806
1f2ea003-889a-480b-879d-8001a9f5d142.jpg,0.1960738913968555,1.2319685935462483,1.2319685935462483
78ad675d-50ba-4433-9d9f-d559dcb129cc.jpg,0.20144322631736264,1.265705119828105,1.265705119828105
a63ab3a8-646f-46c4-9fc6-bebd39a631f1.jpg,0.19554300735625563,1.228632950742535,1.228632950742535
633aa8dc-bf6e-4144-8759-987d98202f2e.jpg,0.202324261586256,1.271240827684723,1.271240827684723
4b6ec8ef-77c3-4af4-ac6e-e59e670aa930.jpg,0.2030628431297715,1.2758814723870935,1.2758814723870935
55a4937e-0152-4c70-bea5-e322ae50122e.jpg,0.2010494620208349,1.26323102578567,1.26323102578567
74011a63-84d6-41f4-a6ec-81000a0a2233.jpg,0.20185762106527316,1.268308838819549,1.268308838819549
5d14fc9a-f35e-4240-88c6-1ba1b22ce9b8.jpg,0.19350714478195657,1.2158412489282624,1.2158412489282624
a7e43578-42bf-4a51-a7bc-1df2aa38a9f4.jpg,0.2056274140261251,1.2919951465622828,1.2919951465622828
b026c3a7-4454-4aae-b3ac-a569ea67fa85.jpg,0.1984198251822657,1.2467085302383538,1.2467085302383538
a10d1f38-90f0-481a-ac8f-6e5aade9ed80.jpg,0.19396982196427565,1.2187483354021769,1.2187483354021769
be01f25a-6778-4e3c-a1f5-4efe9f29eb64.jpg,0.1994817268619845,1.2533806552700324,1.2533806552700324
a4a67bc4-d1c3-4158-a115-9b9269586c9d.jpg,0.20084246613259987,1.2619304322620652,1.2619304322620652
bd4332e5-e417-4617-b669-6313bd98cf79.jpg,0.1903851489093,1.1962251703321114,1.1962251703321114
1233c286-4510-4c7b-81fe-94a58aa542a2.jpg,0.20360201837923972,1.2792692103925472,1.2792692103925472
afa7aade-643c-4e4e-9559-4e8af2f73456.jpg,0.20360004606646404,1.2792568179858936,1.2792568179858936
0e7a28bf-3ff6-451a-a4c2-e022ca5e03db.jpg,0.20305201907761283,1.275813462861606,1.275813462861606
eaacacd3-6ca2-4527-bf17-2c2c82bc9327.jpg,0.20255586330535735,1.272696024203298,1.272696024203298
429161ec-bbd3-44b0-98f3-3c75dd3557d9.jpg,0.19971269963204527,1.2548318999852368,1.2548318999852368
ca6d30ca-828e-4a04-a498-a6378be111a1.jpg,0.19494537280615784,1.2248779021182978,1.2248779021182978
3762d598-6f88-444c-b54f-ba8879403091.jpg,0.20718480736137188,1.3017805374838047,1.3017805374838047
f61bdd6c-27f5-4fed-96bd-c7b18da3c5f8.jpg,0.19873340342820267,1.2486788004658762,1.2486788004658762
10da0345-15a6-4b4f-84c1-28769d79c2d1.jpg,0.19484219900931685,1.2242296420339005,1.2242296420339005
7a16c629-aaae-43c6-934a-95d48b27c9f0.jpg,0.21008667150838098,1.3200134876557235,1.3200134876557235
4a4ff234-36a7-4fbf-bc00-e783f385b93d.jpg,0.20827620609313163,1.308637997959472,1.308637997959472
d903d765-6d88-47f8-8990-f9286f1a7a84.jpg,0.21297747905615114,1.3381769671657568,1.3381769671657568
8e48c10b-65d8-44c5-a35d-97bcf6be5e7b.jpg,0.19708850878770018,1.2383436226288125,1.2383436226288125
fc9b410f-9fc7-43d0-b760-df85ac9638c6.jpg,0.20953263121972596,1.3165323498544608,1.3165323498544608
3ccadd99-ed12-4bca-90bd-042803f965ad.jpg,0.20967293976298074,1.317413934431911,1.317413934431911
2e3b4af1-0fa3-4822-96aa-3b99c4e6e711.jpg,0.2114960339838558,1.3288687732541171,1.3288687732541171
f0f405e6-dfc0-4954-bb47-8c8b589b2d94.jpg,0.2076910021335056,1.3049610530386466,1.3049610530386466
1fbda9ac-b1b3-4d1f-99d7-58ddee026eb1.jpg,0.20632794292801643,1.296396699465901,1.296396699465901
516a735c-4894-441d-8065-840f99908b48.jpg,0.19877198707984395,1.248921228698966,1.248921228698966
6e1cb7b3-2916-4ad9-b80a-f7e65094032b.jpg,0.21388822482297987,1.3438993515864712,1.3438993515864712
2fcbbc8b-ef12-4366-9ddd-572186dab4a5.jpg,0.20769372789613583,1.3049781795103557,1.3049781795103557
c696c3b1-1c9d-4ee1-b725-a572a5b33bb4.jpg,0.20068781384758722,1.260958723297152,1.260958723297152
347bfd32-681c-4d7f-89a7-9843d0793285.jpg,0.20666405528655338,1.2985085556986218,1.2985085556986218
f1b68104-2b57-4366-a7b3-5687796aac5e.jpg,0.2084463669053593,1.3097071498747188,1.3097071498747188
d7423087-dbfb-4db6-85f9-3e8bb026c492.jpg,0.20283190748478505,1.2744304609356105,1.2744304609356105
0c446b91-7e13-41fb-84db-f79e3e2ac2c4.jpg,0.19906137845856076,1.2507395283577438,1.2507395283577438
b17290d1-f032-4000-9e89-1d4c85eddbc6.jpg,0.1946644452127264,1.223112781990868,1.223112781990868
a20a8573-37c0-4761-b86d-32036422792d.jpg,0.19557503379540464,1.2288341787944375,1.2288341787944375
4b3e7a1d-8c09-4b3e-af68-5bc20a09b18d.jpg,0.20118269698219945,1.2640681657373185,1.2640681657373185
e56ac8d0-d609-4dfa-b88f-a5a3682dd645.jpg,0.2047214127285094,1.2863025725208184,1.2863025725208184
5c6dae14-b02c-44e6-add8-2ca451b4aa5b.jpg,0.19572453550919777,1.2297735257659406,1.2297735257659406
fa8fa6c5-cfad-4eee-8197-1e4a71c66f0b.jpg,0.1987342820722415,1.2486843211491914,1.2486843211491914
e2ce7aef-ef73-4beb-9767-2effac1f7d45.jpg,0.1963866440825216,1.2339336766256066,1.2339336766256066
60bb796e-70ad-48f5-8e43-16e4541a84ce.jpg,0.20541108614282688,1.2906359183844103,1.2906359183844103
abe566d6-b652-4a24-bf05-71dc5a6cb693.jpg,0.2066463604111701,1.2983973755176013,1.2983973755176013
7a55c7b6-e596-4867-be22-16d85a87dab3.jpg,0.1929056422496348,1.212061897054947,1.212061897054947
9ce8ad52-3d6c-44a1-a04a-f2cb8d1f884c.jpg,0.2030169442041557,1.275593080932049,1.275593080932049
d103a80d-a65d-461a-86e7-8f98a0547a40.jpg,0.1949282674718063,1.2247704261328258,1.2247704261328258
bc3bca1b-0b1b-4aeb-988f-43c4b6ad4df7.jpg,0.19386662920569858,1.2180999561776782,1.2180999561776782
7d2b00f1-2d08-4b0a-a2cb-2ebc6b0c601c.jpg,0.20318014956750136,1.2766185304730753,1.2766185304730753
a6cc869e-726e-4c6a-b8bd-bcf4917dd508.jpg,0.1940806365770688,1.2194446041490998,1.2194446041490998
b1d36662-9921-492e-a9e5-82efb36ec583.jpg,0.19510117771264784,1.2258568532175422,1.2258568532175422
bfb6f093-4d9b-4512-8e12-60779222ebd7.jpg,0.20000631124428825,1.2566767161532992,1.2566767161532992
d411f4af-a319-4803-b145-877a1819b994.jpg,0.19872969230742663,1.248655482806343,1.248655482806343
966a1df4-bde9-4a56-82a1-56fc767771be.jpg,0.19771095586627593,1.2422545729674166,1.2422545729674166
807ac078-c728-4f67-99b2-73efa5eeef8a.jpg,0.2111160584866565,1.3264813167930263,1.3264813167930263
0af741c9-3596-4f83-bc28-a6e08b299708.jpg,0.1995334636258259,1.2537057269444418,1.2537057269444418
9f1f5d82-be71-46b9-a8a3-1c506d28a5e5.jpg,0.19261788243222866,1.210253848798224,1.210253848798224
9c8ef19f-961d-497c-a632-3a486886f382.jpg,0.19483849571924614,1.22420637357614,1.22420637357614
75f61b93-96fb-40ea-845f-02b6d6560166.jpg,0.1940800818931746,1.2194411189674055,1.2194411189674055
d84b28ce-0021-46ed-98be-c166a74aadec.jpg,0.20216527063734407,1.270241858090545,1.270241858090545
f3432b73-fd30-48c6-b669-4e95092a3c7e.jpg,0.19682340559137623,1.2366779301207835,1.2366779301207835
215221ea-9114-41a8-81f0-4907023a4ada.jpg,0.1929629523780516,1.212421987211768,1.212421987211768
e05c45d0-4b86-46a5-9b92-caf87d775cc6.jpg,0.1930749903395142,1.2131259424850762,1.2131259424850762
9de627bb-cbe3-4b4d-bb6b-7a9cc7519cbc.jpg,0.1911436922230941,1.2009912385362018,1.2009912385362018
ecfd6c54-6805-4840-b977-7be2d4642b2a.jpg,0.19691661507579428,1.2372635825837688,1.2372635825837688
670ba1cb-15a9-42c4-b042-8ff60c4d37c5.jpg,0.19094197971871596,1.1997238414924187,1.1997238414924187
1e57762f-301d-40c9-8052-95831235d92b.jpg,0.1928658469038511,1.2118118555230248,1.2118118555230248
8333a4f4-30a7-41c2-b3e9-b6aa5e6147cc.jpg,0.19418520757380614,1.2201016430993568,1.2201016430993568
e3f2c979-dcde-49ee-8465-82db8614d1c3.jpg,0.1767119550258735,1.1103139594215483,1.1103139594215483
961b09e9-7d3e-4874-b715-9b5c0e836688.jpg,0.1685681895591543,1.0591451718959417,1.0591451718959417
d37cef87-c9e8-468e-b8b4-1c9df9e8256a.jpg,0.17928317205017935,1.1264693924502367,1.1264693924502367
45dcc8d1-8f5f-461b-9c7e-677602348983.jpg,0.1412561749830991,0.8875387232021968,0.8875387232021968
f6189d1a-069b-4075-bb57-f13d3cb731dd.jpg,0.09752154286830571,0.6127459252836226,0.6127459252836226
46bdbc38-9253-4995-a1e4-5fe2f8b99779.jpg,0.06725952004198084,0.4226040280957249,0.4226040280957249
4edf926b-0ddb-4a5d-87b1-53b8642a9b14.jpg,0.05589508765882933,0.35119919352147144,0.35119919352147144
329008b2-143f-4ba9-b1e5-356f00318e03.jpg,0.047271115853010165,0.29701318058161746,0.29701318058161746
e115ac77-8c3b-4944-8e41-86410574e056.jpg,0.03443465872460545,0.21635934175618432,0.21635934175618432
4f755b9c-7bdd-4270-9181-1056a2c17fbc.jpg,0.031463351985119285,0.19769007090752116,0.19769007090752116
bf34f0ea-300d-46a3-9425-96f90eaaf664.jpg,0.02492952798341663,0.1566368439403257,0.1566368439403257
7a6b1431-ed48-41cb-8e04-25de96fdb9b3.jpg,0.014486438448161885,0.0910209772108522,0.0910209772108522
adc7c1d0-72c3-4e41-8651-25679bf4a362.jpg,0.004840328231554002,0.030412679226426657,0.030412679226426657
defc6e71-964c-48bb-848a-ff747aabb3fe.jpg,0.005708601168205965,0.035868198984619945,0.035868198984619945
9529ad91-b14c-4e7b-b668-ddb2918230e9.jpg,0.0017202315449734345,0.010808533568323923,0.010808533568323923
67268e1d-b641-4ef7-8265-ec32daf19341.jpg,0.010736319254576741,0.06745828339354587,0.06745828339354587
1e2dca37-620c-4499-8e3e-29c4773e9de1.jpg,0.020639370002354197,0.129680986348235,0.129680986348235
5e862801-384b-43ba-9bba-339cb0cfdf2f.jpg,0.0086631337481922,0.05443207468077285,0.05443207468077285
87af6149-eb7b-4ba5-b086-34f0b87d9828.jpg,0.017423996018521105,0.10947819577592742,0.10947819577592742
4a001add-f9e3-4c8f-af25-23bb92a4e397.jpg,0.014169353757120433,0.08902867533896898,0.08902867533896898
79611f13-c0ce-4414-9f1d-5e4568a39b86.jpg,0.010423302397893906,0.06549154047873675,0.06549154047873675
7b604452-92cc-4e3f-a7ba-0cd2aee0ab6c.jpg,0.01965568726067808,0.1235003253988095,0.1235003253988095
a8f2c368-9805-4ac2-9726-d84beaee0d2e.jpg,0.007250597590441331,0.045556848248532684,0.045556848248532684
b83decbf-4735-4761-a55f-eb0e522a9e3e.jpg,0.015831060279499393,0.09946948534522494,0.09946948534522494
1ac5bc9f-0804-475b-a46c-8418a98667c0.jpg,0.010333187869002723,0.06492533419484425,0.06492533419484425
56ca3538-fd96-45e8-8d53-0b9475ca671f.jpg,0.009894386393604994,0.06216826321185651,0.06216826321185651
8bbda5b6-9c6e-4360-9c5b-726556eb79eb.jpg,0.017352853287474303,0.10903119281350152,0.10903119281350152
0e7e923f-f30c-41d9-81d3-11eb9327b979.jpg,0.014103204904260534,0.08861304983859287,0.08861304983859287
6b8830c3-d92c-433f-881c-b695ca200404.jpg,0.011769819031795893,0.07395195400874262,0.07395195400874262
0e58dc70-da18-40de-995b-becc80255bd3.jpg,0.01683423210617633,0.10577259982717797,0.10577259982717797
baf7888b-6363-453c-a0f8-b95cf2b4520f.jpg,0.023850430757362442,0.1498566761045638,0.1498566761045638
ba9ac7a5-d60f-4d0d-aa55-6aee94bedb0e.jpg,0.016446638671884596,0.10333727845567688,0.10333727845567688
37eccccc-3ea2-4a10-a639-4256b57ada23.jpg,0.021673372323975183,0.13617781454303354,0.13617781454303354
f2e8f399-0853-4d6f-b0eb-fc6c3bf86611.jpg,0.01661017527235612,0.10436480922094567,0.10436480922094567
137633d1-ed96-45ea-9d2e-84455570cfd1.jpg,0.016985306608827685,0.10672182892252643,0.10672182892252643
aa5c3455-975f-4768-9675-6a2248d45c0b.jpg,0.02059270680207207,0.12938779281383636,0.12938779281383636
e25bb072-911a-4052-913b-3dfd4a49c63b.jpg,0.02080799757891364,0.13074050465965859,0.13074050465965859
6cdf0578-88a4-4342-97a2-14b0cc3b8de6.jpg,0.019122419669154546,0.12014970630295377,0.12014970630295377
508a1618-d711-44bb-a01d-45d790eb136e.jpg,0.01883019812524311,0.1183136241918081,0.1183136241918081
f4a47786-da88-4dae-b4e9-6a2cd76e8deb.jpg,0.011852918932061527,0.07447408608111974,0.07447408608111974
e09b4104-8177-49ba-92bf-440995444dae.jpg,0.0026692159404084754,0.016771178378464074,0.016771178378464074
2a71df6d-0398-447c-a6d9-f1681b18d782.jpg,0.0,0.0,0.0
a919fd54-8380-4e8a-ab95-a013ba630674.jpg,0.00041504349075386726,0.0026077951629452254,0.0026077951629452254
0bdf1cb5-88e2-4737-b9be-8c29ed5de9da.jpg,0.0051356596328568545,0.032268301147841495,0.032268301147841495
b5649d0e-8989-41ce-bda1-916dbc3c69e5.jpg,0.0024035000582115864,0.01510163625156032,0.01510163625156032
d65d80c2-4e62-4293-a0d7-d62019964098.jpg,0.0,0.0,0.0
e6703b26-ca79-491a-a645-a5ead411af9e.jpg,0.0,0.0,0.0
e9db0ce3-ff6b-450f-803d-a0cf2b965a73.jpg,0.007356355021376584,0.04622134178471012,0.04622134178471012
6621184b-63f4-44c4-b82e-4435d5c9f5bc.jpg,0.004109161336841212,0.02581862213647113,0.02581862213647113
cfcc556f-e593-4a1e-acef-f13099bf8986.jpg,0.0021050417180292396,0.013226367193721392,0.013226367193721392
85269208-74e3-4602-88cf-4a5d34abb6dd.jpg,0.0021262729226066237,0.013359766786375736,0.013359766786375736
81949d7d-339c-4afa-95e3-fe4277969e64.jpg,0.011767043800162875,0.07393451671412202,0.07393451671412202
0c3a895b-e7a1-49f4-b468-1dac1435eb68.jpg,0.00793453387764135,0.0498541466793148,0.0498541466793148
2286d5c2-6b69-4575-9a09-caec770acd21.jpg,0.008549918684161068,0.05372072345390105,0.05372072345390105
0edf2a7c-518e-4173-9681-2baed4ab2e02.jpg,0.0035924519996338718,0.022572041620847468,0.022572041620847468
3b75779d-d9b6-4dbc-ab86-0a252ea1a8a7.jpg,0.009008910358393647,0.05660465319755694,0.05660465319755694
ae25ee31-bb39-456b-9c73-21cec671d83c.jpg,0.012709085758534723,0.0798535409057107,0.0798535409057107
2d6a50e2-8328-4f3c-b591-2af48055e6e3.jpg,0.0023590167153147985,0.01482213916505699,0.01482213916505699
d234beb1-f60c-4ea5-9910-b020e5a58c33.jpg,0.007735907306185192,0.04860613912392601,0.04860613912392601
93fe44d5-ecee-4922-b52b-11afbe055302.jpg,0.011901352260511217,0.07477840165881264,0.07477840165881264
ce83a2ef-fbf3-4115-b1f9-94e5b259bbea.jpg,0.004870191733705361,0.030600317144364998,0.030600317144364998
93a24d89-113d-46a9-80b7-ac5c885c9f20.jpg,0.004964112422417565,0.031190438235721707,0.031190438235721707
d3d017d4-275d-48ad-aece-edf271b8d137.jpg,0.008388820769690828,0.05270851540468436,0.05270851540468436
dfe436f5-1d46-42a7-87b3-e1c973aa046d.jpg,0.00925291243402108,0.05813776345406055,0.05813776345406055
bbc728f5-def9-4d9e-aee4-4e3283c5e013.jpg,0.013329849987841664,0.08375391759051473,0.08375391759051473
b03dbbf1-3211-472f-8114-dbe46605beaa.jpg,0.007011476707918609,0.0440544074328261,0.0440544074328261
6a3bd904-b4f6-412d-945d-baf5b5477c92.jpg,0.01685870032509177,0.10592633818076032,0.10592633818076032
8a90558e-e24b-4ed6-9ff7-3bff04897773.jpg,0.011882394701078026,0.07465928779992202,0.07465928779992202
30f47df9-8862-4a1e-9073-f8f7aab963a2.jpg,0.005650342578655635,0.0355021494707403,0.0355021494707403
77f6f3d9-f218-43e0-9239-061d1ebbc887.jpg,0.013764666982596556,0.08648595334327065,0.08648595334327065
648d2107-ccf2-473d-951a-89a75aec9e7d.jpg,0.008450308388023482,0.05309485350476555,0.05309485350476555
b4226ce4-ace2-45aa-b434-24ca4113b938.jpg,0.009839218274583412,0.06182163169699537,0.06182163169699537
8a523987-ea31-4891-a6c1-f7a66e4e2f07.jpg,0.007191212094744084,0.04518371817450816,0.04518371817450816
78bed59f-7c14-452a-acd1-0bddf77b8860.jpg,0.011470008916060571,0.07206819149461063,0.07206819149461063
1ffe5525-77df-493c-a3fc-9f0556c73a9f.jpg,0.015782850407749145,0.09916657378738276,0.09916657378738276
fc7a0639-702e-433a-a6d6-92309899c030.jpg,0.015837923593479682,0.09951260881878446,0.09951260881878446
abc3d7a6-4500-4ac4-8e6a-a195f7dbb2cd.jpg,0.01719541250897257,0.10804196322726851,0.10804196322726851
7a44517e-7df5-482e-a496-6ced132cb652.jpg,0.019706637078156227,0.12382045254339166,0.12382045254339166
c58abddf-197d-4be3-b12a-678f117031aa.jpg,0.019353662028101883,0.12160264489508922,0.12160264489508922
7b723f1f-c3c5-4c09-9ad2-216598178070.jpg,0.01799969978857322,0.11309544924520677,0.11309544924520677
b9869650-0e33-4582-ad5e-8c241a161e1c.jpg,0.01966252552603335,0.12354329148721631,0.12354329148721631
e81b05a1-3607-4b54-aca6-a370166399f7.jpg,0.015513110411453828,0.09747174740590135,0.09747174740590135
23787325-0eb9-44bd-9f6f-03d8958664ee.jpg,0.02243686969206552,0.14097500998828905,0.14097500998828905
cd21bb76-1226-4a73-9a4a-6e078b9ba842.jpg,0.021770956334068815,0.13679095296146954,0.13679095296146954
3395951f-f5b7-45aa-8a08-7b3b063fd333.jpg,0.015551563305812309,0.09771335406675309,0.09771335406675309
0f83abed-c05d-43f2-b1ea-be763124acc6.jpg,0.01647669509594903,0.10352612853774489,0.10352612853774489
994ceb60-b92c-4030-bf06-e9bd149997c8.jpg,0.02450407297676186,0.15396363129364646,0.15396363129364646
d327b495-821e-42a1-83e5-aee76bb3dbc5.jpg,0.04070256525323093,0.255741759963619,0.255741759963619
f3c72214-3e50-462c-9eeb-472ee12accdb.jpg,0.10272824527481997,0.6454606013430896,0.6454606013430896
3553d228-656a-45e7-a643-4e470b2d90d1.jpg,0.18470845414814194,1.1605574452154597,1.1605574452154597
216b9fb9-2e07-4f9e-b8b1-94b2b91cba5e.jpg,0.23343589631106199,1.4667209938699621,1.4667209938699621
42aedc4f-6f40-45f0-9576-feab1b62dc2d.jpg,0.2870814971218146,1.803786244678904,1.803786244678904
0cedce9a-a1da-46d6-bbe9-96911e1d6d1e.jpg,0.33051258566879677,2.076671822112118,2.076671822112118
bc7f313a-46b4-44f6-a6ac-38fea824fe94.jpg,0.4077517175056742,2.5619796004088933,2.5619796004088933
0f983bda-3eb9-4bf3-b4fb-70c18dc043b2.jpg,0.42652582985127024,2.6799408272540814,2.6799408272540814
7338c452-651f-4e0d-8b72-320775384e6b.jpg,0.4278004143161219,2.6879492776363967,2.6879492776363967
7887f4be-6069-4dcc-95e5-0878bacf4195.jpg,0.43964611972888284,2.762378039839034,2.762378039839034
43a3ed0b-dea8-4a37-afe0-5e3a5462d3fa.jpg,0.4463734989956763,2.804647410403975,2.804647410403975
7a2b4778-958e-4445-afb3-2832ac6ee37b.jpg,0.4443412826133278,2.791878618289393,2.791878618289393
33379a67-c407-4333-89c3-6e91c2e492d8.jpg,0.44109294208817645,2.7714686928290466,2.7714686928290466
0dab29bc-4110-4354-96fe-b2732bc7efc7.jpg,0.4383120746027355,2.7539959871033104,2.7539959871033104
5280c6d4-edee-4b6f-9e28-b04621b9c331.jpg,0.4251127674621159,2.671062294412419,2.671062294412419
a77c93ea-0e7b-4b19-8363-42c79d29f737.jpg,0.43656441104710764,2.743015093128696,2.743015093128696
e11a7c29-e2f0-44da-90b7-882d16615742.jpg,0.42378434006424837,2.6627155389044828,2.6627155389044828
f95c1d9d-1f8e-4e37-8471-d2db2182ad26.jpg,0.41973833645046343,2.6372937484455536,2.6372937484455536
276cd625-791e-41be-9969-a542c836d45f.jpg,0.41858107017235574,2.630022429970453,2.630022429970453
07779b93-b166-4f7a-91cc-004e4780cea4.jpg,0.4159586670325367,2.6135453850928405,2.6135453850928405
d952ec3a-96ee-49ba-9491-10f05c556e43.jpg,0.42695199363192543,2.682618493259146,2.682618493259146
e3484347-2044-4e98-bf93-0599c542fd57.jpg,0.4233754263956081,2.6601462585497773,2.6601462585497773
b7974a2e-2e4c-40c0-90bb-82d3d62eaa04.jpg,0.41119721760504446,2.5836283160091424,2.5836283160091424
2bc5d834-6a9d-4719-af1d-0f290b15d6e5.jpg,0.4204496986449825,2.641763368934239,2.641763368934239
477eb192-d86b-4386-93db-c0560750b476.jpg,0.4220350886270868,2.6517246679759463,2.6517246679759463
f7b51d82-1de4-49a8-8564-b2fcb9c6decb.jpg,0.41395747959714824,2.6009715536018954,2.6009715536018954
d8360cf6-9ff6-4041-b11e-1cc96918ad04.jpg,0.4163244260074355,2.615843516509894,2.615843516509894
d828f965-2560-42c8-abcc-c82912a02f83.jpg,0.41343433602006074,2.5976845455647934,2.5976845455647934
99743605-41eb-432d-a835-c9a50a077d42.jpg,0.4151861316731399,2.6086914022734016,2.6086914022734016
4c5f2910-99d4-41b1-a557-2bc3efbc0e71.jpg,0.4051552589492679,2.5456655701565807,2.5456655701565807
dcd4fb74-ebb5-466a-8c40-656314cfcdf1.jpg,0.39770749123613125,2.498869865490114,2.498869865490114
346b97cb-99c1-46ea-aace-06caf37c9059.jpg,0.3848489902131059,2.4180775207898875,2.4180775207898875
a144903c-f6a0-4037-819d-eb0fdb21eadf.jpg,0.34679044274317294,2.1789486145142076,2.1789486145142076
ab3785cc-94c0-4a2b-ac13-92ab1080b24b.jpg,0.304426318119819,1.9127669691292255,1.9127669691292255
4ebe2ba1-ecb4-4462-b454-8f1398a2c693.jpg,0.26844722026344375,1.6867036301124718,1.6867036301124718
9fb9bd65-c23e-479b-9298-1eaa802c94bf.jpg,0.2426552322189055,1.5246477897880777,1.5246477897880777
7e943ebc-21ee-44f3-a6c3-2c98219e67dd.jpg,0.24373906504826473,1.5314577122969464,1.5314577122969464
4c67d0f0-9035-4b75-8704-6b637fb974b8.jpg,0.22642163002471974,1.4226490589989713,1.4226490589989713
b31d2804-f0c5-4337-a2ff-3cd3a3b37d4d.jpg,0.24172334620583988,1.5187925772828175,1.5187925772828175
735f6a53-3be4-46d9-be9c-7bc325bb30ba.jpg,0.24448450026459193,1.5361414198956276,1.5361414198956276
cdb499dd-d155-4a7a-a483-137060df6758.jpg,0.24753610216697305,1.55531520013203,1.55531520013203
f3c990c7-7b4c-409a-8289-80f226c5bdf4.jpg,0.24706719013627065,1.552368938950361,1.552368938950361
c164024a-4362-48aa-aea9-5c80e7985fcf.jpg,0.24803905751801356,1.5584753618038552,1.5584753618038552
dd3731e3-3187-4a6a-9ccf-ccc6342728b0.jpg,0.25096200627531406,1.5768407904893644,1.5768407904893644
5c780ba4-a0da-4e76-8c56-dc1d70b21fa9.jpg,0.24696554189861605,1.551730264237029,1.551730264237029
db35261f-7b51-4976-b99e-bd6d36d34d24.jpg,0.2464868847188517,1.5487227724779573,1.5487227724779573
a87cf40b-3543-489f-9ac4-eeb9d39a9f61.jpg,0.2508430421660316,1.576093316945839,1.576093316945839
0bbd3a43-5af1-4560-9d58-39ef85cd5dfa.jpg,0.24659291595103805,1.549388986358133,1.549388986358133
afb54e16-cf25-4b3a-85dd-0b8a465fbcf7.jpg,0.24897283850057125,1.5643424807535853,1.5643424807535853
ee33594b-1065-40fe-9030-ce1fb68bff9b.jpg,0.2471255625813036,1.5527357038393361,1.5527357038393361
efc12398-6e23-413f-9152-38dbb2291bc8.jpg,0.24226782516062487,1.522213639451591,1.522213639451591
88dd2427-6e17-4fee-b198-1b8cf6c0c01a.jpg,0.2522207625182206,1.5847497892201154,1.5847497892201154
d9bb810a-fbcc-44e2-9743-fb7a18407584.jpg,0.2535648037056901,1.5931946490614681,1.5931946490614681
bc35b040-7279-452d-96b4-0ef8a98baec6.jpg,0.25150226475678045,1.5802353346421931,1.5802353346421931
b1449c6b-ba9b-4453-8dc3-80ea3832a508.jpg,0.2580875093233092,1.621611646546791,1.621611646546791
bde5ebe2-5834-4d13-affb-c4324c0c4703.jpg,0.25489848283829974,1.601574402191973,1.601574402191973
3cbf0716-e545-4933-a82b-3b181ec773f5.jpg,0.2550382042995027,1.602452298024101,1.602452298024101
51e7cb49-224b-4f55-af12-9b43f253d32a.jpg,0.2526738649377485,1.5875967156851407,1.5875967156851407
e89cfab0-c214-4ee4-ac23-4e4ccf0e404e.jpg,0.2521229810080002,1.5841354098717846,1.5841354098717846
2a6f5f4a-96d2-49e7-a70e-d7988dc159b1.jpg,0.2582759330187225,1.622795547541336,1.622795547541336
fdb07176-0789-47bb-aa9f-04759e43dbaf.jpg,0.2526680760643015,1.5875603431205532,1.5875603431205532
5a3f503a-18b5-4d5e-9913-b94a1c3cb1ab.jpg,0.2594077007292272,1.6299066537911195,1.6299066537911195
8376384e-19b4-4179-b5e0-f6c7320e734c.jpg,0.26596854159062205,1.6711296326941791,1.6711296326941791
4b725d09-2042-49d4-8981-f45df66ac5fa.jpg,0.2686094094785159,1.6877226950055964,1.6877226950055964
1b573b46-210e-4423-8598-9bbde916c12e.jpg,0.26604722503969036,1.6716240153852835,1.6716240153852835
1caeecd1-24c2-4185-8f79-0f944086602d.jpg,0.2610235688907369,1.6400594528818566,1.6400594528818566
cbdac337-b2a8-4518-9b9e-6e0c954bbff2.jpg,0.26341003064123286,1.655054034288719,1.655054034288719
53026240-e675-4fd0-92bc-163324ac2bab.jpg,0.26713756964110674,1.6784748525646653,1.6784748525646653
53dcd633-1467-4253-8224-8e108035c68a.jpg,0.26192378871616456,1.6457157008622154,1.6457157008622154
34f2d1ca-f8a7-4994-acf5-b26c7a9897bf.jpg,0.2653115207174261,1.667001448797204,1.667001448797204
784ff38d-d078-4f66-ba2c-0afa1d02b7ff.jpg,0.27711220011648624,1.7411473042121155,1.7411473042121155
345eb485-edd7-4152-8038-2b272dcfd2d0.jpg,0.2785259776039008,1.75003033014866,1.75003033014866
8ca8e128-2caf-4aa8-bd3e-fe13010c856a.jpg,0.27206936988978836,1.7094622674251263,1.7094622674251263
c02df2bd-c4bb-4359-b57b-1ca9e8a78d04.jpg,0.2702119120513468,1.697791515625925,1.697791515625925
f64f6fbc-3782-4050-bbe0-ba160d5a2f18.jpg,0.28185756787136657,1.7709633291667435,1.7709633291667435
fc6d2fad-7cb2-43a5-b19f-dca6d4ef7366.jpg,0.2819442538762882,1.771507993399205,1.771507993399205
4dae8193-bde2-4515-8877-1a5b80736b22.jpg,0.27769676102478286,1.7448202087222764,1.7448202087222764
7d0d8b37-66ec-4d7a-82bb-f9a8c6c98d54.jpg,0.2779630640241513,1.746493439815166,1.746493439815166
f980cb6e-6d55-4dc6-9679-3c5de9e53ca0.jpg,0.27927963939086714,1.7547657268151096,1.7547657268151096
774f1022-12fb-4f09-a90b-2a3aa7c6aa37.jpg,0.27724333193978484,1.7419712297575691,1.7419712297575691
f753b940-8d6d-49e3-b320-9fd6a69ae3e8.jpg,0.269104228792093,1.6908317364463725,1.6908317364463725
2edfdb58-2eec-4dce-9e76-07b433c6743b.jpg,0.2699693320501865,1.6962673405268187,1.6962673405268187
14383249-81cf-4e92-a828-9b8ac5bb9afc.jpg,0.2722030426554211,1.71030215818212,1.71030215818212
0464d482-326a-438d-bcf6-850a929df820.jpg,0.2736361206605555,1.7193064528480226,1.7193064528480226
20daa5d5-6877-434d-b679-077060c3abc3.jpg,0.2740891529195003,1.7221529384811032,1.7221529384811032
9a4e58b9-6013-414c-8676-0443b4d4b15e.jpg,0.2653494756664337,1.6672399267751432,1.6672399267751432
5de59644-a32b-4b34-998b-a6f8241d63c9.jpg,0.27192030681805807,1.7085256765229875,1.7085256765229875
8ba19ae8-7607-44d0-84e6-af2515c12df5.jpg,0.2804497556755891,1.7621177842629663,1.7621177842629663
62469a04-79ee-4aaf-9ad1-cbbd67bc9f5e.jpg,0.27037830587315714,1.698836998842329,1.698836998842329
ce3ce4a9-de44-407e-a178-2e23af92a9d1.jpg,0.27047254715620134,1.699429134287282,1.699429134287282
1990402d-4c9c-4c6e-ab37-9a9c40b9eefc.jpg,0.2693005245073428,1.6920650988002925,1.6920650988002925
c624bbf0-bf3c-4350-9b4a-84e6b2a7c89e.jpg,0.2683324100145142,1.685982256043284,1.685982256043284
41d32b2f-e256-47c6-8190-96b0a41f49a2.jpg,0.27047270344005386,1.699430116247688,1.699430116247688
9dc0e474-3d1b-4cfb-8d97-f2b2cbfee683.jpg,0.26482558809157747,1.6639482440621927,1.6639482440621927
cba2b841-f2fa-4437-b377-38c67cd854f8.jpg,0.26917519944548435,1.691277658213002,1.691277658213002
59da8b26-84c8-43f0-b0bf-6ca1512c8e87.jpg,0.2732384552433486,1.716807847341455,1.716807847341455
b510aa66-33e9-4924-94cd-fe796aaae656.jpg,0.2743763612066748,1.7239575213711782,1.7239575213711782
e80623d2-fdee-40f3-98a8-a6d79361ebb7.jpg,0.27715641820714415,1.741425134669649,1.741425134669649
17c12b83-0204-4aed-abb5-808a493e8a84.jpg,0.274108641432158,1.7222753884174928,1.7222753884174928
4c1b671b-817f-4d87-b763-4245a5ec5d02.jpg,0.28254491958068056,1.7752820873275699,1.7752820873275699
bd0ed4bc-5f16-4018-a67e-424799ea44bf.jpg,0.27005978102452344,1.6968356481934221,1.6968356481934221
08b1c684-b158-440d-90bc-0941028aac8d.jpg,0.2739890003139516,1.721523661101444,1.721523661101444
3275eb65-4399-4c50-a148-2674f8d90c95.jpg,0.2798396580975437,1.7582844281246455,1.7582844281246455
0616411c-9ff1-4e68-840f-dba84dc0f630.jpg,0.2741869814965738,1.7227676135591934,1.7227676135591934
569cdd1a-5ad0-4f63-9b02-deb2c16c48a4.jpg,0.2760737670585666,1.7346226368801054,1.7346226368801054
91dea7d2-2790-40dc-9edf-a2e593c19af5.jpg,0.2731313873789196,1.7161351201088035,1.7161351201088035
980b9c78-85ce-42fb-89d0-08d4cbd695ef.jpg,0.2774320224300371,1.7431568070735266,1.7431568070735266
30c0f84b-b3dc-44b5-bdee-45d9e0e372ca.jpg,0.2775030118823122,1.7436028469570262,1.7436028469570262
8fb7f86f-4ff9-49bf-b981-842bacfebecf.jpg,0.27111752772348136,1.7034816667110322,1.7034816667110322
fdaf359a-ce4f-4aa1-ad91-5e63536a8871.jpg,0.2788500506374145,1.7520665410712866,1.7520665410712866
9d311406-4e97-499b-bbcb-549b60cacba7.jpg,0.27598949667958317,1.7340931504730461,1.7340931504730461
b64e3b50-e885-4219-ad6d-51b8f8bf1468.jpg,0.27616674288989373,1.7352068212574228,1.7352068212574228
9986f2a7-e180-44cf-a3cf-815e53ae683d.jpg,0.2785450301483192,1.7501500408158142,1.7501500408158142
11323d75-e396-4cf0-b1cc-cd511d363947.jpg,0.27885730994340047,1.7521121526359977,1.7521121526359977
7a251920-8d2e-4f85-b281-9c1102df702d.jpg,0.28168769560680795,1.7698959902499714,1.7698959902499714
663cad2a-139b-4fba-8a4d-9be5ae79a257.jpg,0.2786348717606318,1.7507145323142699,1.7507145323142699
cedb0018-9674-455e-8f3a-9a8fe7be1c25.jpg,0.2758017061279185,1.7329132276379995,1.7329132276379995
c4e7371a-2473-4738-9f9a-b75498eb0a20.jpg,0.28092112493093974,1.7650794846424416,1.7650794846424416
a8cd2d7a-c0a2-4d89-8081-4ec69a656b00.jpg,0.27809505225341996,1.7473227463180276,1.7473227463180276
e7e13889-b21e-44e2-97d7-d81dd5b8e8c4.jpg,0.2747212025824439,1.7261242236367182,1.7261242236367182
bb4d0900-e766-4d8d-abe0-b6eb45306a1b.jpg,0.2756281377293782,1.7318226652265005,1.7318226652265005
0d8d6269-78cf-4013-9d3d-1026b1886723.jpg,0.2812101810196717,1.766895677612113,1.766895677612113
4c12d008-139f-4c09-afcc-0f99dd61f86b.jpg,0.28142378469209617,1.76823778906825,1.76823778906825
e8b1d574-b7d2-4da0-8688-6232abcd8a51.jpg,0.27648990651557254,1.7372373182021028,1.7372373182021028
c5828d60-015e-4844-a18b-66072486c287.jpg,0.2682230355924251,1.6852950362814327,1.6852950362814327
8d4aa3b0-ce9a-4dc9-a85b-56ae22bd90a9.jpg,0.2799149926807668,1.7587577692710754,1.7587577692710754
1f5187df-92f2-42dc-b8a1-035667400b0a.jpg,0.2813557701120522,1.7678104408582438,1.7678104408582438
f5f6d45e-2c91-4caf-87c6-50ef153c1523.jpg,0.26970890207028303,1.6946310107035403,1.6946310107035403
5557b3c3-c6a5-40ef-a047-b6736e448460.jpg,0.2638432706984021,1.657776161850406,1.657776161850406
2af10288-51ab-4957-a98b-6bff78754371.jpg,0.25825235021476983,1.6226473724140387,1.6226473724140387
d825c5bb-9593-4c1a-b60c-5c9eef2ee561.jpg,0.2452477923725889,1.5409373256536802,1.5409373256536802
f833210d-8ed2-470e-8be4-b2f79b61e9f1.jpg,0.24864698324466672,1.5622950717974187,1.5622950717974187
a0d76e27-f189-4b5a-af9c-c5aedfb58bd7.jpg,0.2546269702258526,1.5998684381347312,1.5998684381347312
9c10aab2-107d-4946-8d77-a12a2ae7fb21.jpg,0.2517799054686137,1.5819798026834586,1.5819798026834586
b4230373-e903-411b-af36-7a442bd0b4f1.jpg,0.25267172434317103,1.587583265932743,1.587583265932743
58766826-2bf9-4c45-bd0b-2cdb570e0fdc.jpg,0.252882476243329,1.5889074591752754,1.5889074591752754
db7269f2-7063-4755-9af6-7bb709db6b78.jpg,0.252406447446384,1.5859164820325165,1.5859164820325165
cfab0d1b-b22e-4f94-97cd-06e171b43449.jpg,0.2555132692304466,1.6054372190181638,1.6054372190181638
c42996c9-64d2-49df-80c2-0c7b2b92f47d.jpg,0.2592842577902931,1.629131038930934,1.629131038930934
3431c9ff-54be-4ec0-adcd-e596c41bdd7f.jpg,0.2643355612994102,1.6608693149215232,1.6608693149215232
929d597d-caf6-446f-b88d-ded245932138.jpg,0.2609647903990913,1.6396901367267709,1.6396901367267709
48ca1e50-e619-4ee4-aac4-6da8ea75d05f.jpg,0.25471069837338817,1.6003945176011238,1.6003945176011238
25834ea8-7a61-40f5-843b-13766b071991.jpg,0.24112712341604647,1.515046399010182,1.515046399010182
8039690e-2c6f-4260-a2c6-5627497c5850.jpg,0.23232926354308733,1.4597678151217803,1.4597678151217803
d4309650-f331-433b-9bad-5d5624d6ffaf.jpg,0.22544861779424252,1.416535442848731,1.416535442848731
640d3336-52c5-416d-9dc3-894ae6f46ce3.jpg,0.22198816773183006,1.3947927938603522,1.3947927938603522
9158bdd5-4529-49db-91b2-c73a74684fb0.jpg,0.21046214429379204,1.322372652744264,1.322372652744264
459d77a5-d629-47b9-b37d-1f002af2fce2.jpg,0.2165703666729429,1.3607517458499305,1.3607517458499305
6a5b8d62-b3e2-49a3-bc52-a06d3d5e849f.jpg,0.2198757935347939,1.3815203553422692,1.3815203553422692
0c0064e6-2087-49a4-9fe4-b8b08888ee4e.jpg,0.21067134230204765,1.323687082596027,1.323687082596027
719624c5-2a42-4dac-b4bc-0d9d2bdd7a5e.jpg,0.22229884163505922,1.3967448155644457,1.3967448155644457
fa5631d1-23ed-4806-85de-81f9fa1a20f6.jpg,0.2155672677941191,1.3544490897128565,1.3544490897128565
37596bfb-8e49-4a82-aa8b-9a77b75e5ce5.jpg,0.22588282201438212,1.4192636284250273,1.4192636284250273
18d44104-b003-45a8-997a-1f5f5ca83202.jpg,0.22996186367666202,1.4448930030648377,1.4448930030648377
26248abf-0ec6-4f98-acf5-ae0e24a3abae.jpg,0.23482280956570953,1.4754352268538962,1.4754352268538962
33fe7060-3eed-4491-b155-59690e02a16d.jpg,0.22723839121987255,1.42778092093983,1.42778092093983
01bb55b6-2646-461a-b6c4-999a6de54ad4.jpg,0.23416729359787833,1.4713164985561975,1.4713164985561975
e5724f9e-6ab5-4fb9-b225-95ec208ad911.jpg,0.24079191800063307,1.5129402412691695,1.5129402412691695
2f34a7a9-9865-438c-9101-8fb52a5bb933.jpg,0.23154960916518896,1.454869102189891,1.454869102189891
6c62d84a-471f-4dcd-88fc-2796a9391e69.jpg,0.22933965601905115,1.4409835570525225,1.4409835570525225
e05a6bcb-546d-46e4-a21b-00db34b4de57.jpg,0.23266181249485926,1.4618572818094715,1.4618572818094715
2ef848dc-1c88-4488-b514-78c13c65384d.jpg,0.22782268893531,1.4314521717604851,1.4314521717604851
f3424245-88e7-49ff-8ff5-a80ce5b50b13.jpg,0.2237148142773737,1.4056416340660043,1.4056416340660043
d5adcf1c-09e7-4edd-b174-904308c4c7ec.jpg,0.23203971811393864,1.4579485475355922,1.4579485475355922
d55cface-38de-431d-928e-5f65f0b9f63a.jpg,0.2384554960970449,1.4982600694931716,1.4982600694931716
c15d8909-06ff-4ab0-be13-32d4fd0b789f.jpg,0.230895599504808,1.4507598383010318,1.4507598383010318
e29bd79b-1666-4b27-aca5-90a9b8bb66e5.jpg,0.227483707390948,1.4293222879015448,1.4293222879015448
2a9d0fd6-f7d3-4ca3-8009-1b9aaf74128b.jpg,0.22981692248281815,1.443982310685273,1.443982310685273
ec7c818f-77a7-469b-b585-58e0dc2a25b0.jpg,0.23051040094052452,1.448339564341579,1.448339564341579
e371f052-3e5e-42f8-9e12-de8c22f13f3f.jpg,0.23323952534696876,1.465487158713615,1.465487158713615
1e93c6fa-86fb-47bf-80ac-fc5fab93a4c6.jpg,0.2330769935824796,1.4644659415190266,1.4644659415190266
8a235c90-940d-4e02-9cb1-dd3ad0b13926.jpg,0.2352421034553951,1.4780697280609587,1.4780697280609587
1399ee3c-074c-4442-9aa0-46c25b441b15.jpg,0.2299683736999556,1.4449339067475453,1.4449339067475453
5f175da7-e569-43dc-bdf2-42611c49e044.jpg,0.23388266414485268,1.4695281189589562,1.4695281189589562
4c68de22-6f0c-44a9-95de-cc1107ad246e.jpg,0.23133519699392865,1.4535219107857478,1.4535219107857478
fecafd99-bc8e-4359-b50d-3d98830f27f7.jpg,0.22899389063399497,1.4388110490654062,1.4388110490654062
64e1a594-842b-4c7e-9fa2-409edb66f25b.jpg,0.2309984371567386,1.4514059863246669,1.4514059863246669
d7958c62-5a34-4c1d-b7f4-636f9d61c7db.jpg,0.23495795083226648,1.4762843444743203,1.4762843444743203
cf108df9-fedf-4c01-a240-160c75c7e86a.jpg,0.23878685793915275,1.5003420773508638,1.5003420773508638
773af898-6192-49d7-be00-3b28c6aea991.jpg,0.23741853904800267,1.4917446761984532,1.4917446761984532
640a59cf-1b2a-4558-b109-dc0a66cca4da.jpg,0.23010380088465654,1.445784820844651,1.445784820844651
693cf7fa-5ec8-41cf-8648-29fb40ba78c0.jpg,0.22909747593571503,1.4394618947112134,1.4394618947112134
622e3d95-76fb-4a2a-8efe-5d872929d045.jpg,0.23176576823278502,1.456227269667424,1.456227269667424
21149393-58a7-479b-b988-e1e8bb2aa20d.jpg,0.23802413480044948,1.4955497465323173,1.4955497465323173
a88d1358-7c6d-4d6e-b31a-8d7054421e34.jpg,0.2329379247945225,1.463592146553847,1.463592146553847
f02316d7-003e-4065-8633-b25dc5f53927.jpg,0.22904026141600528,1.439102405281616,1.439102405281616
31c8e096-1376-4410-8a5d-312fd094a826.jpg,0.23340020434881756,1.4664967346572035,1.4664967346572035
d24d4607-4b3a-4bab-bf31-ab8900f85315.jpg,0.23488898607774178,1.4758510261419775,1.4758510261419775
25fdd8af-dea4-4f5f-8fcd-321e83849a8c.jpg,0.2303754504506248,1.4474916454062445,1.4474916454062445
578ea7dd-8da7-498f-b652-7bee76cee968.jpg,0.24045018883268873,1.5107930935821068,1.5107930935821068
3c64630f-435a-41c6-8be7-82b790b1b5fd.jpg,0.2383557615051257,1.4976334185706073,1.4976334185706073
269e395d-eef4-4767-9119-03f57ba47e6d.jpg,0.22990596798353743,1.4445418000670627,1.4445418000670627
5ec7fbbc-56e4-4c58-a3fa-a0e0b39b35ee.jpg,0.24033179148993275,1.5100491811376933,1.5100491811376933
59b8d0d7-04bb-4c5f-ba79-5cd24282cc01.jpg,0.23374445201894037,1.4686597065601499,1.4686597065601499
e238f77b-62bb-4a9f-a583-928405cfb421.jpg,0.21380119636881595,1.3433525356819618,1.3433525356819618
5b4e3e6e-4b76-49db-ab4e-7da5ced74d5b.jpg,0.17641833890157607,1.1084691149034116,1.1084691149034116
62b9e707-54ae-40cf-bb28-901d4a93bea5.jpg,0.1466536510653373,0.9214520656179691,0.9214520656179691
3af2cfba-c055-42bb-9ecb-29965112f53a.jpg,0.13351295452428355,0.8388866341851147,0.8388866341851147
ee1b8f5b-8002-4837-8320-fdb25835dd8f.jpg,0.1390889916597948,0.8739219087872466,0.8739219087872466
805d2a9c-10c3-472a-bfe5-83c9f19d4cfa.jpg,0.14080339825159435,0.8846938430953735,0.8846938430953735
93e35115-0c62-4827-ab7d-8fcf4a5e1f50.jpg,0.149944123703159,0.9421267149496069,0.9421267149496069
75e0f0aa-a249-45f1-ba78-938b65b2abdf.jpg,0.15043810753874284,0.9452305069273316,0.9452305069273316
6d6d8f6a-9ea9-4824-9005-89eaaf55f4ef.jpg,0.15446098551351536,0.9705069947109987,0.9705069947109987
d3b28184-f9d0-4891-a342-5df9c6cba1c0.jpg,0.14521828791165498,0.9124334129402855,0.9124334129402855
2ef9e186-636e-4f1e-9e87-0035584dca21.jpg,0.14562104624163646,0.9149640181615694,0.9149640181615694
f48058a5-b7a3-4748-9961-92cdfda3cf2d.jpg,0.15381648515245963,0.9664574795119414,0.9664574795119414
d05de7c1-9205-4512-bdec-d8e6d3da2ee0.jpg,0.15283828257245186,0.9603112514337914,0.9603112514337914
a858dff3-7562-408f-a373-4b272e7a8d94.jpg,0.15710396835819462,0.9871133456878151,0.9871133456878151
0908f9e2-9638-41ad-903e-b3158b74e843.jpg,0.1570651923006035,0.9868697085324882,0.9868697085324882
d0a0f038-b0a6-4255-b801-3935b9a3e158.jpg,0.15117285856455348,0.9498470837771401,0.9498470837771401
5027dbcb-ab4a-47ea-82bb-728f7663f31a.jpg,0.15355976939215862,0.9648444868186966,0.9648444868186966
3ed9609d-ed79-4fda-82ec-3ebe66d96f34.jpg,0.15059349257323754,0.9462068198930242,0.9462068198930242
1d4a295f-7de8-4c48-8b18-55b9f952c36c.jpg,0.14753950706768398,0.9270180630361907,0.9270180630361907
b4d1c9b3-0a81-4f97-96d5-558204a6ca54.jpg,0.14992826311629087,0.9420270599432339,0.9420270599432339
c5dd757d-bc78-4b2b-879c-a75ed9a1ab64.jpg,0.14691382972237152,0.9230868163330883,0.9230868163330883
0849f50e-8823-4f77-965a-c6f5f153c4be.jpg,0.1439703933167635,0.9045926599567545,0.9045926599567545
afdc4007-defd-4a92-8925-6178b4c3d18e.jpg,0.1433639258133366,0.9007821122499408,0.9007821122499408
9d84c3c1-0c41-46b6-b0c1-cc7615c219ac.jpg,0.13931134944709672,0.8753190239693591,0.8753190239693591
2a3b64c2-c6c7-400f-b596-9d5d1720303f.jpg,0.13602949584125074,0.8546985296127932,0.8546985296127932
6a0d7bbc-1477-4ac6-abe8-73f53b98ffd7.jpg,0.14192904530394418,0.891766492115768,0.891766492115768
e6de4f2b-d5c1-45ff-80e3-e5e42bdae0bb.jpg,0.1383799604866792,0.8694669345379944,0.8694669345379944
a07dfbba-b8ae-4d6d-b6ab-905a523ea183.jpg,0.13767673297594002,0.8650484257749136,0.8650484257749136
c6402bb4-5306-4649-8345-066e21760da1.jpg,0.13846548573646514,0.8700043055308423,0.8700043055308423
917aa722-da03-4a09-bff3-b774a2049d6e.jpg,0.1424870697023959,0.8952726628171676,0.8952726628171676
bfba9b96-6504-4ef5-9da6-5b28032bc6b2.jpg,0.14295119820883456,0.8981888682294661,0.8981888682294661
d0d76615-cb0c-4915-b652-037023bd55d3.jpg,0.14849805467784635,0.933040795296595,0.933040795296595
8740639f-71b9-43d5-aca7-f034091e4d66.jpg,0.1425452242822193,0.8956380588186591,0.8956380588186591
85c441aa-4136-49f6-a0ed-df63a4557261.jpg,0.13911898225985633,0.8741103452849068,0.8741103452849068
83bed2e1-d743-4b46-8e2a-6522e8ecdada.jpg,0.14873846712872543,0.9345513512756215,0.9345513512756215
fa0d2571-f25c-4778-86fb-6b27f2de3fcd.jpg,0.1499410492699508,0.9421073977160453,0.9421073977160453
62a2c9b9-c82c-47a7-ac05-e873a72bb57f.jpg,0.15371373014406922,0.9658118507529836,0.9658118507529836
c8e29d4b-e885-44ce-879c-960d1423e333.jpg,0.15284601263846156,0.960359820870967,0.960359820870967
ee8a5095-2d34-48dd-81ad-f1ffeb4b4d07.jpg,0.14744072696886082,0.9263974093706233,0.9263974093706233
e5f8ae90-0fc0-420e-82c1-c1bc3b2182f2.jpg,0.15266148419858735,0.9592003944887927,0.9592003944887927
71a6e1c2-53a4-4aa5-a3f5-e16609eef240.jpg,0.16037599275411446,1.0076720812969917,1.0076720812969917
f7fa6082-f3b6-4725-99c3-ab04e9912598.jpg,0.15198434626413845,0.9549458113681294,0.9549458113681294
54963bcc-2a70-478a-8028-cb5246d1c18a.jpg,0.1499863258206883,0.9423918786743989,0.9423918786743989
d369c898-17dd-47ed-b1d9-421da6c31a24.jpg,0.14787282194190268,0.929112342156546,0.929112342156546
79561490-d8ed-49d6-9544-b65251e8e436.jpg,0.1495097648890268,0.9393975580306076,0.9393975580306076
3354af1c-d0d2-46af-abb3-e068ee3184ca.jpg,0.14557598548262735,0.9146808930626329,0.9146808930626329
6b5f3cdc-f11c-4577-9c78-46b2eabc30a0.jpg,0.14525068422770107,0.912636964997273,0.912636964997273
a689e824-f792-4cd2-a5a4-afb41079bf0e.jpg,0.14397349830306475,0.9046121691610615,0.9046121691610615
b2bd49ef-a845-4fde-a67a-38e4c83f8d24.jpg,0.15203606187792038,0.9552707501527957,0.9552707501527957
498f43cd-dc50-4478-9d9a-a4ca5546a333.jpg,0.1577914312431481,0.991432802385786,0.991432802385786
f7a1dfef-8f5b-4439-b2f4-b490c02fb9dc.jpg,0.15155160323222244,0.9522268067082104,0.9522268067082104
d39264ff-4272-4f12-8e6c-db967ae889ef.jpg,0.14945303060517517,0.9390410860118977,0.9390410860118977
d19ab322-fbef-4dfe-825b-7cb219aebe0a.jpg,0.15460920769268766,0.9714383021293721,0.9714383021293721
9b5ca62c-dcde-4d0d-b239-555ead0ea928.jpg,0.14993068752964187,0.9420422929815794,0.9420422929815794
ba725d9a-31b0-4e7d-ab3e-dbdb92372e0b.jpg,0.151104728035889,0.9494190070404651,0.9494190070404651
244f94d1-e3e5-4330-9e11-ce98d248a9f0.jpg,0.15414750799691715,0.9685373573845776,0.9685373573845776
c1766165-f81d-42d8-b8fe-56bafa8d185d.jpg,0.15804846517941984,0.9930477942376151,0.9930477942376151
c8c6cd24-761a-4707-a520-7f23c223b279.jpg,0.1512906201526759,0.950587001657381,0.950587001657381
24f44d8d-555f-45c8-a911-0ae577aa00b6.jpg,0.15082493921972434,0.9476610420616262,0.9476610420616262
0df68ed0-ae47-4b56-8c9a-d433e65d39fc.jpg,0.1452492774336744,0.9126281258497145,0.9126281258497145
20e1bbf0-9023-4e8f-9df8-d383da81d2d7.jpg,0.14863348017498038,0.933891698790405,0.933891698790405
1a593fb2-2bbf-41cb-8a7f-cee0ca133574.jpg,0.1416446796146131,0.889979769794697,0.889979769794697
6bc4d3aa-6940-4d36-a66b-c770efcecfe1.jpg,0.13009859445275715,0.8174335771502793,0.8174335771502793
afd77d7f-193f-478e-963e-bb50382dbda7.jpg,0.10943201893495419,0.6875816535071024,0.6875816535071024
f42f7dd3-b988-4ec9-96f3-63231e306501.jpg,0.10347328153489671,0.6501418022257198,0.6501418022257198
e989717c-51b2-4169-9d53-6486554688cb.jpg,0.10206038756908156,0.6412643276191073,0.6412643276191073
4de3decc-7f7e-48f5-a705-b6aa70b53a25.jpg,0.09451881482349266,0.5938792285509972,0.5938792285509972
e5000e5e-8356-4c96-8fa2-93ab7ddadf5f.jpg,0.09599859800014726,0.6031769804643649,0.6031769804643649
bf62e5e3-ce98-44cb-9e3e-f749b100e771.jpg,0.09517460630447264,0.597999687948864,0.597999687948864
c2b99e90-27cb-4c7a-bcbd-f852e8a1db5e.jpg,0.09066325009120171,0.5696540008741869,0.5696540008741869
640bf4af-67ae-4f19-abd1-4b58f84285a3.jpg,0.08184971482026902,0.5142769255555536,0.5142769255555536
0485303b-c7de-4f21-8f73-c90c0bcd82f0.jpg,0.076995760478565,0.4837786309540383,0.4837786309540383
548d5365-34b8-4b24-9679-7d09853ffc67.jpg,0.07910315441252996,0.49701977755636634,0.49701977755636634
12fa30bd-351a-490d-9215-23dcf7698525.jpg,0.08853534529263017,0.5562839807087252,0.5562839807087252
d116f5cd-9b2f-4874-b5a9-a79da384ef23.jpg,0.08257369699519362,0.5188258397196998,0.5188258397196998
b2adbb2e-8e90-47f3-bfcc-737c9fb68cb5.jpg,0.08557975198145994,0.5377134402419822,0.5377134402419822
11efe6b8-61ea-4c82-b8ab-ea8d0daccd36.jpg,0.08738896786029791,0.5490810788694129,0.5490810788694129
a570f01a-a81d-4283-b3c4-959f16fc447b.jpg,0.08338777757539105,0.5239408588600565,0.5239408588600565
3b67a54d-5988-45b5-81ae-3924308b6291.jpg,0.08192585689124952,0.5147553402971965,0.5147553402971965
46d6c3ba-4b47-4ce5-90a1-6c87ad2b9aa4.jpg,0.07583561155811767,0.4764892003029434,0.4764892003029434
5e0c3bf7-00aa-4fa9-91ab-b7ffee6c6f15.jpg,0.08258037996865844,0.5188678300803822,0.5188678300803822
67f757ef-dc25-4b10-a58d-96303721b950.jpg,0.08282279031544491,0.5203909392096192,0.5203909392096192
4ca740e4-18cc-4f57-8503-236808f3f7cb.jpg,0.08151578498945969,0.5121787825489834,0.5121787825489834
b1814038-67ac-4e02-8994-2762709ecb15.jpg,0.08210011290545104,0.515850223125315,0.515850223125315
b0ef0cc8-1c96-4d92-a204-2bafbe2dd406.jpg,0.08381611308447999,0.5266321702373074,0.5266321702373074
bf2c34c4-daf8-4d69-8602-b3789572699e.jpg,0.08625944239850764,0.541984061083807,0.541984061083807
4b2b2780-334b-46aa-9f48-06b17b768ae2.jpg,0.08099207159118048,0.5088881942197424,0.5088881942197424
23b7a323-77da-4037-913c-01cae3e4b1ec.jpg,0.08812321798858563,0.5536945084872651,0.5536945084872651
503323ef-e2f2-4af4-95f8-677caca13cea.jpg,0.0852056556059442,0.5353629233918725,0.5353629233918725
95364b01-ffc4-4ffe-8ba5-845e513395cb.jpg,0.0855489679651089,0.5375200185627493,0.5375200185627493
d2c9e2bf-fc87-477c-b8eb-dc06a985e755.jpg,0.08293362948774732,0.5210873622684896,0.5210873622684896
6649cf8d-d06d-436b-b4e6-bdad25b5d74f.jpg,0.08915582625462491,0.5601825775725152,0.5601825775725152
aba03487-630b-4fd0-80dc-95dbccd3d33c.jpg,0.08510039336535712,0.534701541228415,0.534701541228415
e432a0c3-1f89-448b-9a89-1cd1bf96e85d.jpg,0.09284593949954714,0.5833682428948394,0.5833682428948394
dd7b84f5-c51f-4b45-a428-105155e12b08.jpg,0.09186760011553717,0.5772211552517929,0.5772211552517929
b86ce75d-088e-417d-83e0-d7611146acdb.jpg,0.08727042084978874,0.5483362260347716,0.5483362260347716
b9e6123b-8343-4cdf-9697-8faecf63638e.jpg,0.08581226397787854,0.5391743562016226,0.5391743562016226
99938768-7007-48fb-951b-c0dda9cabae1.jpg,0.08836285968720473,0.5552002216870161,0.5552002216870161
dfd836a9-4bd1-4cf3-9739-c558acb7eb4b.jpg,0.08167353919761365,0.5131699814718022,0.5131699814718022
65d2c23a-7f4a-42d5-b560-f0d965466e48.jpg,0.09368965523644633,0.5886694652163605,0.5886694652163605
b6e23b49-4d9d-4c68-a86e-6e0f128e1105.jpg,0.09735860889525197,0.6117221809380909,0.6117221809380909
276ec25c-8dd1-4aef-a690-d1c4d2a7699a.jpg,0.09552171619399899,0.6001806437067128,0.6001806437067128
c0480d9f-f8f5-4d51-89d5-0c09d366ef27.jpg,0.09182412503633718,0.5769479932729349,0.5769479932729349
14b7d31f-9ff0-4c55-93e7-be4fffcde34d.jpg,0.09239506045023085,0.5805352862768602,0.5805352862768602
1f4270ca-9543-4a9d-9976-bdd84ea05d95.jpg,0.0909155572803268,0.5712392936977934,0.5712392936977934
6c27f3ec-b597-42d1-9073-4df17782f49e.jpg,0.09402068907950588,0.5907494121952516,0.5907494121952516
b526cfe4-9296-43bc-9cc7-61cc4d78264a.jpg,0.08660498534616459,0.5441551714555247,0.5441551714555247
6cda3c68-d86f-4366-89ca-70b85d668cdf.jpg,0.09918061253234983,0.623170167420332,0.623170167420332
5a1442e1-4c03-4cc4-acac-dbf568c12ace.jpg,0.0974078029726009,0.61203127644209,0.61203127644209
84325bfe-128d-4d93-895a-33405d4cf4d5.jpg,0.09706583049375808,0.609882599987565,0.609882599987565
1b2ba296-d7cf-45cf-8af8-59c546444351.jpg,0.09400738965924543,0.590665849473277,0.590665849473277
853f3b59-2427-4e6b-bbad-7a026537195c.jpg,0.09352555404941768,0.5876383870491314,0.5876383870491314
f9c74953-90f0-4256-a78f-b56f5a2dd9e6.jpg,0.09131980864770553,0.5737792799497147,0.5737792799497147
6fb11c13-3072-47b4-ae55-4334b5c1aebb.jpg,0.0893187553056109,0.5612062909917831,0.5612062909917831
5bc44ae8-b843-410a-9daf-6debafb42ce8.jpg,0.08770133598266153,0.5510437456662792,0.5510437456662792
2a85d64f-e303-4be4-875b-415047f96deb.jpg,0.09541139462147555,0.5994874728231686,0.5994874728231686
bf5aa8a1-a840-4145-8bf6-189c372cdd04.jpg,0.09899304467818798,0.6219916438349631,0.6219916438349631
d97b8184-7cae-492b-945f-b0234c35b287.jpg,0.0905040376073357,0.5686536393348404,0.5686536393348404
eff33885-9578-4af9-86f1-229dd02335c6.jpg,0.08441531385979564,0.5303970597448213,0.5303970597448213
49f11b6e-d58d-4f81-a340-694ca9fff9fd.jpg,0.07252691842724848,0.4557000682371001,0.4557000682371001
1b84c935-1912-4d4b-bee0-093db86c0777.jpg,0.060562105705182306,0.38052293273865845,0.38052293273865845
28bc87eb-f2b9-4d63-b5ca-6cdba28d1c99.jpg,0.05599940660688047,0.35185464880312683,0.35185464880312683
946c7b15-92ff-4325-93ac-619f3a6c7b32.jpg,0.05807779506925143,0.36491354865250764,0.36491354865250764
b3c69420-d376-4321-9280-c9744968e5cc.jpg,0.0608483441026016,0.382321421631674,0.382321421631674
16de9567-471e-42a0-832e-5e3fded7ef6c.jpg,0.06400798219263888,0.40217401325500124,0.40217401325500124
e1d419a5-74b5-496b-bddc-43c5fc0df609.jpg,0.0688211472432687,0.4324160211821488,0.4324160211821488
e5425f93-cbf4-42bf-90d1-fdb15a302a62.jpg,0.06945822951560561,0.4364189271551606,0.4364189271551606
b3005229-f931-415c-bbf8-d7e473641ec0.jpg,0.059734345380899785,0.3753219612312603,0.3753219612312603
9e1409c9-bb59-4943-9256-99ecaffecdc6.jpg,0.05747354203040936,0.3611169148370365,0.3611169148370365
56964798-6fca-41c5-af4f-b861ac976d13.jpg,0.0651941475804124,0.4096269101913448,0.4096269101913448
b5fc56d0-b7a9-4e77-ba90-9591ad7b19c0.jpg,0.07279176073182883,0.4573641215139589,0.4573641215139589
3a21f81d-5b92-4678-9781-852ac875fe0a.jpg,0.07109412433798608,0.4466975574672328,0.4466975574672328
238c37c0-b661-4200-b4bf-12f1d37ad431.jpg,0.0580445912092331,0.3647049226470988,0.3647049226470988
553915e5-1058-48a9-a33f-84d13b72a2b4.jpg,0.061776808974742796,0.3881551384745439,0.3881551384745439
de732f42-4569-440a-a69c-13d8ae958556.jpg,0.061861200394284395,0.38868538540185976,0.38868538540185976
25790a8e-3a35-4793-9efd-4833721e59d4.jpg,0.058094612880914914,0.36501921807965054,0.36501921807965054
b2952870-e511-4a03-b878-61b0d80b6822.jpg,0.06267456960081315,0.39379593484963354,0.39379593484963354
308a0434-adc8-4e27-be94-b2010ecb7709.jpg,0.059873481032622904,0.37619617631387187,0.37619617631387187
050dedae-5876-4240-864b-43d8298efa49.jpg,0.05696283488438128,0.35790804720084124,0.35790804720084124
fba3d22a-bb52-4db4-899a-f49843d3b6de.jpg,0.06303474102700211,0.39605895866272994,0.39605895866272994
616b173c-f383-403f-b89d-67f6d7468a69.jpg,0.06208546045608812,0.3900944529271721,0.3900944529271721
69785f8f-6452-47ae-a6f6-a383562aa1d5.jpg,0.073961678803006,0.46471493354938315,0.46471493354938315
b2cf105b-0511-48dd-a8fa-4b5b05822c58.jpg,0.06755325953915943,0.4244496477885358,0.4244496477885358
0137f611-0815-4eb9-b02a-cd254c62aeb7.jpg,0.06773189701724931,0.4255720601661817,0.4255720601661817
bd435ba3-b97b-43c0-8239-c90f8abf1ca3.jpg,0.058756826773800334,0.3691800306816384,0.3691800306816384
b28a203c-0319-4056-9c2a-f99014cd052c.jpg,0.06648910925808807,0.4177633943778772,0.4177633943778772
7c381927-ff39-4ab8-826f-d62d5e995a9b.jpg,0.06040208750858514,0.37951750875691775,0.37951750875691775
5291e1d6-bec7-43af-b84f-932e2590b810.jpg,0.06503827477515396,0.4086475324715561,0.4086475324715561
f2430484-0bfd-4478-8fa3-3032d2ff23e5.jpg,0.06503916033445299,0.40865309660473237,0.40865309660473237
028825c0-dee5-49a9-8a1f-872b95de39cd.jpg,0.06683763228260418,0.4199532291247306,0.4199532291247306
b548b4fe-f417-4ef5-b14b-edadaba1063d.jpg,0.06100347906433637,0.3832961633438758,0.3832961633438758
d20a2731-b7b8-4260-9dab-f8d2a636531d.jpg,0.05115094921360715,0.32139089254722564,0.32139089254722564
030fd54b-9012-4297-b746-d7588be0c52c.jpg,0.054912415629551244,0.345024883065335,0.345024883065335
c12c792d-8893-4ba7-acd0-f61a5966f3be.jpg,0.053425939407478,0.3356850775073326,0.3356850775073326
9dc9cebb-d323-4d62-b426-8195138b3f9b.jpg,0.04614246617384354,0.2899216655005248,0.2899216655005248
fae1d43d-7656-40ac-bf56-9584db8400df.jpg,0.04995941162940645,0.3139042411052236,0.3139042411052236
02e59c35-7075-4e00-af73-0547eb050369.jpg,0.047259206990840255,0.2969383549938063,0.2969383549938063
c0ceb5d3-0fbd-4174-98e4-9cb5e8ff791b.jpg,0.05049792212810507,0.3172878023584087,0.3172878023584087
946921fa-29ec-41ce-b9e9-d6fbe2cfaf9b.jpg,0.050221354520942334,0.31555007683264197,0.31555007683264197
4c4ac03c-c52e-4639-9c32-3094d08e5ac4.jpg,0.05789095570057892,0.3637396022764618,0.3637396022764618
6ec95cd6-683d-4faf-a921-21c81c36f1fe.jpg,0.046112208496735245,0.28973155090828856,0.28973155090828856
4470e5e6-e2f9-4cc3-8878-450b6306a27f.jpg,0.042693507088585506,0.26825121645096794,0.26825121645096794
db3daa8d-eb6d-4410-a038-521dcdaf34ce.jpg,0.04920835394744027,0.30918520651304926,0.30918520651304926
2fbb8010-3a5b-4b01-8375-37f1c82b1383.jpg,0.05495872961111443,0.34531588239380984,0.34531588239380984
5a9a39b4-f96f-420b-81d9-c24b3b8d3f31.jpg,0.05870102815906681,0.36882943764538373,0.36882943764538373
9721b174-84b7-4e8e-913e-9f005260a9a4.jpg,0.05272763776976052,0.3312975189172467,0.3312975189172467
0b69924a-5fa5-42fe-9910-4fb1a06a988e.jpg,0.04652386504478337,0.2923180652825888,0.2923180652825888
c38c6715-7118-4e04-a9f4-a64b8e3c791d.jpg,0.0473090962770332,0.29725181862379946,0.29725181862379946
fd8a8c98-d8ee-462e-a1c3-465724709a15.jpg,0.04269761808286309,0.2682770465898108,0.2682770465898108
85d191bf-7438-49e5-ab6d-5795f25b4c91.jpg,0.04593061468149176,0.28859056331647603,0.28859056331647603
3a46c80e-f6ef-4180-ae8c-d4b4f53e04c9.jpg,0.04975471987852586,0.31261812490358976,0.31261812490358976
22431c35-5421-4ee2-b068-503f69041d5c.jpg,0.0511333380441159,0.32128023830583596,0.32128023830583596
d4a32f88-aed6-4c00-b9d1-ffe67c6f562a.jpg,0.062861582462711,0.39497097131576364,0.39497097131576364
fdc54693-d66f-4a1f-bde7-eb2adf78a097.jpg,0.0590478348516669,0.37100848836076017,0.37100848836076017
20d319ea-4eda-4a96-9496-3a97054f4879.jpg,0.05865172626317156,0.3685196646974786,0.3685196646974786
e4e13c3a-6fd6-4d93-8be2-018b0556ca71.jpg,0.056527960033507414,0.35517564792736867,0.35517564792736867
9d6f35a1-6f33-44fe-a250-b5df0155aa40.jpg,0.05032553460907196,0.3162046596316787,0.3162046596316787
65608ea9-844d-4733-8dcb-7b4935309dd3.jpg,0.05169786717896954,0.3248272794714232,0.3248272794714232
911aa6c6-cb77-49c0-9e8f-205ca9430b14.jpg,0.05356402036262549,0.33655266573591663,0.33655266573591663
dc80e2b7-690f-4a0f-8fb5-5ade54252060.jpg,0.05154576760037129,0.3238716096339464,0.3238716096339464
2ff653e5-e20f-406a-9e81-fb05585a2e00.jpg,0.05872854570304619,0.36900233547340466,0.36900233547340466
c1fa340f-3bc9-449f-a9e9-f0b69905ab02.jpg,0.05458469543465645,0.34296575635190607,0.34296575635190607
fffeaa9a-4ad4-4c77-8030-d786e437c7da.jpg,0.054808544928637654,0.3443722442035083,0.3443722442035083
02bfbfe2-6387-4f63-9939-d884ff66823f.jpg,0.05684740299231808,0.3571827672326498,0.3571827672326498
21c74819-5709-4ac2-9bb8-53a01c96ceb9.jpg,0.05561212817539388,0.3494213066526227,0.3494213066526227
f9f56e0f-0665-4b3b-8d1b-465cd523410d.jpg,0.05368121084781666,0.337288995270611,0.337288995270611
a6840c85-d3af-497a-9556-a8625aa9905b.jpg,0.04985802526274155,0.3132672117758463,0.3132672117758463
a9e8a592-0c57-4c08-ae01-0692fea8b852.jpg,0.05496108527387928,0.34533068345948265,0.34533068345948265
df7de3ad-c9a5-4de5-a8d1-d65c901f2fa4.jpg,0.0573802545549216,0.36053077234170794,0.36053077234170794
3d1b4fc3-7ab1-40e4-a0ac-5a4604f90958.jpg,0.05393022469385629,0.3388535954093315,0.3388535954093315
b6f67b83-7703-4e4e-98a3-5ab7edaac007.jpg,0.053080540232621945,0.3335148704867651,0.3335148704867651
d72af460-aff7-4c73-a55c-12204af15115.jpg,0.05047820188202859,0.31716389639800696,0.31716389639800696
83f5e2e7-c6c0-40b5-a230-1c7b03f5f4d0.jpg,0.05432962873517299,0.3413631250133608,0.3413631250133608
48d7fa3a-3947-4c2b-8a76-3d913a0cd22e.jpg,0.048842339164873086,0.30688546780901266,0.30688546780901266
d58e7094-c48f-49e1-baee-0d720d4d8431.jpg,0.05589938921852906,0.35122622101817474,0.35122622101817474
5f986bf1-e417-49d0-b28a-e678e8b4744e.jpg,0.05292767505154468,0.3325543902270411,0.3325543902270411
3a222ab6-d78d-41a2-89b9-dfe44a84f243.jpg,0.05167810356388876,0.32470310101553085,0.32470310101553085
b0db5290-2391-4972-a636-a33fd043cd98.jpg,0.05233496460006777,0.3288302806269096,0.3288302806269096
4d3ca6c4-45d3-4e97-a93f-326c7b32a3ac.jpg,0.05832843135262388,0.36648834286563947,0.36648834286563947
1170493c-69b7-4a94-bb11-ad0d4a457aa3.jpg,0.05839202016834761,0.3668878831782958,0.3668878831782958
4db613bc-c4ed-494c-a650-6f68591d1747.jpg,0.04794779149993081,0.3012648590640755,0.3012648590640755
174418aa-e20d-4e1a-a730-d2055f8885ec.jpg,0.052239790629887144,0.3282322849358447,0.3282322849358447
e4db87d7-7a32-4621-a92c-91c8eed31a14.jpg,0.043170463889574864,0.2712480244151037,0.2712480244151037
efbdbed3-73e6-4806-b73e-a0761aa1e4f8.jpg,0.046785370972696,0.2939611554865898,0.2939611554865898
8b17a79d-4a5b-4b60-80b2-16ea105e937c.jpg,0.04828481295275299,0.30338242730465215,0.30338242730465215
84495407-2013-401d-be6f-0f9cba034bbe.jpg,0.04247513242606618,0.26687912797996627,0.26687912797996627
145297ec-902a-43e7-9118-8c4f79030a52.jpg,0.03909536634416399,0.24564343139245445,0.24564343139245445
d994345a-a3f8-4c2c-8ed9-f8fc7f122fd5.jpg,0.0409623561941443,0.2573740745865042,0.2573740745865042
cc312589-5bea-45a4-871d-66309d357fd8.jpg,0.04544127022902873,0.2855159214426105,0.2855159214426105
f2ed6c00-4095-4a21-8bdd-908023862635.jpg,0.05042941027891193,0.3168573297141906,0.3168573297141906
02d3d3d6-3cff-4f0b-8f80-11fcd36efb29.jpg,0.03737563079768912,0.23483801427460912,0.23483801427460912
0ceabcc1-dfe5-465d-bca0-16257e051c80.jpg,0.03962193859729623,0.2489519824365034,0.2489519824365034
9b7f817a-b0fb-437b-a8df-a66faf824a3b.jpg,0.04038377764492969,0.25373875834702964,0.25373875834702964
e42c6f81-150a-4eb9-9752-a2380ed2791a.jpg,0.03761280095975224,0.2363281983521855,0.2363281983521855
32832241-0921-4d13-95b7-f2f9a22328c5.jpg,0.032614300463553916,0.20492169347654235,0.20492169347654235
eb21be18-3fc2-401e-b689-f726ccec5ffa.jpg,0.03867056200243505,0.2429743069940771,0.2429743069940771
c187779b-6c9c-4f2e-9b1a-fd2dc96c9590.jpg,0.039337616300405914,0.24716553275817862,0.24716553275817862
a7585978-fea6-489e-845f-f2c12a233a89.jpg,0.03842561114539455,0.24143523536813918,0.24143523536813918
6b5cc6f6-d0e2-4f1e-8387-336deabd2578.jpg,0.04512489135731434,0.2835280543643525,0.2835280543643525
e2a1201d-21ea-4929-a415-624815e1449c.jpg,0.04170923027437359,0.26206682283371413,0.26206682283371413
53d08cb9-8e32-4928-bc6a-bd31a91f7db8.jpg,0.03847822887966016,0.24176584234297396,0.24176584234297396
11bde2be-483f-43ed-8184-55a1acbd75be.jpg,0.05065502021938431,0.31827487877732036,0.31827487877732036
9da9d618-28b9-42b1-b907-634bdb5d9dc3.jpg,0.03925458077469671,0.2466438051630686,0.2466438051630686
a9f35587-6f43-4bef-bf44-d536bc63c3c0.jpg,0.028197263723225095,0.17716863312843587,0.17716863312843587
e3966d1a-1c82-4a3c-be20-88e5dad5bb47.jpg,0.03740145710202091,0.23500028573052537,0.23500028573052537
e8bf5e55-5608-46e4-8655-fe0df345d0eb.jpg,0.036851956570380276,0.23154767206383356,0.23154767206383356
1398cc09-77bc-48b2-8c56-a3aefa68712a.jpg,0.03247426205391553,0.20404180619866163,0.20404180619866163
3b1a4b3a-d084-4e55-a049-2ada342060b9.jpg,0.03942781642259825,0.24773227684064333,0.24773227684064333
84546bf8-13c2-4492-997b-3488b063eac8.jpg,0.03991664376419234,0.25080366961109496,0.25080366961109496
edf1fb30-9dc4-4f4d-a384-9dadb7fe38a2.jpg,0.031359352087444815,0.19703662027850474,0.19703662027850474
f77705d3-fbf3-48e7-af4d-613d436641cb.jpg,0.046385664911277595,0.29144972823429505,0.29144972823429505
f7366fe6-2bab-4a65-a42f-952aa3b231b2.jpg,0.032275391763160556,0.20279226730975544,0.20279226730975544
bb7bcd67-cf77-443b-a858-9e6177a9c23f.jpg,0.04030854286782329,0.2532660443009258,0.2532660443009258
b4f89a18-6236-4f25-83c5-720b33251310.jpg,0.03276762635804471,0.20588506848401708,0.20588506848401708
2a096283-6d28-450b-820f-e9829c632d7d.jpg,0.027077877177805184,0.17013532003319898,0.17013532003319898
4ae6503c-f0cb-48c6-8431-97cbe8a45e24.jpg,0.032051073186675764,0.20138283212585875,0.20138283212585875
a532b3ee-94b1-4824-aa91-bdd9694fd519.jpg,0.03272981026088732,0.20564746293798286,0.20564746293798286
fd4baa97-e2f7-40fe-b417-97a0860eae3f.jpg,0.03402095591346484,0.21375997033168673,0.21375997033168673
8c1e0eeb-7baf-4c31-a215-838b950d4b96.jpg,0.032320949241833964,0.20307851339038835,0.20307851339038835
5ab0e25c-2b4b-4fa8-ae1f-becfc42747db.jpg,0.027509802781781976,0.17284918864190063,0.17284918864190063
bba1a906-0a93-46b6-881b-55f2c7a1166a.jpg,0.038508395874486394,0.2419553871616279,0.2419553871616279
e8ac0b74-8757-42ea-bcc0-6b81978c8f5b.jpg,0.021529865021855756,0.13527613157088378,0.13527613157088378
9fbd2608-35fb-427a-ba13-af5e58691260.jpg,0.03128552636552983,0.19657275958727657,0.19657275958727657
602f6252-0fa2-469c-813b-ae4354cd8b81.jpg,0.028792007043620945,0.18090551562069027,0.18090551562069027
8c0ed3c2-49b3-49fb-842c-de6319ad460b.jpg,0.03251924584229644,0.20432444767687785,0.20432444767687785
0455367f-d2b3-4bb4-bb66-d104ff44def7.jpg,0.022614849546275052,0.14209329039323235,0.14209329039323235
18471f1d-6cd6-4252-8e22-04d2efc7e426.jpg,0.027293528638463273,0.1714902981222777,0.1714902981222777
abe86cd2-0a05-4f81-89f3-ff6d4976378a.jpg,0.019915743234049096,0.12513430526973854,0.12513430526973854
ec802eb7-5dcf-4ddc-8108-781d9ea51af9.jpg,0.02074437310207788,0.13034074028162715,0.13034074028162715
f8beacac-5e6c-4d09-a7ed-493d79d42cab.jpg,0.012976162073913462,0.08153163088639405,0.08153163088639405
929f8a90-d1a6-4598-b61c-8c077b0ac998.jpg,0.023453732037420995,0.14736414453605073,0.14736414453605073
3bd679ad-3824-4400-b97c-6e15981722a6.jpg,0.020501089097423316,0.1288121417981098,0.1288121417981098
05d65787-e0db-4ea1-bd65-9db85137584c.jpg,0.02986823733775493,0.1876676699919345,0.1876676699919345
315dd08c-ac9e-4273-a65d-bc578ce51aa5.jpg,0.02493022971215101,0.1566412530319992,0.1566412530319992
86b6c8f3-5145-4a73-b4a6-ed2b53612e8c.jpg,0.019141010818900885,0.12026651794188353,0.12026651794188353
f33dfa7f-52d4-4167-a73a-a8b5b1e81461.jpg,0.020031316541042617,0.1258604737741424,0.1258604737741424
86642b00-4faa-4039-af85-2590398f7ea6.jpg,0.02540243370989292,0.15960819825260264,0.15960819825260264
bc9da6c0-9b3d-4f5e-aa28-3745bf1c8059.jpg,0.025558783043302388,0.1605905700870683,0.1605905700870683
d56b3aae-affe-4b57-b43f-26e6c2f2c430.jpg,0.03164894624582563,0.19885619403948812,0.19885619403948812
b1b1db66-a332-455c-968a-09b3183ecd68.jpg,0.03152505770395219,0.19807777937346102,0.19807777937346102
ad0e7ce8-aa6c-4d2a-80ae-81d640f2a5f6.jpg,0.04477345790806571,0.2813199328795821,0.2813199328795821
369f523b-b726-4d31-b38c-32c3bb9891bb.jpg,0.052786946514947,0.3316701667535897,0.3316701667535897
701a3cd7-2d26-4a3b-b342-c5cee6498286.jpg,0.054542767710560686,0.34270231669190404,0.34270231669190404
f2c5b2ee-6760-49b5-9583-99fe5e07066f.jpg,0.08585037109093879,0.5394137902545018,0.5394137902545018
ace555c8-2ca3-4bda-8bea-cdd1a0a9adf6.jpg,0.08797630676883993,0.552771438069899,0.552771438069899
5bbe2cc9-4e78-4d63-83d8-d2a0fa8d80e9.jpg,0.08564394839265371,0.5381167981895686,0.5381167981895686
0e89c69f-8a6b-40b5-a827-30f753e6cecb.jpg,0.11142513131886021,0.7001047479532184,0.7001047479532184
b4a0ff82-0571-4a4d-872d-c9d6bbbe2580.jpg,0.1011141023667324,0.6353186423393057,0.6353186423393057
b953e143-6ded-4a67-8115-677de5005cc5.jpg,0.09682499592617003,0.6083693917710348,0.6083693917710348
ce065c43-100b-42e1-9b52-71049ddbe219.jpg,0.10007782137995042,0.6288074968690475,0.6288074968690475
4b143dab-d10c-4cae-ab08-4f6004c25e21.jpg,0.09869458368540676,0.6201163581103538,0.6201163581103538
8f5bb1d5-5ad9-446c-911b-8883c87a709d.jpg,0.10955997436553823,0.6883856211885219,0.6883856211885219
9f2503df-54dc-4c30-863c-4c67ad370934.jpg,0.11410417840712171,0.7169376972554253,0.7169376972554253
b7d89d30-9b93-4093-8bdc-916758d6a8dc.jpg,0.11212907491131795,0.704527755990432,0.704527755990432
c73ffaed-c111-4a25-837a-9bc826308af9.jpg,0.11447063856528104,0.7192402343368388,0.7192402343368388
3606012d-cd23-4750-9853-bc496eb4fa65.jpg,0.1170690856551093,0.7355667589131313,0.7355667589131313
1ad838ae-0e73-4c83-8d64-f3df8ad85bdf.jpg,0.11898749473481517,0.747620478655899,0.747620478655899
4bacbcf1-7615-46a2-a4a8-fcd7b117a9d8.jpg,0.12558931724192163,0.7891009528331578,0.7891009528331578
56e26b4b-e2f5-4b60-845c-efc318cc3dbb.jpg,0.11405708592150933,0.716641806441747,0.716641806441747
edb966f4-e764-4bf5-b49d-932e03f74d15.jpg,0.11554710048955676,0.7260038440831862,0.7260038440831862
e02fae87-7166-4d0a-85e3-4f9a62ce892e.jpg,0.12171867312847452,0.7647809786102259,0.7647809786102259
a92fa0b5-514f-49d7-aaf8-b195da715ad6.jpg,0.12035962169152276,0.7562418065898692,0.7562418065898692
03d3f73e-2c5c-45d0-b379-74101d44c63e.jpg,0.11428977687454395,0.7181038468189678,0.7181038468189678
5d8fd472-31dc-43ec-a6d8-f180095281a2.jpg,0.12319268004942409,0.7740424372386172,0.7740424372386172
93741883-cce2-4802-8fcd-daa812d219c5.jpg,0.11809623711043492,0.7420205418454813,0.7420205418454813
4f8a8183-2f44-46ca-ad6c-dee3523f3342.jpg,0.10928065010248103,0.6866305750829421,0.6866305750829421
c4e946d6-4ae7-4b45-92dd-6f84e22ca661.jpg,0.1195422047950667,0.7511058247562162,0.7511058247562162
c6385204-b9ea-45b5-bce4-bd80a6b90af9.jpg,0.12255782989845382,0.77005355609778,0.77005355609778
3bccf49a-cf2d-4627-958a-e239e449aae6.jpg,0.1175514777427742,0.7385977177906471,0.7385977177906471
a532b582-6c83-41b9-a9d0-899818ecb2bc.jpg,0.12313771684423193,0.7736970932353183,0.7736970932353183
e5109925-7e8f-4465-9664-a034cc56d074.jpg,0.12859937593989842,0.8080137094180337,0.8080137094180337
ffb2ca85-015a-475d-b939-ddf94cecefbf.jpg,0.1503940526414012,0.9449537018436454,0.9449537018436454
728439dc-9b46-4ea0-a47b-d69a7996c271.jpg,0.18675000710656992,1.1733849007676833,1.1733849007676833
b96ee6c6-fab8-4c92-99da-8bcc5e6137a3.jpg,0.23849455939228062,1.4985055114158468,1.4985055114158468
6ae63314-969d-446e-8172-a783ca2c6dc5.jpg,0.2706108333373674,1.7002980119889706,1.7002980119889706
2b72cd8d-93b3-4707-8e6e-7ef9f4dd404a.jpg,0.27868242870263604,1.7510133413935254,1.7510133413935254
1a8e911f-2146-417b-b386-799122b83320.jpg,0.3046916643610292,1.9144341887333125,1.9144341887333125
877219db-3bdc-419e-a078-dcdd0230f4a7.jpg,0.331666333711069,2.0839210348595105,2.0839210348595105
e34b388c-b3f0-415a-83e2-f098d5c15f4b.jpg,0.3489530256234076,2.192536523492856,2.192536523492856
ae776f1c-36bc-4e28-af7b-5981f679c72c.jpg,0.37297116725359175,2.3434469580893875,2.3434469580893875
5dc694a3-6bad-4c9b-b4d9-e402251ee356.jpg,0.42630444403144685,2.678549819123749,2.678549819123749
bc9ca17f-205d-4157-88b1-f03a71e71de9.jpg,0.5,3.141592653589793,3.141592653589793
e577703d-6017-4504-a26d-5a791e2e9d3e.jpg,0.5,3.141592653589793,3.141592653589793
c9ed4b3c-cc50-41d0-a345-738cd16bc070.jpg,0.5,3.141592653589793,3.141592653589793
5e5c8ec6-ff5f-4869-aa47-3812bd4c09bf.jpg,0.5,3.141592653589793,3.141592653589793
c48d7444-6bd6-4440-b632-693499b0f2b1.jpg,0.5,3.141592653589793,3.141592653589793
2136d31c-380c-4f0e-80bb-4ca5f433bcf2.jpg,0.5,3.141592653589793,3.141592653589793
ca3461d5-1ac4-4c30-a5d2-1f792e10d08e.jpg,0.5,3.141592653589793,3.141592653589793
f5340845-d54a-484a-ad8b-c5ebe601b613.jpg,0.5,3.141592653589793,3.141592653589793
88042071-a473-466b-92b9-ffa9481bb552.jpg,0.5,3.141592653589793,3.141592653589793
da17a967-f566-4714-baed-a7ba5443c9be.jpg,0.5,3.141592653589793,3.141592653589793
3ff4dc60-47b0-4751-9ced-01abdfc8c792.jpg,0.5,3.141592653589793,3.141592653589793
73249a71-e449-42fd-8c84-9a1a4eeef89b.jpg,0.5,3.141592653589793,3.141592653589793
9967559b-3559-4751-ad4d-8e8723d6dc4f.jpg,0.5,3.141592653589793,3.141592653589793
2ffed580-7ca5-4941-a25c-82ca596ca25c.jpg,0.5,3.141592653589793,3.141592653589793
1bbfd88f-d1e8-4905-8403-6430419d7d2d.jpg,0.5,3.141592653589793,3.141592653589793
aa088ed2-f8f1-4e56-8772-c2cffec57e37.jpg,0.5,3.141592653589793,3.141592653589793
053f36b9-a838-423b-a444-8ada312eb3a0.jpg,0.5,3.141592653589793,3.141592653589793
8a7ee8f1-f26b-42ce-8f1c-2a60e758b344.jpg,0.5,3.141592653589793,3.141592653589793
d19731b0-f4f8-4fd7-9a28-1da0fa8aa137.jpg,0.5,3.141592653589793,3.141592653589793
0d039b34-0722-4e73-bfed-c823cf92ec50.jpg,0.5,3.141592653589793,3.141592653589793
f7217cdf-b3e7-40a0-b8c7-b256c7ca4658.jpg,0.5,3.141592653589793,3.141592653589793
037c5039-64ff-4ac6-a83c-b652647ea8bc.jpg,0.5,3.141592653589793,3.141592653589793
ddc9196c-286a-4f1a-91bf-e3b686c5a7a3.jpg,0.5,3.141592653589793,3.141592653589793
2273108d-fc45-4d7b-9ec4-138a764f2783.jpg,0.5,3.141592653589793,3.141592653589793
2f94d540-d6ff-4397-a6f4-d48491c3f6e1.jpg,0.5,3.141592653589793,3.141592653589793
5b0c4ddb-2544-4efd-8533-bd4336075b04.jpg,0.5,3.141592653589793,3.141592653589793
ab47a9ed-1fb6-489a-ab74-e06efb09220e.jpg,0.5,3.141592653589793,3.141592653589793
d99edc96-ccb2-4223-a536-37e67ccd93fd.jpg,0.5,3.141592653589793,3.141592653589793
44bb2aa7-a563-40e0-a0f4-aef3e817154c.jpg,0.5,3.141592653589793,3.141592653589793
38bfa549-77c7-48ec-99b8-b901caa5fcce.jpg,0.5,3.141592653589793,3.141592653589793
b4b22ec0-ae55-4803-a3ca-c04c2433753f.jpg,0.5,3.141592653589793,3.141592653589793
b8b5ce1a-1688-449f-87ee-b8bdba9bfa3c.jpg,0.5,3.141592653589793,3.141592653589793
69ab4dbb-68b8-45a2-97cb-3e8b4e1e521b.jpg,0.5,3.141592653589793,3.141592653589793
c867f33c-84d8-4c6a-9ad9-610ddd5ca85b.jpg,0.5,3.141592653589793,3.141592653589793
c126524b-b2bf-4e8d-97e8-cae0ec5c7f2c.jpg,0.5,3.141592653589793,3.141592653589793
e0c8dc58-1eaf-4c6b-9d01-08cdb7672115.jpg,0.5,3.141592653589793,3.141592653589793
a44cb87f-2141-4ac7-a0f3-106293033fac.jpg,0.5,3.141592653589793,3.141592653589793
85d1e189-667f-4a3a-8180-b2edceac8ce2.jpg,0.5,3.141592653589793,3.141592653589793
b73272cf-4546-48d8-a86f-420de9dd3fc5.jpg,0.5,3.141592653589793,3.141592653589793
761cffd3-1788-4930-8bc7-10cd6e18b28e.jpg,0.5,3.141592653589793,3.141592653589793
d74892b4-aaa9-4c03-a993-4939a1406261.jpg,0.5,3.141592653589793,3.141592653589793
a335769e-9405-4d56-9ce5-90140d2a6d2e.jpg,0.5,3.141592653589793,3.141592653589793
f5048a47-9731-4eb8-8649-ffc04331575b.jpg,0.5,3.141592653589793,3.141592653589793
3ec90162-58d9-4230-95ca-be240e61ce9b.jpg,0.5,3.141592653589793,3.141592653589793
9f9a7639-42db-4fc2-a7cb-09bc5e042c43.jpg,0.5,3.141592653589793,3.141592653589793
e1cdee7b-c643-40dd-a437-b08072c1d025.jpg,0.5,3.141592653589793,3.141592653589793
5c67c9f0-b01c-4834-83d7-bd847d7bd066.jpg,0.5,3.141592653589793,3.141592653589793
f8765c00-bfd7-4c39-91ea-4e2e479d2dc9.jpg,0.5,3.141592653589793,3.141592653589793
ce01f85f-1bba-4ebc-a383-24407a771499.jpg,0.5,3.141592653589793,3.141592653589793
612fc3bf-96ee-4b54-9935-5241a01da600.jpg,0.5,3.141592653589793,3.141592653589793
98715668-03ba-4543-a202-aacd7e34e50d.jpg,0.5,3.141592653589793,3.141592653589793
6d24430e-228d-4a63-aa79-919b673e3e63.jpg,0.5,3.141592653589793,3.141592653589793
3b3a3e82-38dc-4dee-8ff8-802df3dcdd90.jpg,0.5,3.141592653589793,3.141592653589793
4b08fdde-2797-4451-a209-0a8c9298f7c2.jpg,0.5,3.141592653589793,3.141592653589793
ab3fd539-612a-46a1-9b16-a4c4a2dc7496.jpg,0.5,3.141592653589793,3.141592653589793
b5bbf7ed-f2c0-40b5-9f89-9f0320f3ea77.jpg,0.5,3.141592653589793,3.141592653589793
6cdf764a-c370-41ab-aec4-117fee0627f4.jpg,0.5,3.141592653589793,3.141592653589793
a0032baf-daea-466f-9112-c590e4fc72a5.jpg,0.5,3.141592653589793,3.141592653589793
03b563c9-9a2d-4f80-9aa6-a081b5924fae.jpg,0.5,3.141592653589793,3.141592653589793
a443b829-47fe-4844-bf6a-db5bc0e294a1.jpg,0.5,3.141592653589793,3.141592653589793
73d77dca-8321-4094-bc99-1680f129db69.jpg,0.5,3.141592653589793,3.141592653589793
d152507a-0a03-4db9-b8d8-e7575fd87d8f.jpg,0.5,3.141592653589793,3.141592653589793
a9d26e30-3d20-460e-be7d-db86a6166ce2.jpg,0.5,3.141592653589793,3.141592653589793
04756df3-8b5e-453b-b1cf-eeaf811467a1.jpg,0.5,3.141592653589793,3.141592653589793
62d005f2-6852-4e64-852d-324e6db69fe0.jpg,0.5,3.141592653589793,3.141592653589793
a993b05d-1f4f-4478-a834-131abec72a58.jpg,0.5,3.141592653589793,3.141592653589793
65758278-e2b5-4022-b8b0-d09f0a7eddee.jpg,0.5,3.141592653589793,3.141592653589793
ab4d7cf9-209e-42b7-8304-ac0c770d081c.jpg,0.5,3.141592653589793,3.141592653589793
014141be-b04c-482d-b836-4b67b9fdfe10.jpg,0.5,3.141592653589793,3.141592653589793
6e277c91-4a13-4190-8550-e78844111110.jpg,0.5,3.141592653589793,3.141592653589793
42f2f2b1-302d-40b7-8adb-9b95bdced750.jpg,0.5,3.141592653589793,3.141592653589793
3c98234a-f669-4b30-8551-4cca4b203857.jpg,0.5,3.141592653589793,3.141592653589793
74a602cd-463d-4b5c-81dd-2f2ed14af3e6.jpg,0.5,3.141592653589793,3.141592653589793
5c544571-5c1d-4c36-baae-4251f78a7e68.jpg,0.5,3.141592653589793,3.141592653589793
d163db48-bb81-4b8a-8bde-d5d898b595b5.jpg,0.5,3.141592653589793,3.141592653589793
e0a2ece0-303a-4937-b826-1fa84b87a07c.jpg,0.5,3.141592653589793,3.141592653589793
9aa34122-c631-4faf-aa4a-c8e15baf76f0.jpg,0.5,3.141592653589793,3.141592653589793
a1d0d2fb-6100-402d-bd4a-dfa51cabea0b.jpg,0.5,3.141592653589793,3.141592653589793
8dd23ec4-3c28-4ebc-9606-6e095bdcbfe8.jpg,0.5,3.141592653589793,3.141592653589793
75e34276-eecb-4438-8681-68244f8cf41b.jpg,0.5,3.141592653589793,3.141592653589793
f713c4cc-d6d1-4925-b6b6-8cf6d2ad6aab.jpg,0.5,3.141592653589793,3.141592653589793
36c9ed33-c8d7-4773-8f4b-45259050da64.jpg,0.5,3.141592653589793,3.141592653589793
c0a3676f-8b0c-4534-b7cb-bd425085565a.jpg,0.5,3.141592653589793,3.141592653589793
fcfe7ad0-8991-4e2d-803b-fb9e673315a3.jpg,0.5,3.141592653589793,3.141592653589793
99f01155-dc07-4761-861c-21dfa13dd6f9.jpg,0.5,3.141592653589793,3.141592653589793
8378ffe0-dce3-4251-83f6-c7cb5d26767d.jpg,0.5,3.141592653589793,3.141592653589793
d8647b72-3b15-45dd-8036-0c0dea918f52.jpg,0.5,3.141592653589793,3.141592653589793
f3c08c42-3c6f-4fed-bc03-56d02a505084.jpg,0.5,3.141592653589793,3.141592653589793
9cadc2e4-06a4-4269-9b37-a114a5252f29.jpg,0.5,3.141592653589793,3.141592653589793
85f950a5-0164-4690-ab6b-b6d68174730e.jpg,0.5,3.141592653589793,3.141592653589793
dae9d095-c6ed-4975-b6d9-9eac7ce8c198.jpg,0.5,3.141592653589793,3.141592653589793
12d07ed3-769a-4163-9ed9-d9ad67b65c84.jpg,0.5,3.141592653589793,3.141592653589793
847a8314-0e2b-4cac-95dc-9492986339a9.jpg,0.45940657339334623,2.886536631966793,2.886536631966793
67bd93e3-4311-4bdc-b6ac-af9997cbef3a.jpg,0.4350365842941304,2.7334154745224737,2.7334154745224737
520f6086-fc98-47c2-bb50-dd27f67698dd.jpg,0.44994244867554795,2.827071782594608,2.827071782594608
31f650cb-8f15-4ba4-98f6-e804a381103d.jpg,0.4470450901151049,2.808867141858001,2.808867141858001
257e484f-cb7a-4c96-9ca9-9e24ead83778.jpg,0.43516774893570487,2.734239606271236,2.734239606271236
ddb75f6b-d5e4-497f-a0b9-24dcce8ac835.jpg,0.45027078625503253,2.8291347884498204,2.8291347884498204
c72a3d11-8021-481e-95a8-05e5989db534.jpg,0.4539097550362103,2.8519991036290016,2.8519991036290016
496ce70d-c480-4e67-b74a-5d220f36b221.jpg,0.45647178483635026,2.868096811625797,2.868096811625797
c9447433-02e8-4bcb-ab75-44b96f694a3d.jpg,0.44877981530852956,2.819766741705321,2.819766741705321
0679a428-a020-49ff-9530-296088ea517c.jpg,0.4426265057491305,2.781104357491177,2.781104357491177
4e6aee32-aa46-491b-b8bc-30b4d2e278c1.jpg,0.38891555968734315,2.44362853036104,2.44362853036104
ee636f51-61e9-43d6-a2eb-6aa1f49f85e6.jpg,0.37875079394333744,2.379761423587381,2.379761423587381
7b230fba-5cd5-43ba-966d-f2560aad793a.jpg,0.35483388812706107,2.229487072369355,2.229487072369355
d6207b64-3011-4cc6-946f-4237e6e71286.jpg,0.2956978114720232,1.8579241444061754,1.8579241444061754
5a81a146-c5eb-40d9-a519-821787b89cfc.jpg,0.2504887048455717,1.5738669499001399,1.5738669499001399
98a08615-3191-44ea-9b01-6dbef758c38d.jpg,0.23972381575393475,1.506229156926149,1.506229156926149
de40d928-d54a-466e-ab97-5b2e7fe998bf.jpg,0.2523429610310538,1.585517585120508,1.585517585120508
61be57d4-fd00-479a-9f8e-55a129854b3e.jpg,0.2508585002352864,1.5761904428594582,1.5761904428594582
60405cb4-159a-4cad-9a00-23566699093d.jpg,0.2512393823017459,1.5785835954632048,1.5785835954632048
f121e1f6-e12b-41c3-ad70-91f4baff3167.jpg,0.25172612454673926,1.5816418871853306,1.5816418871853306
8df7eac6-0e22-4811-b1d0-b33fa3b44714.jpg,0.26831548335511396,1.685875902705641,1.685875902705641
deee151f-cf13-4260-9c50-e79523f5b034.jpg,0.27377095110173905,1.7201536174950278,1.7201536174950278
69b0da17-adeb-4ad2-8a38-ae2f78859906.jpg,0.26130343750563256,1.6418179192509097,1.6418179192509097
75dbf771-3dfb-4e46-97ed-c8526ae50353.jpg,0.2669380204980196,1.6772210483207601,1.6772210483207601
3c6cc35d-e834-4116-8482-28d211d10f58.jpg,0.2620098276600881,1.6462562994905212,1.6462562994905212
8847b837-1aca-4d1a-bd1d-a21e60edad3c.jpg,0.27063397448200666,1.7004434120889593,1.7004434120889593
49a0955f-7ddf-4c4f-9776-a4498953577f.jpg,0.2678133368715557,1.6827208232980955,1.6827208232980955
2d71e7e4-2ef2-4dbd-8716-fefd74dc0558.jpg,0.2582132407212591,1.6224016402190409,1.6224016402190409
1f241088-e1dc-444b-a986-f89838a16c74.jpg,0.2724768963504281,1.7120228316949049,1.7120228316949049
1fcd3bd8-0c13-452c-b123-d5f0f4122a45.jpg,0.27271689868873883,1.7135308108606675,1.7135308108606675
f9e8ed43-aa09-40b2-9e68-2023a0878c8f.jpg,0.2579680052052163,1.620860780027842,1.620860780027842
cea4a273-11c1-4a3d-85d5-73613ce3e57a.jpg,0.26380432254772856,1.6575314434023525,1.6575314434023525
a8dab7ab-6f29-4129-9610-15b88902da96.jpg,0.2714846541555608,1.7057883901149509,1.7057883901149509
edc8077d-1a31-4999-a627-88102b82dac3.jpg,0.257261836108262,1.6164237887334745,1.6164237887334745
3604913c-7f48-467e-9af2-1f47151e5956.jpg,0.2704670277161943,1.6993944546229258,1.6993944546229258
5114acc7-0d79-4ccb-88f3-83d5e18d533c.jpg,0.2673532236226696,1.679829846493056,1.679829846493056
eee7ce6c-b0c6-4eff-b999-870c40493ff1.jpg,0.25982872983944466,1.6325520577103327,1.6325520577103327
3da9d73c-2f0c-4cc5-b652-3d0662a6d717.jpg,0.2637636502356943,1.6572758917289698,1.6572758917289698
45e4e248-dd94-4303-97f3-c6974e8f7608.jpg,0.25869101832382646,1.6254036054315915,1.6254036054315915
14414570-5dfe-4875-98fe-f91a6cce8ef4.jpg,0.2599157889042088,1.6330990659469156,1.6330990659469156
ac88ff18-19d6-4f1a-b785-068943290ec9.jpg,0.2688929722190989,1.689504372250891,1.689504372250891
5ca9cd61-1e68-4bc1-81d1-56aa8e046378.jpg,0.2677735315785386,1.6824707192658628,1.6824707192658628
b4fa08dd-c4a4-4299-ba00-4b86ade9db82.jpg,0.26375846933083863,1.6572433391437027,1.6572433391437027
b7fac3f2-6bd3-4c10-8dac-f622cb5e5608.jpg,0.2700469066417332,1.6967547560606355,1.6967547560606355
c63dbb7c-d199-4a2b-a817-061b5bef1c01.jpg,0.2701551110219994,1.6974346242328966,1.6974346242328966
b930ffff-89ee-4b0d-8fe1-38ee23c3ee85.jpg,0.2690980507953838,1.6907929189482214,1.6907929189482214
f3e1086f-15cb-4a0e-a1b7-4ef325395a3b.jpg,0.2690917818697613,1.6907535301268584,1.6907535301268584
92f9ff9e-5ae1-4bd8-b107-cf8ef698a92d.jpg,0.2673226016492632,1.6796374429596719,1.6796374429596719
f5ceec4e-5bc7-43b3-b363-1cc4abd364b2.jpg,0.2649779830407676,1.6649057697678324,1.6649057697678324
46fe57d9-7d4d-409c-9f42-121e6828136e.jpg,0.27150796008406913,1.7059348255825248,1.7059348255825248
9766e601-760d-4d19-b2e7-bdb0f0af88d6.jpg,0.2661397886448807,1.672205609669395,1.672205609669395
71a79944-6703-45ef-98dd-a1bcd4bb0ff3.jpg,0.26740505466482745,1.6801555105355979,1.6801555105355979
c14d6df5-1f92-44a4-b3b0-ee0d4a8ae8b6.jpg,0.2705306162822801,1.6997939933670607,1.6997939933670607
4b5cc9c5-e898-43cd-bbda-0b7b718db2d8.jpg,0.2765610789197414,1.7376845076062533,1.7376845076062533
5d61faba-73ea-423c-8b46-e263c4438d81.jpg,0.27395515341735305,1.721310994778042,1.721310994778042
336041fd-15aa-485a-819d-ed47e49a775d.jpg,0.2740991137452155,1.7222155241948842,1.7222155241948842
bf19c356-3fea-4a43-b47a-a8276380bf3d.jpg,0.2669611364551492,1.677366290162958,1.677366290162958
8ec29a80-f698-42ab-b823-43b66db8d31c.jpg,0.26948304333061923,1.6932118983889866,1.6932118983889866
c3955171-d758-4f6f-9800-72a002565eda.jpg,0.26317271076258103,1.653562909514072,1.653562909514072
e7a7a5c3-035b-454c-aaf7-5acc54926a2d.jpg,0.27215709950540473,1.7100134888569716,1.7100134888569716
dc8108ee-225f-44ec-91ad-058685f2fe49.jpg,0.26791830728785787,1.683380371875494,1.683380371875494
9f1cca9d-e9e3-4411-a000-d8c9a94a420d.jpg,0.2742554165183434,1.7231976034824728,1.7231976034824728
00ebcaaf-70f4-4e89-bbe4-87370adf63ac.jpg,0.27234273800340414,1.7111798899400483,1.7111798899400483
29c0042b-6905-49e1-9399-ce2657f79e3b.jpg,0.27673771339589975,1.7387943347515926,1.7387943347515926
b5ed825d-f6e3-41a6-b4a9-30fdc2879196.jpg,0.2661710878975842,1.6724022686741074,1.6724022686741074
27848958-61e2-43be-9be6-f768582aa0d9.jpg,0.26238499733322534,1.6486135600684764,1.6486135600684764
07cf2af4-4156-4459-b0b2-46dbc015fcc7.jpg,0.22823086733795014,1.4340168323026616,1.4340168323026616
82dea1a9-a11e-46da-9e47-6a1296c2ddea.jpg,0.15039059297778304,0.9449319641360319,0.9449319641360319
b24b7c53-f1ed-4c85-a755-733d0ba77eef.jpg,0.060105171688077934,0.3776519316360377,0.3776519316360377
12bf00ed-ce6f-4a35-88f9-42fc20c1abf9.jpg,0.04014067362394624,0.2522112907342702,0.2522112907342702
c7fdbc6c-7fea-4b80-baee-91da34aa3f9c.jpg,0.025450273441676344,0.15990878415244364,0.15990878415244364
65b8ef85-21f9-45e5-9425-fc41eaa7fa8d.jpg,0.027346543923537445,0.17182340298251167,0.17182340298251167
d7fa4606-a278-47be-96a8-e7eee9c1bba0.jpg,0.021165374618133573,0.13298597082160862,0.13298597082160862
0b2bc7e4-788f-4ef1-a631-0b1b4be2b1ac.jpg,0.018506324197838372,0.1162786642897601,0.1162786642897601
e8a51950-7aea-4d1e-8618-48b6de785748.jpg,0.009498616066153837,0.05968156490539775,0.05968156490539775
a01088d0-9c0e-4dbf-b793-728ac137a8f4.jpg,0.015844913296819325,0.09955652642010963,0.09955652642010963
8b46cec2-1fc8-471c-b0bd-e843996fe291.jpg,0.01416226298369923,0.08898412269559233,0.08898412269559233
d4821dd8-48c5-4246-b4a1-73180c0c2a99.jpg,0.023375725906451164,0.14687401756007118,0.14687401756007118
cac752f3-9325-4f74-88ce-40b95a91f1a5.jpg,0.02227822198288413,0.1399781970329428,0.1399781970329428
892f1622-a79a-4c29-865b-b93ac7bee7af.jpg,0.038813922150017215,0.24387506536700046,0.24387506536700046
bec73f6d-75db-4dea-814a-98ec4c13aca6.jpg,0.026421123344187628,0.16600881399537928,0.16600881399537928
067d812b-c653-4c3d-a32c-d01ed3ca713b.jpg,0.031846926828625145,0.2001001427284409,0.2001001427284409
8564a9da-86d0-4da4-9091-2629b7ac108e.jpg,0.03616718967739351,0.2272451547829761,0.2272451547829761
81e89c38-ef74-4361-b137-7c46bcabf67d.jpg,0.04052412102990269,0.2546205618414519,0.2546205618414519
4dceba67-4da8-4068-8a00-d8cebf75c6d3.jpg,0.03297363385588558,0.20717945176761965,0.20717945176761965
fc2baef1-f8ca-445d-9a57-d44927097960.jpg,0.029832470261687925,0.1874429388251095,0.1874429388251095
41855d7f-7a96-4dbd-9252-5601501fad4f.jpg,0.04656305162452763,0.2925642818246766,0.2925642818246766
29de5394-3b97-403e-ac81-d93039cf7607.jpg,0.03484972539111674,0.21896728253670808,0.21896728253670808
38177909-518b-4749-80c1-8f8112e0427d.jpg,0.03967017002928748,0.24925502946133507,0.24925502946133507
8179bb4a-426d-4026-9fd3-26a74c643d8f.jpg,0.04189965771902966,0.26326331375606093,0.26326331375606093
7ce8444d-db5c-4658-8d8f-e8d187d8e019.jpg,0.0353252877662169,0.22195532906458482,0.22195532906458482
4cb44c0d-d3ad-4d22-aa78-a93cb923dcf2.jpg,0.034940588360903295,0.21953819141343764,0.21953819141343764
0a2680cf-5258-4a37-9100-efdb52bc5853.jpg,0.034635952714377284,0.21762410919514225,0.21762410919514225
fa90ed97-2336-4083-8338-46d98ede03b9.jpg,0.04052529120110337,0.2546279142439469,0.2546279142439469
c4ca0db8-8887-4386-8045-6c3219c86ed0.jpg,0.0361595973096009,0.2271974505292149,0.2271974505292149
b9709295-37c5-46fa-ad42-248bec84d81a.jpg,0.036756787595397425,0.23094970775852197,0.23094970775852197
bbd8080c-f381-4df1-a207-6e8a9aff5923.jpg,0.04327244851236496,0.2718888126985767,0.2718888126985767
5f529977-9552-4309-b51f-d0f1e5fe2853.jpg,0.04066737166858994,0.25552063214969567,0.25552063214969567
e8544e3c-4425-4736-975d-431e30204448.jpg,0.034590129183608334,0.2173361914598917,0.2173361914598917
c2792fa8-589c-4484-af4d-a32a7251b886.jpg,0.03528500514575057,0.2217022258955361,0.2217022258955361
50c9031c-c117-4426-b348-2fe15ea9b198.jpg,0.03439062791587159,0.21608268802568448,0.21608268802568448
d9fc54ea-7f20-4a2b-a6a7-9609a1eea802.jpg,0.03723421798028166,0.2339494913380277,0.2339494913380277
ca897ad7-b8a4-44e3-aa27-bccce6431f93.jpg,0.030039473978433942,0.18874358153669965,0.18874358153669965
a8eb97db-940f-404c-97c6-28badadc8391.jpg,0.03715609381687356,0.23345862274236626,0.23345862274236626
1fd1ced8-f7a2-45ab-acd3-33eefbc55663.jpg,0.03177838404300803,0.19966947570493826,0.19966947570493826
16ecf76b-79ad-485f-b00d-882dc77ca75c.jpg,0.030961357566918566,0.19453594695479623,0.19453594695479623
222e8e21-2cc8-4808-bc49-c4c6bb773af9.jpg,0.027156024783615743,0.17062633592181914,0.17062633592181914
23c8901a-e47d-43be-a975-fbfaf80bcb46.jpg,0.039038579879151304,0.2452866315098401,0.2452866315098401
23f7f3fd-d955-4a1a-906c-418a4217c186.jpg,0.03616084434393355,0.22720528587701133,0.22720528587701133
3640c780-ed65-40bf-8dc5-c4bab60d7b16.jpg,0.030190642250814317,0.18969339980463176,0.18969339980463176
64133c50-b75d-4440-8223-eb4dc17fd371.jpg,0.027718161064363603,0.17415834234164668,0.17415834234164668
6d27fff0-45db-498a-93a8-74c1ead2c2ae.jpg,0.0321843398917652,0.20222017152921296,0.20222017152921296
bb582ead-775a-4f9e-8d56-4fdba5daa5dc.jpg,0.02997063054469136,0.18831102548531248,0.18831102548531248
e7d3840b-4116-4c25-abe0-f33d482f66be.jpg,0.03385360044263393,0.21270844489628582,0.21270844489628582
77dd27de-499b-420a-810c-e7e92bfe6f14.jpg,0.02958666078740679,0.18589847234794074,0.18589847234794074
e38f08e3-4f53-4b45-ad07-f21e27a1f166.jpg,0.0252245644837414,0.158490612944248,0.158490612944248
3f698e33-eb3e-44f9-b044-7b69cc1ec693.jpg,0.03436673783963561,0.2159325822496912,0.2159325822496912
9828481b-55df-4da9-920a-ccbcd24abbdf.jpg,0.022286771960082587,0.14003191812405288,0.14003191812405288
3e4c3f3b-dd4a-413b-9f39-02cf36cb6ed9.jpg,0.03429438233178113,0.2154779591858464,0.2154779591858464
aaa725c4-e7d7-4533-b0a5-7a619ed4dcdf.jpg,0.023104673087410335,0.14517094247000423,0.14517094247000423
3e5de6fb-aa5c-4401-9016-682ca01eccf6.jpg,0.0304000574779939,0.19100919448314618,0.19100919448314618
3bc5abbf-2aaf-475b-868f-9ef9830d5f34.jpg,0.028643447964362686,0.17997209139664666,0.17997209139664666
7c8bd0aa-ee45-48d2-bd0e-96752432f950.jpg,0.028761618078716463,0.18071457612290204,0.18071457612290204
5dc7dbdf-3e45-4f34-ad83-0e5348863358.jpg,0.03481015325801972,0.2187186434914591,0.2187186434914591
24fcba8d-bcf9-488f-85d0-4b0c6eca4605.jpg,0.023302974662324224,0.14641690801189375,0.14641690801189375
3171c024-6465-4cdc-924a-77d72cc2ea51.jpg,0.024703305528748217,0.15521544633699905,0.15521544633699905
600bc8be-62aa-4ab0-97c0-893608f8a9fb.jpg,0.02114404875056985,0.13285197644386937,0.13285197644386937
a400f69e-0d2d-4ab7-9f39-dc77f22199c5.jpg,0.02188127118456284,0.13748408160925732,0.13748408160925732
53e9fe94-8f8d-4da3-b706-01cd0aaf6bba.jpg,0.02063254587621225,0.12963810909912557,0.12963810909912557
48c41580-9a35-4942-98a4-f004af472c29.jpg,0.017344368466953305,0.10897788111386993,0.10897788111386993
aeaa8a35-a1bd-4ae7-be79-8ef94252b216.jpg,0.013977098144695903,0.08782069769976035,0.08782069769976035
25736cb4-1397-4c91-bc61-ff309a44e65b.jpg,0.00894183456578194,0.05618320356295164,0.05618320356295164
cac0387b-897d-4f4b-b7f8-0565207dd4df.jpg,0.02082749439575093,0.13086300677274743,0.13086300677274743
ab7e8a5a-f876-4c86-ac80-54c877e1cd70.jpg,0.006428631563297759,0.040392283383783416,0.040392283383783416
b3491967-68a2-4bae-931a-c7dd8671e5a9.jpg,0.014616196115940595,0.09183626868253328,0.09183626868253328
c920a6e5-eaf9-426e-b3b0-11182e11f3bf.jpg,0.012088461835760842,0.0759540457928537,0.0759540457928537
80d9c58b-050a-43ab-a10c-da4bc8acd1b2.jpg,0.008371243713734728,0.052598075504957514,0.052598075504957514
65e8a798-b69a-40bc-bcb5-e353a6c39fcd.jpg,0.005207949669950306,0.03272251284676254,0.03272251284676254
7dab6837-c62d-4137-a3a9-d3f29e4889d7.jpg,0.009661883877776037,0.06070740682051772,0.06070740682051772
da2758d9-6a2e-4c46-9b79-d9e8c59643d2.jpg,0.011084687671606972,0.06964714671291562,0.06964714671291562
6fe64b24-beed-4e0b-8b62-d34ae076f297.jpg,0.01592815781040572,0.10007956712477899,0.10007956712477899
6b7f0cdd-fb6f-4040-a051-2f38cef38927.jpg,0.011383124501719112,0.07152228061899747,0.07152228061899747
6de17ad9-e70a-4bad-ab39-a11f26cb4678.jpg,0.01331839954797742,0.08368197235499897,0.08368197235499897
08d15b31-f59c-476c-9672-8c2a40a627b2.jpg,0.004909028390770453,0.030844335057416357,0.030844335057416357
6fc43b4d-eece-470c-b773-1187a25fdde4.jpg,0.010583664214200057,0.06649912348678418,0.06649912348678418
01923ed5-60a7-4748-9dc9-13700a775c71.jpg,0.01187116140213847,0.07458870690107385,0.07458870690107385
9a7cb28c-dada-4dcb-a718-d86347a2c801.jpg,0.016782550037479634,0.10544787181249825,0.10544787181249825
2467407f-abc7-41d3-80bd-83d537a20aa1.jpg,0.010425387458159276,0.0655046412987607,0.0655046412987607
2b8c40f3-3489-4ed4-830e-89d74a6fd245.jpg,0.012891147881413654,0.08099747096117753,0.08099747096117753
